Change_date;Ticker_added;added;ticker_removed;removed
December 18, 2023;UBER;Uber;SEE;Sealed Air
December 18, 2023;JBL;Jabil;ALK;Alaska Air Group
December 18, 2023;BLDR;Builders FirstSource;SEDG;SolarEdge
October 18, 2023;HUBB;Hubbell;OGN;Organon & Co.
October 3, 2023;N/A;N/A;DXC;DXC Technology
September 18, 2023;BX;Blackstone;LNC;Lincoln National Corporation
September 18, 2023;ABNB;Airbnb;NWL;Newell Brands
June 20, 2023;PANW;Palo Alto Networks;DISH;Dish Network
March 20, 2023;FICO;Fair Isaac;LUMN;Lumen Technologies
January 5, 2023;N/A;N/A;VNO;Vornado Realty Trust
December 19, 2022;FSLR;First Solar;FBHS;Fortune Brands Home & Security
December 19, 2022;N/A;N/A;MBC;MasterBrand
September 19, 2022;CSGP;CoStar Group;PVH;PVH
September 19, 2022;INVH;Invitation Homes;PENN;Penn Entertainment
June 21, 2022;N/A;N/A;UA;Under Armour (Class C)
June 21, 2022;KDP;Keurig Dr Pepper;UAA;Under Armour (Class A)
June 21, 2022;ON;ON Semiconductor;IPGP;IPG Photonics
February 3, 2022;N/A;N/A;GPS;Gap
December 20, 2021;SBNY;Signature Bank;LEG;Leggett & Platt
December 20, 2021;SEDG;SolarEdge;HBI;Hanesbrands
December 20, 2021;FDS;FactSet;WU;Western Union
September 20, 2021;MTCH;Match Group;PRGO;Perrigo
September 20, 2021;CDAY;Ceridian;UNM;Unum
September 20, 2021;BRO;Brown & Brown;NOV;Nov
June 4, 2021;N/A;N/A;HFC;HollyFrontier
March 22, 2021;NXPI;NXP;FLS;Flowserve
March 22, 2021;PENN;Penn National Gaming;SLG;SL Green Realty
March 22, 2021;GNRC;Generac Holdings;XRX;Xerox
March 22, 2021;CZR;Caesars Entertainment;VNT;Vontier
September 21, 2020;ETSY;Etsy;HRB;H&R Block
September 21, 2020;TER;Teradyne;COTY;Coty
September 21, 2020;CTLT;Catalent;KSS;Kohl's
June 22, 2020;BIO;Bio-Rad Laboratories;ADS;Alliance Data Systems
June 22, 2020;TDY;Teledyne;HOG;Harley-Davidson
June 22, 2020;TYL;Tyler Technologies;JWN;Nordstrom
May 22, 2020;WST;West Pharmaceutical Services;HP;Helmerich & Payne
May 12, 2020;DPZ;Domino's Pizza;CPRI;Capri Holdings
April 6, 2020;N/A;N/A;M;Macy's
December 23, 2019;LYV;Live Nation Entertainment;AMG;Affiliated Managers Group
December 23, 2019;ZBRA;Zebra Technologies;TRIP;TripAdvisor
December 23, 2019;STE;Steris;MAC;Macerich
October 3, 2019;LVS;Las Vegas Sands;NKTR;Nektar Therapeutics
August 9, 2019;IEX;IDEX Corporation;FL;Foot Locker
December 3, 2018;FANG;Diamondback Energy;SRCL;Stericycle
June 18, 2018;BR;Broadridge Financial Solutions;RRC;Range Resources
June 18, 2018;HFC;HollyFrontier;AYI;Acuity Brands
March 19, 2018;TTWO;Take-Two Interactive;SIG;Signet Jewelers
March 19, 2018;SIVB;SVB Financial Group;PDCO;Patterson Companies
March 19, 2018;NKTR;Nektar Therapeutics;CHK;Chesapeake Energy
July 26, 2017;DRE;Duke Realty Corp;RIG;Transocean
July 26, 2017;AOS;A. O. Smith;BBBY;Bed Bath & Beyond
July 26, 2017;PKG;Packaging Corporation of America;MUR;Murphy Oil
July 26, 2017;RMD;ResMed;MNK;Mallinckrodt
June 19, 2017;ALGN;Align Technology;TDC;Teradata
June 19, 2017;ANSS;Ansys;R;Ryder System
March 20, 2017;AMD;Advanced Micro Devices;URBN;Urban Outfitters
March 20, 2017;RJF;Raymond James Financial;FTR;Frontier Communications
March 20, 2017;ARE;Alexandria Real Estate Equities;FSLR;First Solar
December 2, 2016;MAA;Mid-America Apartments;OI;Owens-Illinois
December 2, 2016;EVHC;Envision Healthcare;LM;Legg Mason
October 7, 2015;VRSK;Verisk Analytics;JOY;Joy Global
April 7, 2015;O;Realty Income Corporation;WIN;Windstream Communications
March 23, 2015;EQIX;Equinix;DNR;Denbury Resources
March 23, 2015;SLG;SL Green Realty;NBR;Nabors Industries
March 23, 2015;HBI;Hanesbrands;AVP;Avon Products
December 5, 2014;RCL;Royal Caribbean Cruises;BMS;Bemis Company
November 5, 2014;LVLT;Level 3 Communications;JBL;Jabil Circuit
September 20, 2014;URI;United Rentals;BTU;Peabody Energy
September 20, 2014;UHS;Universal Health Services;GHC;Graham Holdings
August 18, 2014;MNK;Mallinckrodt;RDC;Rowan Companies
July 2, 2014;MLM;Martin Marietta;X;United States Steel
June 20, 2014;XEC;Cimarex Energy;IGT;International Game Technology
April 2, 2014;ESS;Essex Property Trust;CLF;Cliffs Natural Resources
March 21, 2014;GMCR;Keurig Green Mountain;WPX;WPX Energy
December 23, 2013;ADS;Alliance Data Systems;ANF;Abercrombie & Fitch
December 23, 2013;MHK;Mohawk Industries;JDSU;JDS Uniphase
December 23, 2013;FB;Facebook;TER;Teradyne
September 20, 2013;VRTX;Vertex Pharmaceuticals;AMD;Advanced Micro Devices
September 20, 2013;AME;Ametek;SAI;SAIC
February 15, 2013;PVH;PVH;BIG;Big Lots
December 11, 2012;GRMN;Garmin;RRD;RR Donnelley
December 31, 2011;WPX;WPX Energy;CPWR;Compuware
December 16, 2011;BWA;BorgWarner;AKS;AK Steel
December 16, 2011;PRGO;Perrigo;MWW;Monster Worldwide
December 16, 2011;DLTR;Dollar Tree;WFR;MEMC Electronic Materials
October 31, 2011;XYL;Xylem;ITT;ITT
October 14, 2011;TEL;TE Connectivity;CEPH;Cephalon
September 23, 2011;MOS;The Mosaic Company;NSM;National Semiconductor
July 5, 2011;ACN;Accenture;MI;Marshall & Ilsley
June 30, 2011;MPC;Marathon Oil;RSH;RadioShack
June 1, 2011;ANR;Alpha Natural Resources;MEE;Massey Energy
April 27, 2011;CMG;Chipotle Mexican Grill;NOVL;Novell
April 1, 2011;BLK;BlackRock;GENZ;Genzyme
March 31, 2011;EW;Edwards Lifesciences;Q;Qwest Communications
February 28, 2011;COV;Covidien;MFE;McAfee
February 25, 2011;JOYG;Joy Global;AYE;Allegheny Energy
December 17, 2010;CVC;Cablevision;KG;King Pharmaceuticals
December 17, 2010;FFIV;F5 Networks;EK;Eastman Kodak
December 17, 2010;NFLX;Netflix;ODP;Office Depot
December 17, 2010;NFX;Newfield Exploration;NYT;The New York Times Company
November 17, 2010;IR;Ingersoll-Rand;PTV;Pactiv
August 26, 2010;TYC;Tyco International;SII;Smith International
July 14, 2010;CB;Chubb;MIL;Millipore
June 30, 2010;QEP;QEP Resources;STR;Questar
June 28, 2010;KMX;CarMax;XTO;XTO Energy
April 29, 2010;CERN;Cerner;BJS;BJ Services
February 26, 2010;HP;Helmerich & Payne;RX;IMS Health
December 18, 2009;V;Visa;CIEN;Ciena
December 18, 2009;MJN;Mead Johnson Nutrition;DYN;Dynegy
December 18, 2009;CLF;Cliffs Natural Resources;KBH;KB Home
December 18, 2009;SAI;SAIC;CVG;Convergys
December 18, 2009;ROST;Ross Stores;MBI;MBIA
November 3, 2009;PCLN;Priceline.com;SGP;Schering-Plough
September 28, 2009;ARG;Airgas;CBE;Cooper Industries
August 19, 2009;FMC;FMC Corporation;CTX;Centex Corp.
June 29, 2009;PCS;MetroPCS;;
June 25, 2009;N/A;N/A;TEL;TE Connectivity
June 5, 2009;FTI;FMC Technologies;COV;Covidien
March 3, 2009;HRL;Hormel Foods;ACAS;American Capital
March 3, 2009;VTR;Ventas;JNY;Jones Apparel Group
December 31, 2008;OI;Owens-Illinois;WB;Wachovia Bank
September 16, 2008;HRS;Harris Corporation;LEH;Lehman Brothers
September 12, 2008;CRM;Salesforce;FRE;Freddie Mac
September 12, 2008;FAST;Fastenal;FNM;Fannie Mae
July 1, 2008;AKS;AK Steel;CFC;Countrywide Financial Corp
June 23, 2008;COG;Cabot Oil & Gas;BC;Brunswick
June 23, 2008;MEE;Massey Energy;OMX;OfficeMax
June 10, 2008;LO;Lorillard Tobacco Company;ABK;Ambac Financial
December 20, 2007;RRC;Range Resources;TRB;Tribune Media
December 13, 2007;GME;GameStop;DJ;Dow Jones
October 26, 2007;JEC;Jacobs Engineering Group;AV;Avaya
October 2, 2007;EXPE;Expedia;SLR;Solectron
October 1, 2007;TDC;Teradata;NCR;NCR Corporation
September 27, 2007;TSO;Tesoro Corporation;MXIM;Maxim Integrated Products
September 26, 2007;ICE;Intercontinental Exchange;FDC;First Data
August 24, 2007;LUK;Leucadia National;KSE;KeySpan
July 2, 2007;DFS;Discover Financial Services;;
March 30, 2007;KFT;Kraft Foods;TSG;Sabre Corporation
January 10, 2007;AVB;AvalonBay Communities;SBL;Symbol Technologies
June 2, 2006;JNPR;Juniper Networks;ABS;Albertsons
November 18, 2005;AMZN;Amazon;T;AT&T Corporation
July 1, 2005;STZ;Constellation Brands;GLK;Great Lakes Chemical
September 25, 2003;ESRX;Express Scripts;QTRN;Quintiles Transnational
December 5, 2000;INTU;Intuit;BS;Bethlehem Steel
December 5, 2000;SBL;Symbol Technologies;OI;Owens-Illinois
December 5, 2000;AYE;Allegheny Energy;GRA;WR Grace
December 5, 2000;ABK;Ambac Financial;CCK;Crown Holdings
July 27, 2000;JDSU;JDS Uniphase;RAD;RiteAid
June 12, 2000;CVG;Convergys;TMC;Times Mirror
June 7, 2000;SBUX;Starbucks;SMS;Shared Medical Systems
December 7, 1999;YHOO;Yahoo!;LDW;Laidlaw
June 9, 1999;WLP;Wellpoint;HPH;Harnischfeger Industries
December 11, 1998;FSR;Firstar;LDW;Amoco
December 11, 1998;CCL;Carnival Corp.;GRN;General Re
December 11, 1998;CPWR;Compuware;SUN;SunAmerica
June 17, 1997;CCI;Countrywide Credit Industries;USL;USLife
