Date;Mkt-RF;SMB;HML;RF;rendimientos apple ;% Fundflows
 ene-2008;-6,36;-1,03;3,97;2,10%;-38,10%;-6,05%
 feb-2008;-3,09;-0,43;-0,84;1,30%;-7,97%;-18,24%
 mar-2008;-0,93;0,71;0,3;1,70%;13,80%;16,21%
 abr-2008;4,6;-1,72;-0,94;1,80%;19,30%;-9,05%
 may-2008;1,86;2,96;-1,43;1,80%;8,19%;-2,11%
 jun-2008;-8,44;1,23;-2,71;1,70%;-11,96%;5,72%
 jul-2008;-0,77;2,61;5,42;1,50%;-5,15%;4,61%
 ago-2008;1,53;3,6;1,59;1,30%;6,31%;4,45%
 sep-2008;-9,24;-1,23;5,91;1,50%;-39,89%;18,89%
 oct-2008;-17,23;-2,6;-2,3;0,80%;-5,57%;5,08%
 nov-2008;-7,86;-2,85;-6,31;0,30%;-14,85%;6,38%
 dic-2008;1,74;3,46;0,14;0,00%;-8,18%;12,11%
 ene-2009;-8,12;0,07;-11,29;0,00%;5,42%;-1,59%
 feb-2009;-10,1;0,05;-6,95;0,10%;-0,94%;-8,85%
 mar-2009;8,95;0,03;3,47;0,20%;16,17%;-5,88%
 abr-2009;10,18;5,4;5,36;0,10%;18,01%;-2,79%
 may-2009;5,21;-2,52;0,28;0,00%;7,71%;-0,48%
 jun-2009;0,43;2,63;-2,73;0,10%;4,83%;0,92%
 jul-2009;7,72;1,87;4,83;0,10%;13,75%;0,07%
 ago-2009;3,33;-1,08;7,63;0,10%;2,87%;0,80%
 sep-2009;4,08;2,43;1,05;0,10%;9,67%;-2,74%
 oct-2009;-2,59;-4,35;-4,21;0,00%;1,65%;-1,14%
 nov-2009;5,56;-2,4;-0,34;0,00%;5,91%;0,20%
 dic-2009;2,75;6,05;-0,17;0,10%;5,32%;9,27%
 ene-2010;-3,36;0,4;0,43;0,00%;-9,32%;-12,47%
 feb-2010;3,4;1,19;3,23;0,00%;6,35%;1,43%
 mar-2010;6,31;1,48;2,21;0,10%;13,78%;4,32%
 abr-2010;2;4,87;2,89;0,10%;10,51%;-2,26%
 may-2010;-7,89;0,09;-2,44;0,10%;-1,62%;1,09%
 jun-2010;-5,57;-1,82;-4,7;0,10%;-2,09%;3,04%
 jul-2010;6,93;0,2;-0,31;0,10%;2,31%;-2,04%
 ago-2010;-4,77;-3;-1,9;0,10%;-5,71%;-5,37%
 sep-2010;9,54;3,96;-3,16;0,10%;15,45%;8,81%
 oct-2010;3,88;1,14;-2,43;0,10%;5,94%;-0,11%
 nov-2010;0,6;3,77;-0,96;0,10%;3,29%;-0,98%
 dic-2010;6,82;0,73;3,7;0,10%;3,62%;7,36%
 ene-2011;1,99;-2,5;0,83;0,10%;5,08%;2,48%
 feb-2011;3,49;1,53;1,27;0,10%;3,96%;-0,52%
 mar-2011;0,46;2,54;-1,83;0,10%;-1,28%;-4,09%
 abr-2011;2,9;-0,38;-2,43;0,00%;0,40%;3,28%
 may-2011;-1,27;-0,59;-2,12;0,00%;-0,64%;-4,03%
 jun-2011;-1,75;-0,12;-0,42;0,00%;-3,52%;3,07%
 jul-2011;-2,35;-1,26;-0,9;0,00%;15,14%;2,61%
 ago-2011;-5,99;-3,05;-2,36;0,10%;-1,52%;2,06%
 sep-2011;-7,59;-3,31;-1,72;0,00%;-0,88%;-3,89%
 oct-2011;11,35;3,28;0,1;0,00%;5,98%;2,71%
 nov-2011;-0,28;-0,16;-0,46;0,00%;-5,76%;-3,28%
 dic-2011;0,74;-0,59;1,63;0,00%;5,76%;6,47%
 ene-2012;5,05;2,04;-0,97;0,00%;11,98%;1,67%
 feb-2012;4,42;-1,85;0,43;0,00%;17,26%;-2,64%
 mar-2012;3,11;-0,64;1,14;0,00%;10,01%;2,64%
 abr-2012;-0,85;-0,42;-0,78;0,00%;-2,60%;-0,78%
 may-2012;-6,19;0,07;-1,07;0,10%;-1,11%;0,02%
 jun-2012;3,89;0,67;0,62;0,00%;1,11%;2,78%
 jul-2012;0,79;-2,74;-0,02;0,00%;4,45%;2,90%
 ago-2012;2,55;0,47;1,3;0,10%;8,56%;-2,50%
 sep-2012;2,73;0,5;1,6;0,10%;0,29%;7,28%
 oct-2012;-1,76;-1,15;3,59;0,10%;-11,41%;-4,98%
 nov-2012;0,78;0,63;-0,84;0,10%;-1,71%;1,27%
 dic-2012;1,18;1,48;3,51;0,10%;-9,48%;9,34%
 ene-2013;5,57;0,33;0,96;0,00%;-15,56%;-1,08%
 feb-2013;1,29;-0,27;0,11;0,00%;-3,18%;-0,19%
 mar-2013;4,03;0,81;-0,19;0,00%;0,32%;2,61%
 abr-2013;1,55;-2,37;0,45;0,00%;0,00%;0,45%
 may-2013;2,8;1,7;2,63;0,00%;1,57%;2,29%
 jun-2013;-1,2;1,33;0,03;0,00%;-12,59%;0,03%
 jul-2013;5,65;1,87;0,57;0,00%;13,21%;7,88%
 ago-2013;-2,71;0,27;-2,69;0,00%;7,39%;-6,21%
 sep-2013;3,77;2,88;-1,22;0,00%;-2,15%;3,52%
 oct-2013;4,18;-1,53;1,25;0,00%;9,19%;4,77%
 nov-2013;3,13;1,29;0,32;0,00%;6,18%;3,09%
 dic-2013;2,81;-0,46;-0,02;0,00%;0,90%;4,66%
 ene-2014;-3,32;0,89;-2,07;0,00%;-11,40%;-7,01%
 feb-2014;4,65;0,35;-0,31;0,00%;4,96%;-4,09%
 mar-2014;0,43;-1,81;4,93;0,00%;2,00%;2,13%
 abr-2014;-0,19;-4,19;1,17;0,00%;9,45%;2,63%
 may-2014;2,06;-1,88;-0,13;0,00%;7,05%;-2,49%
 jun-2014;2,61;3,09;-0,7;0,00%;2,71%;4,10%
 jul-2014;-2,04;-4,29;0,03;0,00%;2,84%;3,97%
 ago-2014;4,24;0,4;-0,45;0,00%;6,99%;-2,56%
 sep-2014;-1,97;-3,71;-1,34;0,00%;-1,73%;6,19%
 oct-2014;2,52;4,21;-1,81;0,00%;6,94%;2,65%
 nov-2014;2,55;-2,06;-3,09;0,00%;9,63%;6,86%
 dic-2014;-0,06;2,49;2,27;0,00%;-7,47%;8,14%
 ene-2015;-3,11;-0,56;-3,58;0,00%;5,98%;-9,16%
 feb-2015;6,13;0,63;-1,86;0,00%;9,22%;0,99%
 mar-2015;-1,12;3,04;-0,37;0,00%;-3,19%;-1,79%
 abr-2015;0,59;-3,06;1,82;0,00%;0,58%;-4,76%
 may-2015;1,36;0,93;-1,14;0,00%;4,01%;0,62%
 jun-2015;-1,53;2,91;-0,79;0,00%;-3,79%;-0,23%
 jul-2015;1,54;-4,17;-4,13;0,00%;-3,34%;2,38%
 ago-2015;-6,04;0,33;2,77;0,00%;-7,32%;1,13%
 sep-2015;-3,07;-2,62;0,56;0,00%;-2,19%;2,74%
 oct-2015;7,75;-1,88;-0,46;0,00%;8,01%;0,17%
 nov-2015;0,56;3,6;-0,42;0,00%;-1,01%;1,62%
 dic-2015;-2,17;-2,84;-2,61;0,10%;-11,68%;4,90%
 ene-2016;-5,77;-3,42;2,09;0,10%;-7,86%;0,09%
 feb-2016;-0,07;0,73;-0,57;0,20%;-0,66%;-2,02%
 mar-2016;6,96;0,82;1,19;0,20%;11,99%;2,15%
 abr-2016;0,91;0,76;3,28;0,10%;-15,10%;1,06%
 may-2016;1,78;-0,17;-1,66;0,10%;6,37%;-1,32%
 jun-2016;-0,05;0,61;-1,48;0,20%;-4,38%;-0,66%
 jul-2016;3,95;2,49;-1,32;0,20%;8,61%;6,45%
 ago-2016;0,49;1,15;3,18;0,20%;1,79%;1,44%
 sep-2016;0,25;2,12;-1,24;0,20%;6,35%;0,76%
 oct-2016;-2,02;-4,4;4,09;0,20%;0,46%;1,47%
 nov-2016;4,86;5,71;8,21;0,10%;-2,71%;5,74%
 dic-2016;1,82;0,1;3,53;0,30%;4,67%;7,04%
 ene-2017;1,94;-1,19;-2,75;0,40%;4,69%;1,68%
 feb-2017;3,57;-2,05;-1,67;0,40%;12,12%;1,86%
 mar-2017;0,17;1,14;-3,35;0,30%;4,76%;3,90%
 abr-2017;1,09;0,73;-2,13;0,50%;-0,03%;0,70%
 may-2017;1,06;-2,57;-3,78;0,60%;6,16%;-0,50%
 jun-2017;0,78;2,25;1,48;0,60%;-5,88%;1,86%
 jul-2017;1,87;-1,51;-0,31;0,70%;3,20%;1,55%
 ago-2017;0,16;-1,67;-2,09;0,90%;9,78%;1,11%
 sep-2017;2,51;4,47;3,14;0,90%;-6,21%;-1,53%
 oct-2017;2,25;-1,94;0,2;0,90%;9,24%;3,70%
 nov-2017;3,12;-0,55;-0,03;0,80%;1,64%;0,76%
 dic-2017;1,06;-1,32;0,06;0,90%;-1,52%;6,12%
 ene-2018;5,57;-3,13;-1,29;1,20%;-1,07%;5,99%
 feb-2018;-3,65;0,25;-1,04;1,10%;6,18%;-2,99%
 mar-2018;-2,35;4,06;-0,21;1,10%;-5,99%;-4,79%
 abr-2018;0,28;1,13;0,54;1,40%;-1,51%;1,35%
 may-2018;2,65;5,25;-3,2;1,40%;12,31%;2,62%
 jun-2018;0,48;1,14;-2,34;1,40%;-0,95%;-0,98%
 jul-2018;3,19;-2,22;0,47;1,60%;2,75%;1,61%
 ago-2018;3,44;1,14;-3,94;1,60%;17,93%;1,08%
 sep-2018;0,06;-2,27;-1,7;1,50%;-0,83%;3,14%
 oct-2018;-7,68;-4,78;3,4;1,90%;-3,09%;1,10%
 nov-2018;1,69;-0,68;0,3;1,80%;-20,34%;2,12%
 dic-2018;-9,57;-2,38;-1,84;2,00%;-12,41%;0,63%
 ene-2019;8,4;2,9;-0,46;2,10%;5,36%;-3,40%
 feb-2019;3,4;2,05;-2,67;1,80%;3,96%;1,26%
 mar-2019;1,1;-3,05;-4,17;1,90%;9,26%;2,51%
 abr-2019;3,97;-1,74;2,15;2,10%;5,49%;2,05%
 may-2019;-6,94;-1,32;-2,37;2,10%;-13,65%;-2,02%
 jun-2019;6,93;0,29;-0,71;1,80%;12,26%;0,90%
 jul-2019;1,19;-1,93;0,48;1,90%;7,36%;2,49%
 ago-2019;-2,58;-2,38;-4,78;1,60%;-2,03%;-1,56%
 sep-2019;1,43;-0,96;6,75;1,80%;7,03%;2,30%
 oct-2019;2,06;0,29;-1,91;1,60%;10,50%;-0,78%
 nov-2019;3,87;0,77;-2,02;1,20%;7,17%;0,85%
 dic-2019;2,77;0,73;1,75;1,40%;9,42%;2,60%
 ene-2020;-0,11;-3,11;-6,25;1,30%;5,27%;0,94%
 feb-2020;-8,13;1,07;-3,81;1,20%;-12,42%;-1,33%
 mar-2020;-13,39;-4,83;-13,87;1,30%;-7,24%;1,92%
 abr-2020;13,65;2,45;-1,33;0,00%;14,45%;-1,34%
 may-2020;5,58;2,47;-4,88;0,10%;7,90%;-1,38%
 jun-2020;2,46;2,69;-2,2;0,10%;13,74%;1,59%
 jul-2020;5,77;-2,33;-1,41;0,10%;15,28%;0,03%
 ago-2020;7,63;-0,22;-2,97;0,10%;19,42%;-1,10%
 sep-2020;-3,63;0,02;-2,71;0,10%;-10,82%;1,09%
 oct-2020;-2,1;4,38;4,25;0,10%;-6,19%;-1,76%
 nov-2020;12,47;5,8;2,09;0,10%;8,95%;4,38%
 dic-2020;4,63;4,89;-1,51;0,10%;10,85%;-1,78%
 ene-2021;-0,03;7,36;3,01;0,10%;-0,55%;-1,18%
 feb-2021;2,78;2,05;7,15;0,00%;-8,46%;5,51%
 mar-2021;3,08;-2,37;7,39;0,00%;0,73%;2,80%
 abr-2021;4,93;-3,19;-0,95;0,00%;7,35%;2,31%
 may-2021;0,29;-0,25;7,09;0,00%;-5,35%;0,77%
 jun-2021;2,75;1,68;-7,87;0,00%;9,45%;1,72%
 jul-2021;1,27;-3,97;-1,78;0,00%;6,30%;0,98%
 ago-2021;2,91;-0,42;-0,15;0,00%;4,01%;1,99%
 sep-2021;-4,37;0,71;5,08;0,00%;-7,05%;2,02%
 oct-2021;6,65;-2,35;-0,49;0,00%;5,70%;3,54%
 nov-2021;-1,55;-1,32;-0,45;0,00%;9,85%;1,65%
 dic-2021;3,1;-1,67;3,26;0,10%;7,16%;4,91%
 ene-2022;-6,25;-5,94;12,75;0,00%;-1,58%;-0,80%
 feb-2022;-2,29;2,19;3,08;0,00%;-5,69%;3,60%
 mar-2022;3,05;-1,61;-1,81;0,10%;5,59%;2,95%
 abr-2022;-9,46;-1,39;6,17;0,10%;-10,22%;-4,35%
 may-2022;-0,34;-1,83;8,39;0,30%;-5,75%;2,57%
 jun-2022;-8,43;2,1;-5,97;0,60%;-8,49%;2,37%
 jul-2022;9,57;2,81;-4,05;0,80%;17,28%;1,09%
 ago-2022;-3,77;1,4;0,29;1,90%;-3,31%;1,00%
 sep-2022;-9,35;-0,81;0,05;1,90%;-12,89%;0,86%
 oct-2022;7,83;0,06;8,01;2,30%;10,40%;3,63%
 nov-2022;4,6;-3,52;1,38;2,90%;-3,52%;0,60%
 dic-2022;-6,41;-0,69;1,37;3,30%;-13,04%;0,05%
 ene-2023;6,65;5,01;-4,01;3,50%;10,48%;0,57%
 feb-2023;-2,58;1,17;-0,81;3,40%;2,14%;-1,81%
 mar-2023;2,51;-5,51;-8,85;3,60%;11,21%;0,21%
 abr-2023;0,61;-3,35;-0,04;3,50%;2,86%;0,71%
 may-2023;0,35;1,61;-7,72;3,60%;4,36%;1,04%
 jun-2023;6,46;1,54;-0,26;4,00%;9,01%;3,48%
 jul-2023;3,21;2,08;4,11;4,50%;1,27%;2,70%
 ago-2023;-2,39;-3,16;-1,06;4,50%;-4,47%;-0,33%
 sep-2023;-5,24;-2,51;1,52;4,30%;-9,29%;2,18%
 oct-2023;-3,19;-3,87;0,19;4,70%;-0,26%;1,59%
 nov-2023;8,84;-0,02;1,64;4,40%;10,64%;2,86%
 dic-2023;4,85;6,34;4,93;4,30%;1,35%;6,30%
 ene-2024;0,7;-5,07;-2,39;47,00%;-4,31%;