Column1;coefHML;coefSML;coeffundflows;coefrmrf;const;pvalorHML;pvalorSML;pvalorconst;pvalorfundflows;pvalorrmrf;r2
ACN;-0,000999613;0,000662946;0,394551459;0,010188507;-0,000918348;0,101243191;0,543752918;0,603750128;0,010318974;2,22E-39;0,639970647
MSI;0,001708512;-0,001878993;0,459346868;0,008605997;-0,001038308;0,01974338;0,151529919;0,624034146;0,012585231;1,57E-24;0,467451637
CLX;-0,002235495;-0,00265439;-0,541964231;0,003535611;-0,000324127;0,017440208;0,114437628;0,905022692;0,021558811;0,000210743;0,109088946
WYNN;0,006566302;0,006230519;-0,829971152;0,017015814;-0,003406737;7,92E-06;0,016169823;0,414023394;0,021779061;1,06E-24;0,49325153
KEYS;-0,001427888;0,003979354;0,485005979;0,008421565;-0,001716908;0,091816239;0,009233752;0,484718301;0,022889736;4,21E-19;0,438706932
AMT;-0,000487591;-0,00282871;0,449525607;0,00968563;-0,005090528;0,536152868;0,046642532;0,027346666;0,023875687;6,16E-26;0,473036007
JPM;0,007699038;0,000245263;0,297569138;0,011025129;-0,003276595;4,87E-32;0,800289455;0,038095437;0,029038871;5,80E-50;0,778142762
UHS;0,005951352;0,000348088;0,548302971;0,012151217;-0,004764613;1,53E-08;0,847554069;0,105624109;0,031239589;3,34E-25;0,519437575
META;-0,004421238;-0,000200418;-0,679349719;0,011363979;0,002238031;0,00052118;0,929097717;0,540012073;0,0319144;1,71E-16;0,342249524
TRV;0,006699149;-0,001919595;0,315201833;0,008361161;-0,001839288;2,28E-23;0,070263418;0,283193548;0,033699918;9,63E-32;0,647441806
AME;0,001440298;9,62E-05;0,271189815;0,009736881;-0,000459741;0,005036118;0,916053626;0,755972542;0,034515025;2,25E-46;0,690761299
MET;0,00978549;0,000583333;0,301048445;0,012404103;-0,002829212;7,58E-41;0,568350557;0,088842402;0,036105727;9,19E-54;0,811998844
HON;0,005162919;-0,000854515;0,305151138;0,010766979;-0,00361676;3,75E-16;0,412334533;0,033155273;0,03707451;1,15E-44;0,706630511
SWKS;-0,000725858;0,00190964;-0,415375424;0,011819016;-0,001413799;0,370076977;0,189607194;0,548320556;0,041815144;6,30E-33;0,553994115
AES;0,003605421;0,006659636;0,504457768;0,00993596;-0,003816792;0,000357441;0,000243789;0,18770888;0,044086884;3,63E-19;0,467695006
AMP;0,006359468;0,002260815;0,299965531;0,01353554;-0,000399869;1,83E-21;0,034340748;0,81633491;0,044404675;1,03E-56;0,791838083
VRSN;-0,004322201;-0,003877129;0,301527439;0,008729255;-0,002687543;2,83E-11;0,000519838;0,1327446;0,050911263;7,62E-32;0,586787819
CB;0,0065348;-0,002748632;0,319411642;0,008631842;-0,001647381;1,77E-19;0,019162134;0,383440843;0,050923108;5,63E-29;0,60564815
CNC;0,001575283;-0,003112778;0,519201003;0,009562021;-0,004211246;0,137022561;0,101961121;0,171744171;0,051273861;1,79E-16;0,335342255
AAPL;-0,003253608;-0,005057795;-0,295897879;0,011563177;0,002595343;1,93E-07;5,47E-06;0,140318116;0,051686684;2,02E-46;0,673913999
COO;-0,00153716;-0,000429969;0,378246454;0,010105916;-0,003159119;0,047491697;0,756344684;0,160544488;0,051899058;2,37E-28;0,51541346
CCI;-0,000428079;-0,003302374;0,406711053;0,008520006;-0,005564859;0,606630274;0,027875066;0,022295421;0,052288717;6,93E-20;0,38312252
MCK;0,001872359;-0,002498401;0,382674357;0,005541057;0,002944961;0,018237528;0,078399653;0,199661089;0,053906595;3,70E-11;0,252939549
COR;0,00191378;-0,001465231;0,331068095;0,005958635;0,000753749;0,005675824;0,234434674;0,705409431;0,055254986;1,70E-15;0,333406881
KHC;0,002542257;-0,000368751;-0,358568084;0,004989723;0,000965466;0,000850175;0,784549792;0,658780304;0,058261329;3,36E-10;0,227184679
UNH;0,001550231;-0,006787299;0,37030874;0,009068028;-0,000887851;0,047233268;2,32E-06;0,694738312;0,058776117;4,71E-24;0,451796374
GPC;0,005001284;-0,002851204;0,329377747;0,011982881;-0,002857737;1,88E-11;0,02456431;0,162716897;0,062550287;2,59E-40;0,656263447
AMZN;-0,007685829;-0,000714398;-0,386124343;0,009544164;0,001406081;2,73E-17;0,630048213;0,558645097;0,063570796;9,91E-24;0,543858044
ALLE;0,00371487;0,001114141;0,352466098;0,011803923;-0,005075845;2,05E-06;0,414402856;0,022560698;0,065598375;9,97E-36;0,615505626
AOS;0,002890523;0,002535824;0,337534293;0,009891451;-0,001543425;0,000108915;0,054997843;0,469308114;0,067463517;1,39E-29;0,559842298
ELV;0,003512079;-0,006169037;0,421260912;0,01047381;-0,00229514;0,000180443;0,000246083;0,39215466;0,069448079;3,47E-23;0,451694667
RTX;0,007948167;0,000853114;0,362311756;0,010852496;-0,004759416;6,04E-19;0,55469372;0,043009505;0,073665094;1,43E-29;0,616949043
L;0,007742826;0,000137927;0,239706843;0,009039654;-0,001773611;6,48E-33;0,885237649;0,252924596;0,073836427;4,84E-40;0,735628158
TSCO;-0,001499992;0,000686384;0,397937026;0,006550232;0,001778298;0,09170197;0,666263884;0,490706911;0,074693659;4,80E-12;0,277615829
MSCI;-0,005166759;-0,001437737;0,327712747;0,011942213;-0,000927419;3,64E-11;0,277867628;0,665415497;0,077479333;9,89E-38;0,642915855
AON;0,001727344;-0,00500248;0,333456484;0,009600227;-0,001896201;0,022270392;0,00026445;0,385791314;0,077832823;1,99E-27;0,489166452
WRB;0,007088595;-0,001284205;0,286169805;0,00766595;-0,001293128;1,45E-21;0,277324277;0,499298601;0,083940894;4,85E-24;0,581499094
IRM;0,004348745;0,001176895;-0,397573561;0,010878576;0,001137299;4,10E-06;0,475641441;0,670462458;0,085625136;1,36E-24;0,47325648
BAX;-0,000266819;-0,002141045;0,379579136;0,005848371;-0,006932224;0,762204756;0,177267102;0,007434462;0,087403052;3,55E-10;0,214701785
COST;-0,002512686;-0,003194785;0,290548359;0,00681268;0,001030224;0,00028154;0,009499897;0,602790257;0,089818746;3,28E-19;0,395691197
APD;0,000942878;-0,00122939;-0,33078056;0,007887079;-0,000564488;0,22711291;0,380017866;0,803408318;0,091854393;1,64E-19;0,35371641
JCI;0,00380087;0,001276128;0,324777601;0,010720797;-0,00245208;1,51E-06;0,354364682;0,272395197;0,092488017;4,83E-31;0,571280095
PWR;0,003941467;0,002773375;0,374837411;0,010515233;0,00410281;1,39E-05;0,082126725;0,11230706;0,092600196;1,07E-24;0,506860314
NKE;-0,000392389;3,91E-05;-0,36251377;0,011306946;-0,001056935;0,649305254;0,979855418;0,673813929;0,095180018;2,20E-28;0,48676012
SHW;-0,000550112;-0,001656453;0,316743025;0,009900556;-0,001136436;0,466854018;0,222970895;0,60536551;0,095956153;2,25E-28;0,500693015
JKHY;0,000758892;-0,00131593;0,336190796;0,007492622;-0,003697039;0,346754208;0,363497375;0,115974883;0,097482386;3,61E-17;0,343021388
CSCO;-0,000537728;-0,001372997;0,298202293;0,006600333;-0,001723861;0,454787158;0,288183725;0,41033688;0,099483926;7,79E-17;0,336383453
CAT;0,006109863;0,002516534;0,342129208;0,00786746;0,000704238;3,75E-12;0,090591221;0,769319941;0,099616323;7,86E-18;0,472300677
EXR;0,000694194;-0,001095269;0,37770772;0,009675182;-0,00204188;0,450142146;0,506892289;0,445288635;0,102449347;1,05E-20;0,39944317
TJX;0,004042133;0,000156546;0,329969768;0,012112159;-0,002716374;1,05E-06;0,913497585;0,245636172;0,102498914;2,22E-34;0,597326389
LULU;-0,003874271;0,000878382;-0,418106958;0,012019273;0,002814154;0,000201522;0,632825441;0,345365553;0,104745827;2,80E-24;0,462277565
ADM;0,005635486;-0,002400971;0,276816923;0,007457751;-0,000456353;1,71E-14;0,050171376;0,817454126;0,105574317;5,20E-22;0,510910054
SBAC;-0,001688936;-0,004062631;0,344748728;0,009476619;-0,004522509;0,047101201;0,008070912;0,067502755;0,105682153;1,17E-22;0,424792873
TER;-0,002173276;0,004380094;0,438114527;0,015141756;-0,002956276;0,045549343;0,025000553;0,348001072;0,107523728;4,27E-31;0,570290027
VZ;0,002165546;-0,002497066;0,265763541;0,003451759;-0,004229726;0,001151915;0,035356305;0,027940206;0,108165156;4,20E-07;0,191383356
ISRG;-0,002799635;-0,000456031;0,337968486;0,012870665;-0,001231395;0,000980855;0,761712778;0,613480737;0,108937297;3,26E-35;0,59409322
UDR;0,005393142;0,000409394;0,328732344;0,012395263;-0,006789845;4,37E-10;0,781245188;0,004909426;0,111701578;2,12E-34;0,612065617
FOXA;0,006031065;0,001377789;-0,342029217;0,007699104;-0,002037545;3,88E-11;0,373513837;0,416695088;0,114704506;3,70E-16;0,412062117
RMD;-0,003394043;-0,003399297;0,413922679;0,010065356;-0,003498682;0,001328327;0,070775272;0,249977021;0,115005084;3,76E-18;0,374544103
RSG;0,001731505;-0,004933768;0,211547515;0,00758363;-4,48E-05;0,001513614;7,83E-07;0,977216633;0,118763757;2,58E-31;0,540055062
IEX;0,000906629;0,000949755;0,226671453;0,007953661;-0,001176358;0,119018477;0,36209054;0,485909145;0,120341307;3,10E-30;0,540767694
WM;0,00145458;-0,003105817;0,224669927;0,005844167;-0,000243058;0,013053772;0,003258647;0,88575268;0,124631379;2,59E-19;0,379820317
NI;0,003988691;-0,004811048;0,261967266;0,008170509;-0,003760381;1,74E-08;0,000108487;0,058117419;0,125180137;3,67E-25;0,500271315
REG;0,011007337;0,003815782;0,367375581;0,013058286;-0,006247381;9,88E-24;0,02719648;0,025683333;0,126818974;4,74E-30;0,652766415
HCA;0,004469858;-0,000437803;0,358465597;0,013180341;-0,001375469;4,20E-06;0,796392698;0,61703508;0,131693041;6,27E-31;0,556974473
WFC;0,010585097;0,002630164;0,305675122;0,011352382;-0,004031171;1,26E-28;0,070280826;0,086794161;0,13171753;2,37E-31;0,680396456
GE;0,007360838;0,003709769;0,362670238;0,010402807;-0,001051003;7,32E-13;0,032123069;0,706349432;0,1326673;1,20E-21;0,522460108
IQV;0,000265215;-0,000462151;0,270890263;0,013639445;-0,002173253;0,71113855;0,719297648;0,297639429;0,132754848;4,59E-46;0,679066222
NCLH;0,011065496;0,012508848;-0,67896617;0,020063105;-0,003873056;4,25E-09;0,000145949;0,460003651;0,133914354;1,66E-22;0,512599846
VLO;0,013221593;0,002717668;0,449217653;0,010133068;-0,001912877;1,87E-22;0,205431141;0,58173354;0,134516262;6,07E-15;0,525034678
BXP;0,011030354;0,004511279;0,35178762;0,011995922;-0,009454689;1,38E-24;0,007753512;0,00062073;0,134853688;1,50E-27;0,643960972
ABBV;0,001214366;-0,004504891;0,27164525;0,006284604;-9,30E-05;0,09419171;0,000630869;0,964740202;0,135382551;1,75E-15;0,315661221
CME;0,001310766;-0,003155759;0,261255563;0,006903959;-0,002620496;0,061385552;0,012441857;0,197655363;0,136624773;7,24E-19;0,366668198
AAL;0,011685934;0,010860621;-0,602188517;0,017402814;-0,006430085;1,01E-11;0,000234116;0,172362783;0,138456496;2,07E-21;0,515858422
MOH;0,000518735;-0,001766233;0,408195674;0,009157422;9,49E-05;0,635826178;0,369564569;0,97625427;0,138529218;1,39E-14;0,294970948
CMCSA;0,002705943;-0,000105851;0,274316775;0,007478131;-0,003352908;0,00030808;0,936269603;0,119264697;0,139231566;1,43E-19;0,408095031
NDAQ;-0,001456828;-0,0020109;0,226728275;0,009687802;-0,000830147;0,017670442;0,067363782;0,639895795;0,139372341;8,72E-37;0,59446425
EA;-0,00228145;-0,003107554;-0,301763033;0,005913344;0,000797733;0,005473916;0,034337792;0,736054105;0,140247957;9,61E-12;0,240244415
ZTS;-0,003059819;-0,001705352;0,264429897;0,009929987;-0,001555354;2,86E-05;0,184882376;0,454883508;0,141448451;9,18E-31;0,547967848
EQR;0,004986105;-0,000326535;0,293788875;0,011227294;-0,006382877;2,31E-09;0,819353813;0,00637035;0,142547761;2,18E-31;0,577056922
PODD;-0,00448727;0,004519675;0,486763976;0,011154611;-0,003614823;0,000844941;0,058645698;0,349069486;0,144289608;9,78E-15;0,365957667
PAYX;0,001682796;-0,001251651;0,237106974;0,011416069;-0,00230124;0,010763982;0,287402149;0,227684029;0,149761356;2,09E-41;0,639565557
GIS;-0,000250488;-0,004795128;-0,240853807;0,001616425;0,001083242;0,707051987;8,58E-05;0,576593205;0,150836533;0,016478106;0,09447629
LIN;0,002090152;-0,001339171;0,209699362;0,009556138;2,05E-05;0,000412149;0,201126168;0,990336094;0,152233993;2,41E-38;0,615145638
ULTA;0,005860646;0,000973349;0,397921437;0,012694493;-0,002045215;3,23E-07;0,62488051;0,526223493;0,153559073;2,02E-23;0,485038068
TECH;-0,005254293;0,002987969;0,339270109;0,010080047;-0,001319073;1,09E-07;0,082067819;0,634528246;0,157150126;7,96E-21;0,480436159
AXP;0,008027531;0,00212656;0,272003644;0,014395016;-0,003720967;1,08E-20;0,12295387;0,096014768;0,157783603;2,29E-45;0,729746715
NUE;0,006078162;0,0038541;0,426221545;0,010713147;0,00197554;9,94E-07;0,075779798;0,572967308;0,159306784;4,75E-16;0,401871315
BAC;0,009430908;0,002069731;0,210269319;0,012065688;-0,004485103;6,45E-37;0,053503991;0,010111738;0,159454517;1,19E-49;0,790901727
OMC;0,006704842;0,002141933;0,261619501;0,00887376;-0,003326834;1,34E-16;0,108112484;0,123501769;0,159880695;4,98E-25;0,571551697
NTRS;0,005786257;4,56E-05;0,245853798;0,01152553;-0,005001181;3,86E-14;0,971407874;0,016101378;0,167878256;6,87E-38;0,653210411
NDSN;0,001287477;0,00178646;0,215899287;0,010768338;-0,000951842;0,040020107;0,111741272;0,600006581;0,168645394;6,99E-41;0,650822924
TXT;0,007298107;0,002545569;0,240312027;0,012249043;-0,000925771;1,07E-20;0,042701125;0,647612297;0,169732693;7,27E-42;0,712241315
JNPR;0,001163605;-0,000460603;0,255577553;0,008675753;-0,002129328;0,117567091;0,729287693;0,324103579;0,170370282;3,57E-24;0,451027519
DPZ;-0,003230624;-0,001518358;0,297737098;0,006726016;-0,001562963;0,00023713;0,328053423;0,534164003;0,170444151;4,57E-13;0,303917923
HIG;0,009420285;-0,000734611;0,256876823;0,011020263;-0,002603926;4,35E-27;0,583542765;0,231208439;0,17099901;2,03E-33;0,674203566
KDP;0,001102353;-0,000171763;0,19998467;0,004367936;-0,000703419;0,059772035;0,869648451;0,678437637;0,172556244;2,64E-12;0,266670053
ED;0,00269586;-0,006805588;0,224526511;0,006021635;-0,002802665;6,05E-05;3,18E-08;0,144501123;0,175004112;9,60E-17;0,38782758
SPGI;-0,001380642;-0,003143162;0,204328264;0,010886216;-0,001218672;0,022400571;0,003932105;0,485855863;0,176119328;2,13E-43;0,649855517
QCOM;-0,001154956;0,000436936;-0,325481699;0,012753815;-0,000120745;0,228679497;0,799431824;0,965440562;0,176590126;5,07E-29;0,500205898
TMUS;-0,00059567;-0,00176164;0,234940716;0,006886183;9,17E-05;0,389493698;0,157058491;0,963657382;0,176770585;4,88E-19;0,365628178
GEN;0,00119114;-0,000436289;-0,328758132;0,006904377;-0,000393409;0,220789172;0,802402349;0,889263889;0,178205689;2,43E-11;0,217825171
AZO;0,002017928;-0,007138813;0,29699478;0,010690395;0,000155509;0,022602485;1,04E-05;0,951525836;0,179163448;1,55E-25;0,463873874
TDY;0,002448663;-0,00043097;0,255228121;0,010874427;-0,002751445;0,001412186;0,751213774;0,212564561;0,180040674;3,44E-32;0,556923564
MCD;0,001723112;-0,002404069;0,16815322;0,007594701;-0,000787405;0,000709355;0,008136663;0,589539393;0,1823276;1,50E-34;0,571728449
F;0,008873939;0,008149316;-0,357479884;0,015487529;-0,001931451;1,59E-14;3,27E-05;0,534575993;0,183294101;1,36E-32;0,636010823
BWA;0,005985346;0,003289188;-0,297047374;0,012524778;-0,002114238;1,70E-10;0,040220326;0,413701601;0,1835154;2,14E-31;0,58542831
FRT;0,009775619;0,006285997;0,301375948;0,012141405;-0,006824053;1,12E-21;0,000142896;0,010060273;0,184625092;2,15E-29;0,651438445
BG;0,006045781;0,001103822;0,274036758;0,006674331;0,000734831;7,48E-12;0,459034006;0,760881721;0,189039096;9,75E-14;0,40587774
HD;-5,01E-05;-0,001177976;0,249499647;0,011442168;-0,002063075;0,94733408;0,387318603;0,350279615;0,190656051;2,21E-34;0,567529813
GD;0,005020393;-0,002353934;0,178191581;0,008974722;-0,001159514;4,49E-17;0,016733605;0,464109356;0,192625068;1,33E-38;0,660453494
NEE;-0,00055896;-0,002046578;0,289533076;0,008445572;-0,003277956;0,52899814;0,199971374;0,205276393;0,194485333;8,85E-18;0,344681805
NXPI;0,00224521;0,005945422;0,293538325;0,013063549;-0,001555962;0,013676321;0,000313893;0,554132485;0,196313568;1,78E-32;0,59788853
ITW;0,002660311;-0,000945791;0,170224395;0,010409412;-0,001895097;9,02E-07;0,316094896;0,215495707;0,197022594;2,56E-48;0,702801627
PSX;0,011916334;0,004002283;0,326195498;0,00771122;-0,000984336;1,63E-24;0,028623483;0,738259953;0,199940137;1,26E-12;0,530040945
CAG;-0,000384496;-0,003486095;-0,249163335;0,00330239;0,00025681;0,619187281;0,012766143;0,909153221;0,200105052;3,21E-05;0,098730619
DLR;-0,00168126;-0,001553574;0,276720177;0,00843331;-0,003901338;0,051802938;0,315159554;0,120296565;0,200807928;1,35E-18;0,367415759
BLK;7,55E-05;-0,000560229;0,199656169;0,012959483;-0,001684414;0,90447408;0,619910598;0,357882828;0,206707981;1,73E-50;0,710083987
APH;0,002016716;0,003463988;0,160273844;0,010069939;0,000125908;0,000102591;0,000197774;0,932266232;0,210482857;3,68E-48;0,725296496
ANSS;-0,005951407;0,001336925;0,226260806;0,011115388;-0,00170313;2,30E-14;0,302799902;0,417714007;0,212339902;2,54E-35;0,647245133
NSC;0,003946193;-1,34E-05;0,225451788;0,00917828;-0,002063751;1,36E-07;0,991729675;0,326491746;0,214154465;3,36E-27;0,52438121
STE;-0,000261065;-0,000469722;0,262698754;0,009340137;-0,00164768;0,756575061;0,756090755;0,501593561;0,214680265;2,40E-22;0,421442661
DD;0,006084876;0,00542283;-0,228640237;0,010395806;-0,000391878;2,10E-14;5,94E-05;0,854921916;0,216893576;1,96E-31;0,62526133
EIX;0,002892965;-0,004943052;0,23285899;0,009100991;-0,002608061;0,000158883;0,000318105;0,234112205;0,217987571;2,29E-25;0,471833314
SYK;0,001090792;0,000702731;0,213838219;0,011180974;-0,001715435;0,116199649;0,57192662;0,394831491;0,219115532;1,44E-37;0,610811064
HUM;-0,000270544;-0,00566136;0,339036113;0,008749773;-0,001946064;0,807695208;0,00498704;0,547567644;0,224978036;2,77E-13;0,264273297
CRM;-0,005823432;0,002194745;-0,29853997;0,01201299;0,000207707;1,21E-08;0,212889457;0,941897512;0,225264188;7,47E-26;0,520873614
RJF;0,00680264;0,003977013;0,208340205;0,010856339;-0,001281087;5,03E-19;0,001444571;0,521360658;0,227117628;1,42E-36;0,681641347
CMA;0,013594775;0,007345159;0,307746071;0,013311599;-0,005782047;1,90E-29;7,73E-05;0,051205343;0,227347504;1,91E-28;0,681346788
NFLX;-0,007983515;-0,001115056;0,406257924;0,010451809;-0,001951535;1,18E-08;0,643479387;0,61722029;0,228286757;4,49E-13;0,35702245
VRTX;-0,003069588;-0,004082784;0,273823544;0,00450303;0,001079109;0,000836556;0,012755731;0,682271734;0,229083616;1,55E-06;0,177779237
ZBRA;-0,001159492;0,005337576;0,315752294;0,012151688;-0,003290189;0,267700581;0,004849542;0,279755953;0,229140771;5,85E-24;0,489769585
EXPE;0,004979699;0,008079056;0,358112395;0,016724489;-0,0038687;4,37E-05;0,000209485;0,265529841;0,232078084;3,57E-31;0,594561909
AFL;0,00774026;-0,001839981;0,180563824;0,01156741;-0,00112873;9,07E-28;0,090029465;0,519756514;0,232977071;1,60E-46;0,743458305
NRG;0,004375907;-0,001376919;-0,310985828;0,011110264;-0,000575523;3,77E-05;0,460576389;0,848971341;0,23355167;3,44E-21;0,410625409
FAST;-0,001168604;-0,000776424;0,17489819;0,009127824;-0,000370358;0,046777077;0,459911413;0,827707107;0,234089362;6,11E-36;0,588150023
FDS;-0,001621024;-0,001803034;0,210601204;0,009214595;-0,000437537;0,023124513;0,157705529;0,832043371;0,237271113;4,68E-28;0,497329617
ON;0,002557154;0,007741953;0,376475272;0,014875894;0,001910657;0,045280523;0,000825179;0,605471273;0,2385186;3,54E-24;0,502276464
CSGP;-0,002412753;-0,000841265;-0,284336873;0,011454085;-0,001473791;0,013084848;0,627255617;0,599671886;0,24090052;1,12E-24;0,445494682
ALB;0,004806764;0,008149685;0,416513485;0,014666373;-0,003489835;0,00081256;0,001541732;0,397035051;0,241473748;3,19E-20;0,45845496
ORCL;-0,000379552;-0,005094292;-0,235866606;0,008333054;0,001920162;0,636751723;0,000509283;0,411930107;0,242864809;3,11E-20;0,360401034
KO;0,003174371;-0,005019554;0,164217481;0,007865563;-0,002542552;5,16E-08;1,33E-06;0,120289139;0,24388984;3,57E-31;0,55798844
O;0,006117004;-0,000530394;0,256417576;0,011838549;-0,006646516;5,01E-11;0,736951033;0,01001805;0,245974158;1,84E-29;0,563920441
ILMN;-0,005033164;0,004748071;-0,369692317;0,00992039;-0,004655076;1,00E-04;0,038146923;0,208161371;0,246198591;3,76E-13;0,332377253
AIZ;0,006017073;-0,000334109;-0,214379244;0,00781573;-0,00059259;5,35E-14;0,801958619;0,783716278;0,250243991;1,03E-20;0,481940878
BRO;0,001006266;-0,003193669;0,187197899;0,009604139;-0,001037905;0,121671833;0,006566115;0,582253094;0,250491717;1,48E-33;0,550671099
TXN;-0,000343204;0,001983142;-0,177555812;0,008592341;-0,000255841;0,578796906;0,075095287;0,886874121;0,252985353;8,57E-31;0,537590336
FICO;-0,000384633;0,000530817;0,315439475;0,011853796;0,001729895;0,726304564;0,787882972;0,588589684;0,253310259;1,86E-21;0,413612188
LUV;0,008463545;0,008063796;0,294592171;0,01095986;-0,008017424;3,24E-14;2,18E-05;0,0082259;0,256567357;6,31E-21;0,550724123
PSA;0,000105734;-0,002379927;0,217404817;0,008598406;-0,001798563;0,890031669;0,08424328;0,419355493;0,257987341;8,47E-23;0,415952914
NOW;-0,007155457;0,002268346;-0,245844143;0,012242651;0,001773231;3,55E-14;0,14988747;0,486443534;0,263582185;4,64E-31;0,605378868
CINF;0,00662408;-0,001075562;0,271590364;0,009061496;-0,0041858;9,23E-11;0,535911122;0,138098344;0,263878707;2,32E-17;0,427658039
WAB;0,007473497;0,005916041;0,18953617;0,012037749;-0,001798483;2,47E-22;2,26E-06;0,361616886;0,265089449;2,09E-42;0,736595529
AVB;0,005045444;-0,001785202;0,23188513;0,012531653;-0,005783401;6,02E-09;0,231666114;0,017418209;0,266114908;2,04E-34;0,595605018
CHD;-0,002685687;-0,004453487;-0,190316165;0,002788615;0,001891018;0,00011751;0,000361673;0,342637741;0,268216313;6,95E-05;0,168551982
KEY;0,014399638;0,006266167;0,23542467;0,014488939;-0,007230622;3,01E-40;5,56E-05;0,003737363;0,269072782;2,31E-40;0,773377773
SJM;0,000719727;-0,003253583;-0,202058959;0,001918691;0,000710743;0,327245408;0,014272679;0,73927183;0,273169973;0,009816929;0,05924882
AVY;0,003978893;0,001959417;0,177765741;0,009959666;-0,001424338;4,24E-09;0,092980185;0,449842484;0,274426345;2,84E-35;0,622867117
PANW;-0,005581096;0,001147207;-0,300090795;0,009731406;0,006960265;8,01E-07;0,559867876;0,02998697;0,275631486;5,22E-16;0,374097453
CAH;0,002155016;-0,002396533;0,239032863;0,006792326;0,000390013;0,014378532;0,12770514;0,878075193;0,276243128;4,97E-13;0,273217968
TPR;0,007769102;0,010620155;0,316830827;0,014279338;-0,003244418;2,08E-10;7,72E-07;0,336651889;0,276684077;5,16E-26;0,587635375
CMG;-0,003723215;0,002427473;-0,234508044;0,010748161;0,003742461;2,31E-05;0,116846338;0,135651071;0,277528699;1,42E-26;0,511810826
CVX;0,009351508;-0,002029236;0,238147302;0,009644716;-0,002322328;2,51E-21;0,196801687;0,361549625;0,278074176;3,43E-22;0,560101902
FTV;0,002112237;4,62E-07;0,192370876;0,011113472;-0,002808849;0,003128909;0,999709341;0,173072151;0,278760838;2,78E-36;0,59760457
EG;0,006031837;5,15E-05;0,251422396;0,006893043;-0,001521535;8,21E-10;0,975505623;0,57601051;0,284372153;5,28E-12;0,350938761
MSFT;-0,004909307;-0,005118916;-0,133769922;0,010206136;0,001981569;7,47E-19;3,81E-08;0,172700104;0,285260749;3,76E-50;0,731103526
STLD;0,006805009;0,004668462;0,319668458;0,011354991;0,002481105;4,21E-08;0,030335965;0,475197597;0,286377001;8,90E-18;0,43877489
DG;-0,00243476;-0,005233975;0,281243478;0,004925994;-0,002544394;0,021392689;0,006019707;0,405820165;0,286862457;5,50E-06;0,146267407
CI;0,00387374;-0,003453476;0,237486972;0,008321546;-0,001481066;2,04E-05;0,031295396;0,566643095;0,28710995;2,26E-17;0,370887723
STX;0,001811677;-0,000174559;0,287194306;0,011561664;-0,002319555;0,09282011;0,927874229;0,45829904;0,287249685;2,19E-21;0,410987315
CMS;0,002296875;-0,006442443;0,179856545;0,008082318;-0,003824041;0,000801702;2,85E-07;0,052781441;0,289126412;5,81E-25;0,468445124
HLT;0,004178961;0,003586987;0,219491929;0,011870625;-0,001279438;9,64E-07;0,016455419;0,594947668;0,290650529;3,57E-32;0,592783544
KLAC;-0,002310193;0,001096872;0,262609852;0,015410586;0,00117097;0,023941914;0,547982885;0,692219534;0,303771841;1,35E-34;0,584861446
BIIB;-0,003175709;0,001828483;-0,347183151;0,006253118;-0,001870961;0,020195762;0,453555046;0,635920875;0,308793512;7,85E-06;0,138328176
HWM;0,010199256;0,004750411;0,268013355;0,013903104;-0,002250412;3,34E-18;0,013225279;0,465680326;0,313930005;1,94E-28;0,613486989
UBER;-0,002864238;0,011572633;-0,361201262;0,013134972;0,001346163;0,045974662;1,08E-05;0,745987725;0,314004486;6,95E-17;0,420045806
NWSA;0,00355862;0,008523605;0,221789576;0,008601472;-0,000331304;7,19E-05;1,83E-07;0,896848864;0,314776177;1,43E-18;0,488570871
PEP;0,000311172;-0,007438582;0,128377096;0,007027056;-0,001221432;0,54345628;5,98E-14;0,412648929;0,318182828;2,93E-30;0,535027787
IP;0,00627716;0,003615546;-0,195206559;0,007931345;-0,00265295;8,82E-14;0,010649864;0,244376312;0,32027407;1,40E-19;0,496045957
ADBE;-0,006797578;-0,003341362;-0,213769434;0,012884797;6,37E-05;1,87E-13;0,031443538;0,979703852;0,322347354;4,61E-34;0,604493722
CCL;0,010135614;0,010503474;-0,460956309;0,021268922;-0,007397685;1,43E-07;0,001874805;0,172226736;0,323332729;2,09E-23;0,503219001
ANET;-0,003452724;0,001811106;0,307990525;0,010055178;0,004327232;0,005954855;0,417536253;0,232487845;0,324052949;7,46E-14;0,316443541
ORLY;0,001465447;-0,006132474;0,204607116;0,009868978;0,00096273;0,07747635;5,25E-05;0,689077713;0,324546498;7,25E-25;0,446873862
KMB;-0,000742873;-0,004447645;-0,156972541;0,005359385;-0,001812076;0,247023546;0,000147891;0,331627777;0,32938626;1,35E-14;0,279071205
IT;0,002146221;0,000394936;0,216765173;0,013142934;0,001786938;0,016202593;0,803947105;0,488519697;0,33011115;1,32E-33;0,569107663
RHI;0,004556555;0,003205749;0,205204029;0,011043472;-0,002106125;2,01E-07;0,035868023;0,392707021;0,334261651;3,17E-28;0,552804932
LHX;0,004112885;-0,004614548;0,187966098;0,008808588;-0,003175905;3,87E-07;0,001212861;0,164673547;0,339554879;8,52E-23;0,456539158
SPG;0,0144011;0,00556786;0,293804991;0,017578947;-0,006645506;2,14E-24;0,012201807;0,063941734;0,340575668;4,58E-32;0,667559346
OXY;0,015177446;0,002872779;0,397699906;0,011479678;-6,15E-05;1,02E-16;0,337801968;0,989885186;0,34232264;8,72E-11;0,421267624
MTD;-0,001545982;0,001266099;0,17918416;0,010358166;-0,001092725;0,041843108;0,351252296;0,619325928;0,345157681;3,34E-30;0,539389273
MAR;0,007110482;0,005853877;0,228026062;0,013071343;-0,002080598;4,33E-12;0,000852282;0,458337247;0,346094691;8,91E-30;0,603990712
EL;-0,00051;1,14E-05;0,222968713;0,009765887;-0,004906646;0,590809297;0,994652715;0,076561687;0,349220256;5,02E-20;0,386885166
GNRC;-0,004095441;0,007310353;0,356213187;0,014159995;-0,004447039;0,008509873;0,008898491;0,322462475;0,357933658;7,88E-17;0,396362191
MS;0,005959723;0,001782788;0,16065613;0,012029925;-0,00094615;3,56E-15;0,155565905;0,64112114;0,359037066;7,91E-41;0,683150606
TSLA;-0,006742365;0,003593453;-0,399836497;0,018936214;0,005110408;0,000138936;0,249903205;0,312481169;0,359293247;8,48E-22;0,441927257
TRMB;-0,000525133;0,006756946;0,189067447;0,012111883;-0,001878463;0,523393931;8,28E-06;0,43293001;0,360126992;2,82E-33;0,61285417
PYPL;-0,005805601;0,00255201;-0,273358176;0,014245686;-0,006468902;2,27E-06;0,234233824;0,063515731;0,361516786;6,92E-25;0,494736873
CARR;-0,001124083;0,005781405;-0,253069473;0,007495486;0,005751517;0,309529643;0,003934816;0,074783088;0,361753652;1,53E-10;0,266201204
SNA;0,006919339;0,002959984;-0,15312412;0,010103384;-8,61E-06;2,86E-20;0,01448126;0,996470541;0,362168832;2,06E-34;0,657374
AMD;-0,005668694;0,001495335;-0,301599475;0,014328984;0,002686668;2,91E-05;0,529996782;0,48634546;0,364977824;1,61E-21;0,436933867
MAA;0,00355661;-0,00212645;0,179507959;0,012064455;-0,004786472;1,13E-05;0,134825165;0,038332033;0,365474302;6,12E-35;0,583731037
CBOE;-0,000162755;-0,003470892;0,173540499;0,005458304;0,000769028;0,831791259;0,012335431;0,730206602;0,367208286;2,26E-11;0,224282392
DOV;0,004478306;0,000722283;0,146502954;0,012036386;-0,002600909;6,68E-11;0,535248538;0,169163733;0,368418308;1,17E-44;0,692642558
ACGL;0,008557981;-0,000567426;0,200314552;0,010300594;-0,001193877;5,28E-18;0,724158775;0,646878966;0,373062131;1,42E-23;0,550207504
BK;0,006609189;-0,000407433;0,147945166;0,010075268;-0,002723483;3,77E-19;0,732480999;0,159590125;0,374836876;1,20E-34;0,644923732
EOG;0,011592948;0,00284568;0,282315292;0,007888634;0,000947424;9,61E-17;0,213751572;0,798025681;0,376937252;3,64E-09;0,405328653
RL;0,007138917;0,006034462;0,218471071;0,012002471;-0,003308638;1,17E-11;0,000823016;0,251673338;0,37969886;2,04E-25;0,562441391
WTW;0,002527356;-0,002796162;0,177704494;0,009215291;-0,002550524;0,002045;0,055548941;0,279673865;0,382114487;3,26E-23;0,433686243
AMGN;-0,000274987;-0,003344675;0,161021621;0,004998751;-0,000445915;0,708631339;0,012034013;0,835024225;0,383543987;1,45E-10;0,209275089
LVS;0,003401222;0,005664851;-0,274455812;0,009747508;-0,003380498;0,007240211;0,012619549;0,355033092;0,383775878;5,15E-13;0,311004982
GL;0,008339286;0,000802603;-0,124932992;0,008932926;-0,001295767;4,69E-33;0,434399169;0,436165473;0,383996217;5,19E-36;0,710661205
TGT;-0,001857052;-0,000989042;-0,238209644;0,008923126;-0,0005101;0,089857984;0,613687726;0,872333211;0,384576892;4,25E-14;0,273888986
IVZ;0,008599302;0,008440461;0,207770563;0,014026614;-0,004447755;2,28E-16;1,90E-06;0,11169456;0,387724981;4,91E-33;0,662307682
OTIS;0,001143935;0,001003964;-0,140780801;0,006077815;0,001346752;0,080420577;0,391390608;0,477934458;0,389760625;3,07E-17;0,341700468
J;0,003483628;-0,000532587;0,168581042;0,010016278;-0,002457293;1,35E-05;0,70412416;0,280280668;0,390046833;1,55E-27;0,510369421
PFE;-0,000193861;-0,002414183;0,186818786;0,005268812;-0,002829558;0,82343396;0,122868096;0,263821196;0,391888199;7,43E-09;0,173484789
FCX;0,006837256;0,005654509;0,281156684;0,015582496;0,00141136;4,28E-07;0,016834001;0,710780063;0,391973916;8,44E-25;0,517214719
TRGP;0,013466544;0,006342085;-0,268837106;0,013908083;0,003711616;2,50E-20;0,007091914;0,326953941;0,410075599;3,35E-21;0,560908522
AKAM;-0,004088715;-0,003068656;0,165287691;0,007179196;-0,000844393;9,47E-07;0,035500584;0,719604864;0,415409263;5,24E-16;0,364644593
BMY;6,77E-05;-0,001340331;0,144505085;0,004629987;-0,002558908;0,924270196;0,294943994;0,217546403;0,418803745;7,13E-10;0,194355963
ECL;0,0017748;0,000871852;0,136232963;0,012380513;-0,004517797;0,009386516;0,473700858;0,022792517;0,423127165;7,65E-44;0,66662603
LOW;-0,000117727;-0,00126306;0,175040752;0,013394196;-0,000878456;0,89491576;0,430339076;0,734876491;0,434162849;3,45E-34;0,561734165
KIM;0,013110982;0,010207079;0,208834775;0,011208343;-0,004331741;3,67E-26;2,49E-07;0,162908379;0,43448576;1,05E-20;0,629972539
PCG;0,006236646;-0,004590466;0,221554991;0,014147297;-0,003262043;1,17E-07;0,025156587;0,323696715;0,436716965;1,82E-26;0,501323679
EQT;0,008828274;0,004789362;-0,343376929;0,009830547;0,00318983;1,22E-06;0,131632497;0,534526478;0,438212377;8,96E-08;0,245986275
PAYC;-0,003098218;0,005835477;0,285247781;0,013873735;-0,005993037;0,036641129;0,028463315;0,163477382;0,440969441;1,76E-17;0,389895438
LRCX;-0,002010069;-0,00093524;0,218952512;0,018286535;-0,001034617;0,077003701;0,645542534;0,753513136;0,441178229;1,45E-37;0,602280652
DE;0,005499259;0,000260186;0,169758221;0,010970403;0,000242479;2,72E-09;0,869577582;0,924775837;0,443640409;2,40E-26;0,522443716
TFC;0,011168046;0,006743923;0,155857542;0,011415159;-0,005799765;1,45E-30;6,47E-06;0,014723027;0,443964757;2,53E-31;0,703662548
MPC;0,011869213;0,002065044;0,189233958;0,011468371;0,002794068;2,65E-25;0,244328144;0,330811865;0,444736957;6,03E-24;0,608862436
CVS;0,003013817;-0,001272174;0,157056197;0,006957481;-0,001960438;0,000298443;0,387570579;0,411286495;0,445172652;6,14E-15;0,322365984
IDXX;-0,005271762;-0,002131075;0,175701524;0,013658194;-0,000531113;3,29E-08;0,196307304;0,84216732;0,445203762;8,27E-34;0,588306744
EMR;0,004117722;0,003225367;0,11211551;0,0088878;-0,000893987;3,45E-11;0,00247019;0,600479299;0,44640539;1,41E-34;0,63544377
BEN;0,005166812;0,008950715;-0,166650634;0,010243194;-0,001746875;2,10E-08;5,95E-08;0,497747964;0,453202258;8,70E-24;0,555431403
VLTO;8,93E-05;0,000775058;0,042640304;0,000211868;-0,000313299;0,694654253;0,058926964;0,636116841;0,45536632;0,354089054;0,03483857
WBD;0,008700282;0,012385098;-0,336213739;0,010544415;-0,008012168;2,69E-06;0,000170132;0,12748793;0,457217221;2,19E-08;0,303796049
FSLR;0,001088642;0,009176004;-0,317467033;0,009564337;0,004821011;0,522869982;0,003010469;0,331233356;0,457827279;7,24E-08;0,212418271
BDX;-0,000927621;-0,003229274;0,136705177;0,004729838;-0,00171934;0,208445695;0,015303866;0,422472644;0,459438429;1,09E-09;0,195522152
ETN;0,004920337;0,000437702;0,121400977;0,010944798;0,000342658;2,00E-12;0,709844642;0,857351263;0,460464626;3,22E-39;0,65534024
SBUX;0,001069902;-0,001287808;-0,137012806;0,010548865;-0,001825556;0,152268176;0,336519577;0,400430895;0,46412549;1,52E-31;0,522356818
MRNA;-0,011726786;0,00625728;0,467525532;0,00452901;0,005820946;8,69E-06;0,17603455;0,436632773;0,468647707;0,080322879;0,133698962
CDW;0,002373525;-0,001899873;0,127534307;0,012614753;-0,00091546;0,000909522;0,134717395;0,655677577;0,471451426;1,09E-42;0,647036535
LDOS;0,00341736;-0,003723059;-0,152412602;0,010028692;-0,002484028;7,78E-05;0,015180444;0,314440921;0,473809197;1,48E-24;0,448514944
ENPH;-0,005253299;0,016301338;0,350109738;0,016404667;0,000268699;0,007626724;5,88E-06;0,96224728;0,474724456;1,03E-14;0,41226123
MMC;0,001080614;-0,003636414;0,097838744;0,009704968;-0,000429148;0,049760409;0,000280762;0,787872499;0,477050908;3,57E-42;0,631967072
MKTX;-0,005133646;-0,000695146;-0,201100124;0,008143887;-0,002496117;9,23E-06;0,731532906;0,447441926;0,477769312;1,31E-11;0,283751656
ZBH;0,002157192;0,002366551;-0,128490565;0,00988413;-0,002293653;0,003412272;0,07164281;0,28006672;0,482428025;9,00E-30;0,534755196
PEG;0,002645422;-0,004192722;-0,11848098;0,008898849;-0,001365507;0,000117665;0,000641715;0,486431416;0,483695195;1,09E-28;0,49753963
GLW;0,005043568;0,001092336;-0,13184934;0,011137896;-0,002796032;2,08E-10;0,419169538;0,20255269;0,485208686;1,64E-33;0,595656261
MHK;0,009149523;0,004078142;0,233466848;0,017290346;-0,00761175;1,09E-10;0,091725283;0,05240502;0,488322151;1,03E-27;0,557972467
PGR;0,001502592;-0,006516647;0,131622274;0,006146561;0,001002828;0,049197123;3,45E-06;0,650373578;0,490390279;7,56E-14;0,297191131
BR;-0,000871194;-0,000628062;0,102074545;0,008565913;0,000197983;0,140894357;0,553451837;0,908197892;0,490767663;1,19E-32;0,548413306
QRVO;-9,34E-05;0,00372006;-0,144886991;0,011580273;-0,002331628;0,911254218;0,014122626;0,339362696;0,490857504;1,48E-30;0,545254507
C;0,010253089;0,00188574;-0,124199045;0,013122658;-0,005588;4,55E-32;0,144951925;0,008092923;0,491165222;8,58E-44;0,74696939
RF;0,01291947;0,00753875;0,127852024;0,012207053;-0,003324501;1,24E-41;4,89E-08;0,12382664;0,491407005;1,39E-38;0,777567605
TEL;0,003776523;0,004443773;0,09681417;0,012462;-0,001838676;2,53E-10;1,98E-05;0,265318096;0,495925447;2,38E-54;0,770345518
RCL;0,010960966;0,006953226;-0,282517094;0,020896792;-0,000992772;5,30E-10;0,021865532;0,838856806;0,502348333;2,01E-26;0,539845454
SYF;0,011991675;0,003798759;0,181458878;0,017919886;-0,006057326;2,46E-22;0,052506027;0,056392394;0,505630703;1,30E-38;0,694555586
CSX;0,002639318;-0,000435643;0,11184977;0,008837595;-0,000887924;0,000118064;0,718260357;0,650057757;0,507588251;1,70E-28;0,514683598
CTAS;0,001654294;-0,003293022;0,112968372;0,012637131;-0,000231515;0,015633161;0,007465345;0,906749399;0,507624561;8,61E-45;0,657319041
RVTY;-0,0024987;0,000703889;-0,155251912;0,008567426;-0,000389571;0,009116386;0,679858256;0,887911708;0,514980008;2,19E-16;0,335768764
MTCH;-0,005487949;0,003580881;0,221342492;0,014388233;-0,007639368;7,74E-05;0,143808928;0,054821944;0,516971225;7,89E-21;0,446301285
STZ;0,002484087;0,000771658;0,116431274;0,009772423;-0,001173784;0,000727029;0,553103929;0,577727631;0,521940314;1,50E-29;0,530792287
CFG;0,01293071;0,005313184;0,121434726;0,013757196;-0,005352244;1,31E-40;0,00012267;0,015723168;0,522142696;1,28E-43;0,783780398
MMM;0,003132295;0,001356188;0,103021878;0,008281703;-0,005092423;2,26E-06;0,2411751;0,007043804;0,523518105;1,11E-27;0,528452195
POOL;-0,00285013;0,003176061;-0,160430452;0,010727355;0,00020721;0,005049755;0,07994111;0,943581464;0,525340571;4,41E-21;0,430047327
ROP;-0,001106523;-0,002433916;0,091828406;0,008508341;-0,000303442;0,057574518;0,020295801;0,857325739;0,528252295;4,15E-33;0,545258237
CRL;-0,001969109;0,000603351;0,15859869;0,013023035;-0,001717087;0,051446261;0,738401327;0,557690979;0,530012339;6,76E-28;0,502624141
MA;0,001569044;-0,001272584;-0,110341502;0,011505429;-0,001565206;0,02667705;0,314340459;0,444867726;0,532103207;3,62E-38;0,59671737
VTR;0,010653449;0,001101545;0,184903186;0,015327642;-0,005215586;1,60E-16;0,603044517;0,129708921;0,532261556;4,72E-28;0,583205894
LEN;0,001511381;0,003809351;0,170166692;0,013994936;0,000240945;0,165179897;0,051960759;0,939243635;0,532628534;1,04E-27;0,514883296
DOW;0,007191771;0,006357724;-0,125933577;0,007494722;0,000202993;3,54E-16;1,85E-05;0,931130708;0,534269219;3,98E-17;0,517917836
ESS;0,004430638;4,69E-06;0,130202414;0,011874764;-0,005662467;3,09E-07;0,997507682;0,020884035;0,535241678;1,12E-31;0,564687105
HUBB;0,003617239;0,000918481;0,116974535;0,009534474;0,000860949;3,10E-06;0,497620702;0,694740501;0,536453317;5,28E-27;0,514877665
PFG;0,010073292;0,002948672;0,105994805;0,014279495;-0,002683111;2,08E-33;0,017277617;0,179137066;0,537472491;3,53E-51;0,788220439
EQIX;-0,003202686;-0,003735555;0,118259734;0,00960236;-0,001882886;4,36E-05;0,007180633;0,399105016;0,538893225;1,25E-26;0,486786785
FMC;0,005286762;0,002987629;0,146658456;0,010707301;-0,00673751;8,64E-08;0,081402036;0,015694092;0,539042668;7,70E-23;0,488239702
AIG;0,010357899;-0,001832146;0,125746168;0,014685502;-0,002313251;4,70E-27;0,214826365;0,333499372;0,541771395;1,07E-42;0,720706855
HAL;0,014139412;0,002418837;-0,212194486;0,012717248;0,002420064;8,98E-20;0,333039863;0,549816141;0,543099499;9,57E-17;0,502321926
GWW;0,002062148;-0,001045749;0,11084104;0,010462345;0,001478674;0,004969655;0,423209765;0,484638563;0,543416049;2,74E-32;0,546338136
FITB;0,012794026;0,005969932;0,11674643;0,014670946;-0,003955593;2,64E-39;2,31E-05;0,077711902;0,544507416;2,91E-46;0,791180248
LH;0,002473477;-0,002071958;0,14206082;0,011104176;-0,001729861;0,008831152;0,218647732;0,52568078;0,54554109;1,23E-24;0,449010703
ROST;0,003421006;-0,001709174;0,147468565;0,015020797;-0,003956586;0,0005643;0,330423322;0,165018727;0,547591049;3,07E-35;0,580292605
MOS;0,010918156;0,006383944;-0,195522393;0,010461105;0,001084342;9,53E-15;0,006808552;0,774653386;0,5495132;1,01E-13;0,444681018
NOC;0,003456015;-0,005677932;0,12123896;0,005522077;-0,000645574;2,94E-05;0,000124871;0,783825956;0,550307732;1,20E-10;0,276181482
EFX;0,00055519;0,001469729;0,139714139;0,012986036;-0,002231333;0,554593665;0,383915447;0,414649891;0,553436911;1,46E-30;0,533772787
STT;0,006987088;-0,000977927;0,120271909;0,012947429;-0,004335776;2,09E-15;0,501327656;0,066873774;0,553947333;4,33E-37;0,644224221
TROW;0,000466948;0,001939862;0,11613974;0,01277987;-0,004939985;0,551713174;0,169335825;0,031413861;0,555196713;5,38E-38;0,616345359
APA;0,017446659;0,004619172;0,262007962;0,015693463;-0,00110145;7,33E-19;0,147180972;0,830668446;0,555376583;5,82E-16;0,497438793
WST;-0,00618311;-2,47E-05;0,141275478;0,008657055;0,001688595;7,33E-10;0,988521248;0,543617967;0,555635003;1,64E-16;0,415278256
DVA;0,00360667;0,001286759;-0,171338423;0,007505725;-0,001171442;0,002303704;0,540071266;0,730630391;0,559322325;1,13E-09;0,221977445
ADP;0,002193292;-0,002488179;0,098841616;0,010082116;-0,001637537;0,001395189;0,041840545;0,40646456;0,560980462;9,21E-34;0,558319818
HBAN;0,013869645;0,006843021;0,112368156;0,011368923;-0,004978531;5,07E-43;1,75E-06;0,027977852;0,56283927;3,47E-33;0,759772067
PTC;0,000312805;0,001485857;-0,121394251;0,011910761;0,001777962;0,711775318;0,328870087;0,470726239;0,567790712;2,68E-31;0,535626101
ATO;0,002481425;-0,005691854;0,090074859;0,007572177;-0,002389438;0,000141351;1,53E-06;0,20031634;0,574890501;1,47E-24;0,462175138
MDLZ;0,000963322;-0,004630668;0,08124537;0,006297912;-0,000741186;0,097212957;1,38E-05;0,659961848;0,576001793;9,96E-22;0,402337539
BBY;0,000623566;0,00189815;-0,145324106;0,012744083;-0,002945982;0,547707293;0,30852601;0,329417489;0,576548043;6,26E-26;0,470032034
MU;0,001854582;0,000987853;0,153602248;0,01198214;-0,001478697;0,09411377;0,618293763;0,645352773;0,579318337;1,19E-21;0,41582145
DGX;0,001126134;-0,001455582;0,12313419;0,007604373;-0,00144598;0,204979018;0,361069589;0,57533975;0,58007739;3,64E-15;0,295107976
GM;0,0079511;0,008780891;-0,134075704;0,015549848;-0,004524238;2,48E-14;9,21E-07;0,108509246;0,580099797;2,00E-37;0,68063948
CHTR;0,000150612;-0,001749115;0,150720408;0,010079181;-0,004760031;0,89046255;0,373549034;0,135853229;0,58296746;6,21E-17;0,322401781
BKR;0,011408463;0,004337776;0,158176096;0,009724244;-0,000629517;5,25E-19;0,03695903;0,850984878;0,584199883;8,28E-15;0,493876165
OKE;0,010514043;0,003156319;0,147844355;0,013125821;-0,002338198;1,77E-18;0,105159546;0,457700486;0,585909636;1,79E-25;0,58069754
CTLT;-0,003912769;0,003182633;-0,241433717;0,013357391;-0,003922008;0,028051612;0,317302868;0,446780146;0,586882345;1,94E-12;0,271903894
A;-0,001760634;0,001174797;0,087693092;0,008775555;0,000259908;0,006837163;0,310886259;0,889834916;0,587944081;6,64E-30;0,537802384
CZR;0,008252811;0,008208134;-0,230712688;0,03007247;-0,006039402;3,14E-06;0,00846974;0,228659627;0,59323531;1,72E-41;0,664727134
ALGN;-0,000685068;0,009262133;0,19741425;0,017269757;-0,005147584;0,643711615;0,000602515;0,233112886;0,595326859;4,82E-24;0,493807174
MRK;0,001370933;-0,003923362;0,098159602;0,003114729;0,000379651;0,064334703;0,003405137;0,859653668;0,596093407;3,90E-05;0,12204741
PNC;0,00890048;0,002524668;0,087261003;0,011812678;-0,003806178;7,31E-30;0,03342778;0,04769841;0,596824234;5,98E-43;0,742484965
COP;0,010758885;-0,000415794;0,148262318;0,008471134;0,001729779;5,75E-18;0,837227949;0,598062526;0,600238576;2,32E-12;0,440746812
AWK;-0,000274163;-0,004049978;0,098176127;0,010494939;-0,003643627;0,716160557;0,003097366;0,097944902;0,603893129;7,62E-31;0,512110417
PPL;0,006127786;-0,005401657;0,10061454;0,011341886;-0,004884713;2,12E-13;0,000145161;0,031770919;0,605948775;6,93E-33;0,594633627
SYY;0,006717787;0,00073118;0,123798101;0,013755814;-0,003812033;3,74E-11;0,671058406;0,172814697;0,606897134;3,85E-32;0,590108178
USB;0,010622247;0,004365057;0,091990993;0,010780487;-0,004890152;5,24E-34;0,000773208;0,019187323;0,606967434;1,69E-34;0,723461977
PRU;0,009906981;0,001105523;0,066230947;0,012755226;-0,002581415;7,07E-47;0,23227787;0,085870767;0,608038835;9,85E-62;0,844609097
FIS;0,002128867;-0,002327742;0,134147379;0,011693699;-0,008566155;0,043204108;0,216735856;0,005398975;0,609871293;1,46E-22;0,414868847
GRMN;0,000369493;0,000562614;-0,08564641;0,010020111;-0,000838804;0,580937312;0,639663344;0,666688127;0,610067811;4,96E-34;0,561525895
HOLX;-0,000999752;-0,001758577;-0,121008579;0,008959187;0,000185837;0,293518453;0,303427896;0,946427461;0,6119644;1,59E-17;0,325457339
MNST;-0,000317624;-0,001757033;-0,089184348;0,00809767;0,000524533;0,650745727;0,164034455;0,797206254;0,6124464;1,08E-23;0,416636728
REGN;-0,003866893;-0,003324616;0,116148507;0,006048714;0,001224199;3,86E-05;0,045031002;0,647200018;0,61457467;4,69E-10;0,249156164
MKC;-0,001096603;-0,003645434;0,097633261;0,005124416;-0,001900054;0,162946239;0,010242504;0,405358546;0,619779476;6,02E-10;0,199504909
HST;0,007648027;0,00969667;0,121773357;0,010729725;-0,002910251;3,35E-13;1,07E-07;0,30776918;0,620278698;5,96E-22;0,568089031
MGM;0,00755163;0,003871284;-0,137536009;0,020459616;-0,002328482;1,05E-10;0,05245335;0,469807128;0,620375317;1,83E-44;0,692992215
UNP;0,003177665;-0,000418793;0,08538444;0,009339309;-0,00129348;7,19E-06;0,735231487;0,519434439;0,621794205;1,06E-29;0,533640023
AXON;-0,00360522;0,007953291;-0,165827944;0,012612602;0,003325762;0,008077708;0,001197084;0,397224867;0,624227863;2,59E-17;0,405480666
EXC;0,002367594;-0,003971871;-0,08871911;0,009514847;-0,001632135;0,001259286;0,002541873;0,43903265;0,625502318;1,77E-28;0,489824026
UAL;0,01351869;0,008660178;-0,184879879;0,019535579;-0,008302814;3,99E-16;0,001736671;0,061752508;0,628053037;1,32E-27;0,59493197
JNJ;-4,03E-05;-0,003877905;0,068144881;0,004568704;-0,001053743;0,943253353;0,000180478;0,522727812;0,631597245;8,44E-14;0,27085728
SNPS;-0,00645607;-0,001835524;0,085236497;0,011561113;0,003555423;9,82E-17;0,150278527;0,085914946;0,631809734;4,83E-38;0,658750066
ADI;-0,000250469;0,002088985;-0,082173299;0,010324602;-3,02E-05;0,715040638;0,091056058;0,987922611;0,633142474;2,92E-34;0,576966624
EXPD;0,000199807;-0,001240403;0,083197292;0,009577005;-0,000262677;0,774159556;0,321731533;0,896851944;0,634020177;2,42E-30;0,513769815
CF;0,009808933;0,003728165;0,142173402;0,008360016;0,00042837;3,34E-14;0,084262732;0,902207461;0,636330299;5,17E-11;0,400044462
IBM;0,003463607;-0,000613127;-0,080740962;0,00721854;-0,000535432;9,75E-07;0,618481256;0,788389441;0,63884533;1,06E-20;0,422216439
KMI;0,007361774;0,00100331;-0,082497071;0,008185487;-0,002847377;1,22E-20;0,427171866;0,165106012;0,640166707;5,58E-24;0,570779545
ETR;0,003490939;-0,004582965;0,092069698;0,009904702;-0,004126242;1,45E-05;0,001346202;0,072261586;0,640516923;7,00E-27;0,48923131
AEE;0,002598202;-0,005550728;-0,077969696;0,008115412;-0,003067091;0,000139535;6,86E-06;0,116495951;0,642552362;2,00E-25;0,463759104
AMAT;-0,001675155;0,001429512;0,118326967;0,016309011;5,23E-05;0,105589665;0,440612718;0,986111986;0,647661377;1,55E-36;0,599232319
CHRW;0,000765985;0,000760292;-0,10098413;0,005436513;-0,000299285;0,387207548;0,632426403;0,907486887;0,649366271;4,93E-09;0,181424546
EBAY;-0,001570055;-0,001700486;-0,100116988;0,012874112;-0,002664813;0,080303516;0,290233909;0,306436459;0,655512006;2,75E-32;0,534798725
TFX;0,000147401;0,002221242;0,105415828;0,011243044;-0,00563676;0,875740182;0,190372123;0,040972078;0,655893433;7,78E-25;0,466735957
ABNB;-0,004670053;0,01442898;-0,143424304;0,007480419;-0,002744264;0,000346548;2,34E-09;0,462875051;0,656195714;2,51E-08;0,372691442
WY;0,005304196;0,000620414;0,093466354;0,015058581;-0,003852707;1,59E-09;0,680066152;0,115181087;0,656645517;5,91E-43;0,673296338
CE;0,006559921;0,003956642;0,084226491;0,012670362;-0,002253924;2,79E-15;0,004323495;0,311376065;0,660507021;7,60E-39;0,677815378
K;0,001358866;-0,004675926;0,071614975;0,004018937;-0,002143881;0,038346204;9,14E-05;0,259617495;0,661863554;4,52E-09;0,209097072
D;0,002550047;-0,003848648;0,080439401;0,006776668;-0,005489124;0,000642061;0,003957503;0,011024254;0,663157446;6,50E-17;0,343493402
ADSK;-0,00404806;0,00118072;0,100971734;0,012655824;-0,002075903;1,88E-05;0,476875883;0,440358863;0,663207248;3,56E-30;0,550643055
WRK;0,008649458;0,002109024;0,10774218;0,009763863;-0,002632122;8,76E-16;0,23463235;0,359715166;0,663431959;7,25E-19;0,496459655
URI;0,006865712;0,006647494;0,097168095;0,014939973;0,00265123;7,63E-13;5,13E-05;0,309226282;0,665237494;3,47E-39;0,683239558
WDC;0,005693704;-0,001561518;-0,14036924;0,01565626;-0,004504965;2,15E-05;0,50667938;0,237779127;0,669169146;6,18E-25;0,465966137
CPB;-0,00030068;-0,005593615;0,081465859;0,00185137;-0,001543345;0,692461182;5,99E-05;0,485596568;0,66933278;0,016037976;0,091445818
UPS;-0,0004696;-0,000467197;0,091115644;0,00855832;-0,000705391;0,580977017;0,759671894;0,775650033;0,669463581;2,42E-19;0,367103001
PG;-0,001138216;-0,005847771;-0,055355809;0,005795465;-0,00036362;0,030822436;2,95E-09;0,811510219;0,673765348;2,94E-22;0,422333449
LW;0,005843734;0,000419318;0,111293788;0,010742705;-0,002250076;1,07E-07;0,825569992;0,465858206;0,675569335;1,47E-19;0,427698214
DXCM;-0,008147781;0,002614467;0,141172077;0,011857482;-7,01E-05;1,11E-08;0,287212786;0,985933915;0,680527634;1,91E-15;0,400874456
VRSK;-0,003367367;-0,003570642;0,067588217;0,00902194;-0,000347158;7,87E-07;0,002914076;0,856652718;0,683421428;4,64E-30;0,534349958
PKG;0,004328076;0,002733064;-0,079191619;0,006102907;0,00054769;9,02E-08;0,052105298;0,809307984;0,68575732;3,67E-13;0,355367271
TSN;0,004275196;0,000237038;0,085569707;0,00529039;-0,002748965;9,85E-07;0,876066036;0,265181864;0,687085355;2,80E-09;0,263271247
IR;0,003295816;0,002369237;0,075877489;0,010862829;0,001515754;1,95E-05;0,081139794;0,48970073;0,688262437;2,44E-32;0,577374962
GS;0,006475475;0,001798781;0,060490399;0,013126071;-0,00174136;2,77E-21;0,0993969;0,323890305;0,690738081;2,01E-53;0,769722385
ABT;-0,002146482;-0,003131066;0,074954521;0,007751453;-0,00112895;0,004798525;0,021497099;0,606653718;0,691738064;5,33E-20;0,381766777
MTB;0,012104742;0,006443804;-0,082761464;0,009583864;-0,004077477;6,45E-33;2,50E-05;0,093347853;0,691833192;1,29E-23;0,668984347
MDT;0,00196155;0,001639298;0,067742373;0,008782223;-0,004091067;0,00475361;0,185258664;0,041993057;0,694644123;2,25E-27;0,507387494
EVRG;0,003609734;-0,005162838;0,077847134;0,008590659;-0,004185462;9,53E-06;0,000372216;0,071493448;0,696278867;1,61E-21;0,425673777
TYL;-0,006230754;0,000917261;0,074442417;0,00955337;-0,000988441;3,44E-14;0,502541437;0,655625941;0,696869175;1,08E-26;0,566279868
KVUE;9,88E-05;0,000535978;-0,032166551;0,00069539;-0,001647658;0,765900098;0,368663152;0,08902431;0,699191721;0,037838766;0,032693027
XEL;0,00267622;-0,007376045;-0,066633187;0,008513118;-0,003278242;0,000151665;1,36E-08;0,105382635;0,70175484;6,89E-26;0,478847208
XOM;0,00975046;1,52E-05;-0,081895725;0,0077639;0,001002283;3,23E-23;0,992160892;0,688775065;0,704276813;2,05E-16;0,525011059
INVH;0,002821156;-0,002161468;0,079544739;0,013728736;-0,004089971;0,000885673;0,151195218;0,094095459;0,704735929;2,43E-38;0,606261025
BKNG;0,003307313;0,003377789;0,087881224;0,012183357;-0,000497895;0,000429364;0,042890107;0,853126099;0,704747641;1,29E-28;0,535373304
LNT;0,00315569;-0,005763142;0,062841364;0,00845641;-0,003347772;3,46E-06;2,40E-06;0,082952871;0,704793243;1,93E-27;0,503428689
TTWO;-0,004233359;-0,001615503;-0,095103167;0,007602274;-0,000273484;3,95E-05;0,372280617;0,925673181;0,706783785;1,93E-12;0,286156617
JBL;0,00299095;0,003431795;0,086968248;0,013788019;0,002663501;0,001532425;0,041320311;0,326519653;0,709934128;1,69E-33;0,584695346
CTVA;0,006550187;0,004902855;0,07733256;0,00824975;-0,000988162;2,53E-13;0,001233858;0,683848437;0,711670566;7,37E-19;0,50234013
LYV;0,004164445;0,007732392;-0,11610072;0,015152549;-0,001852499;0,001077385;0,000730819;0,612414254;0,712646135;3,06E-25;0,510453815
BSX;0,001362542;-0,000971435;0,062532581;0,009942101;-0,000928543;0,046716782;0,42770058;0,639769269;0,714674205;7,39E-33;0,547016086
ALL;0,00593243;-0,00391064;0,072997441;0,00871556;-0,001871029;2,95E-12;0,006778934;0,42008434;0,715061412;6,77E-22;0,48145936
FANG;0,013774335;0,00267734;0,145433323;0,012781395;0,002002742;1,97E-15;0,350163075;0,666030905;0,716219533;1,15E-13;0,434754183
DUK;0,003487154;-0,005087869;-0,062797651;0,007637839;-0,002210328;1,03E-06;6,04E-05;0,272941149;0,71754617;3,37E-22;0,439279971
CEG;0,00012484;-0,003322516;0,080598595;0,003475695;0,003607221;0,888951851;0,039560382;0,166656588;0,719429165;0,000144677;0,082622583
WMB;0,00760598;-0,001537703;-0,072273225;0,010488199;-0,00043097;9,75E-18;0,287271596;0,853790605;0,720063926;3,23E-28;0,578445983
DFS;0,013134023;0,001420573;0,114815313;0,02076014;-0,005205665;5,10E-20;0,536868877;0,163467702;0,72087148;9,62E-38;0,671929505
HES;0,01330063;0,00143785;-0,103523464;0,009762266;0,002186028;2,35E-23;0,493237044;0,520357185;0,723957811;1,42E-14;0,514797038
NTAP;0,002259915;0,002627598;-0,076933616;0,009895867;0,000158232;0,009968917;0,093543871;0,95013345;0,724391424;3,30E-23;0,451949894
DHI;0,001317667;0,003392085;0,088513755;0,012478685;0,00187071;0,193031327;0,062616502;0,524709822;0,726946858;4,08E-26;0,491680357
PXD;0,010289782;0,001854575;-0,101043462;0,008424293;0,001661072;3,98E-16;0,37259228;0,621938322;0,727888432;9,20E-12;0,416137142
CTSH;0,002087345;0,002187986;0,065872073;0,009714826;-0,002216561;0,00646133;0,10960594;0,316279582;0,729498015;1,88E-27;0,510753788
CMI;0,004847721;0,000875101;-0,052903787;0,009057204;-0,000950859;4,07E-13;0,434609583;0,600236643;0,735189319;1,09E-32;0,602187324
HSY;0,000946168;-0,005509163;0,051941858;0,005879133;-0,000804169;0,128839128;1,64E-06;0,656482804;0,738969108;1,24E-17;0,347013097
MPWR;-0,0039272;0,003383528;-0,099440247;0,014812528;0,002120516;0,001190332;0,116040606;0,542259507;0,740233641;3,11E-26;0,500417787
MLM;0,005318742;0,003432429;0,067689727;0,011590343;-0,00046593;7,17E-10;0,020752805;0,84537259;0,742481743;1,92E-31;0,59336001
ICE;-0,00126527;-0,002237357;0,047360354;0,008891723;-0,000885478;0,028700149;0,031181826;0,596680292;0,742663091;1,62E-35;0,571104696
EW;-0,00301767;3,36E-05;0,074970285;0,011131703;-0,002711765;0,00113934;0,98368695;0,308996323;0,743983308;1,47E-25;0,478218312
DHR;-0,003039118;-0,001572684;-0,058836725;0,008915313;0,000508559;4,72E-05;0,231658715;0,811044297;0,748384678;1,21E-25;0,474492602
CBRE;0,006719151;0,003832695;0,066017587;0,013227765;-0,002329193;5,83E-14;0,010753668;0,33535509;0,751226017;6,26E-37;0,656711663
TAP;0,005993469;0,000366179;0,070218434;0,007099165;-0,001797902;1,39E-10;0,81768503;0,485189488;0,751764715;1,10E-13;0,376875602
INCY;-0,001751798;-0,000595409;0,075362066;0,005152624;-0,002795791;0,070641166;0,731146959;0,320037703;0,755629548;2,78E-07;0,152741953
HSIC;0,004637905;-0,000134158;-0,060785852;0,009614647;-0,002399027;3,08E-08;0,926009612;0,306176011;0,76335888;6,65E-25;0,48987963
DAY;-0,002423487;0,005892743;0,086514565;0,014913773;-0,004374724;0,037227768;0,00498379;0,194718412;0,765678606;9,76E-28;0,531539904
SWK;0,004236088;0,003084758;0,071971119;0,013727433;-0,006208903;1,86E-05;0,076544197;0,028180933;0,766562485;1,02E-31;0,570808282
ARE;0,002405643;0,001921709;0,057679707;0,011028063;-0,005247962;0,002208429;0,169126586;0,021077301;0,767209157;1,07E-31;0,557751117
MAS;0,001110397;1,47E-05;0,06221149;0,012029905;-0,001917695;0,187870514;0,992216846;0,433810708;0,768240375;5,46E-32;0,540703656
WAT;0,00087812;0,000337809;0,064130986;0,008348896;-0,000431208;0,320209594;0,831148223;0,866624937;0,772074206;1,26E-17;0,344019234
ES;0,002846313;-0,006160119;-0,054597766;0,009556765;-0,005166093;0,000213295;9,49E-06;0,019568925;0,77323499;5,02E-27;0,481715831
PH;0,006100311;0,003666708;0,04609063;0,013205779;0,000302209;4,33E-17;0,002254817;0,875065091;0,78094761;9,22E-49;0,743877671
SCHW;0,007284472;0,003491076;0,068875103;0,010572212;-0,001482452;1,26E-11;0,055869439;0,614821287;0,786233612;1,88E-20;0,487577045
MRO;0,014867686;0,0046726;0,097559697;0,010011654;0,002457693;3,77E-20;0,072558386;0,558592758;0,787634194;6,53E-11;0,462370449
VTRS;0,003321388;0,005034127;0,082005407;0,007529794;-0,00534678;0,006845687;0,022084972;0,132110004;0,788222835;3,87E-09;0,244831908
GEHC;2,71E-05;0,00258841;-0,036532086;0,001264396;0,000498784;0,960698307;0,009390619;0,755400284;0,791292625;0,022963403;0,077279437
TDG;0,006526253;0,001672135;0,058946006;0,014227433;-0,001521957;5,26E-12;0,295145598;0,556184581;0,79143555;3,70E-37;0,639538947
BBWI;0,007844502;0,004816362;-0,113667937;0,018239727;-0,00108391;8,69E-06;0,119765569;0,828443142;0,792128479;6,16E-21;0,44106572
SO;0,003322197;-0,004489641;0,04341227;0,008089165;-0,001977882;1,22E-06;0,000216181;0,306634652;0,794427863;1,33E-25;0,481032987
SRE;0,004569418;-0,000886302;0,049110923;0,007877238;-0,001888447;7,59E-09;0,514555038;0,391709417;0,795976147;2,45E-20;0,439371237
MCO;-0,001345534;-0,004348032;0,039564716;0,012555039;-0,001070168;0,031653194;0,000135057;0,554821838;0,800032354;2,92E-49;0,688784166
CL;-8,86E-05;-0,004755189;-0,030928912;0,004658981;-0,000799434;0,864687938;8,17E-07;0,597554224;0,812699648;3,29E-16;0,3186481
MCHP;0,000131395;0,004506882;0,049655196;0,013943097;-0,00043624;0,876198376;0,00325327;0,858927626;0,814497268;1,07E-38;0,636515913
ETSY;-0,009033198;0,007894179;-0,095954089;0,019362408;-0,002979912;1,34E-07;0,008340181;0,535450365;0,816904429;3,17E-24;0,519427578
FE;0,002975707;-0,003610971;-0,056929802;0,008046213;-0,003580987;0,003027431;0,043781922;0,215802883;0,819136927;6,57E-14;0,281506749
TT;0,003465601;-0,000141336;-0,045521286;0,012127206;-0,000232862;2,01E-05;0,920990273;0,919683933;0,819186517;5,96E-35;0,583597397
NEM;-0,001276435;0,001683528;-0,066800711;0,004616568;-0,001325442;0,283657116;0,430650017;0,701667478;0,822806924;0,00014695;0,093824213
PM;0,002151856;-0,004771905;0,039913286;0,008321654;-0,002339465;0,003648101;0,000356713;0,272908184;0,82800243;3,66E-23;0,425085913
SMCI;0,002393761;0,005422814;0,098495745;0,01227563;0,007555443;0,192132176;0,100291076;0,157326161;0,830276375;2,41E-10;0,237508991
CTRA;0,00860668;-0,002608127;-0,067117782;0,008493428;-0,00221698;9,44E-11;0,248838402;0,544792943;0,831548417;1,81E-10;0,324601897
HPQ;0,004179536;-0,000837348;0,048707032;0,011553701;-0,001879806;8,13E-06;0,60949977;0,479370402;0,831579404;4,94E-27;0,49959609
WMT;-0,001658359;-0,004470196;-0,037175463;0,004487137;0,000371937;0,018727814;0,000468066;0,855201192;0,832470185;1,21E-09;0,209396693
IPG;0,006692641;0,003566965;-0,042200008;0,012959462;-0,002172664;1,36E-14;0,014130852;0,353159172;0,834155669;1,65E-37;0,660052566
WBA;0,004716759;0,005323901;-0,05211009;0,006433404;-0,006016251;5,77E-06;0,003772138;0,042257394;0,837489623;1,61E-09;0,298847555
PNR;0,003146253;0,001302441;0,042877891;0,013877912;-0,001834838;0,000243748;0,389792008;0,454630324;0,839302874;1,65E-38;0,62288745
LMT;0,003535879;-0,006072842;0,036875415;0,006880159;-0,001214383;2,71E-06;6,85E-06;0,568889243;0,840932415;1,94E-17;0,384705989
GILD;-0,000310675;-0,001649095;-0,03871143;0,002796227;-0,000340408;0,704571584;0,263029446;0,886460621;0,850630544;0,000806743;0,058525874
PNW;0,003614724;-0,003735219;0,038340983;0,008911348;-0,004259065;1,57E-05;0,011536561;0,074324594;0,851593155;8,16E-22;0,424058578
AMCR;0,002541721;0,001296058;-0,032674872;0,006489822;-0,000984929;0,00035949;0,303540446;0,629127036;0,852550094;4,59E-17;0,365689692
HII;0,005177114;-0,000727679;0,035493875;0,007147887;-0,001496992;1,53E-10;0,596878198;0,50209175;0,853489064;2,95E-17;0,416300627
COF;0,012016745;0,003309451;0,046057673;0,017153013;-0,004742117;3,74E-25;0,067168632;0,105238096;0,85472544;2,07E-40;0,712074697
FI;0,003145532;-0,00137447;0,030873718;0,010484931;-0,00288942;5,60E-06;0,257018936;0,141951922;0,855198119;9,21E-36;0,589988691
INTU;-0,004684367;-0,003804946;0,031393651;0,014331089;0,000135811;3,90E-10;0,003203362;0,94765366;0,860291592;3,12E-49;0,709266766
DRI;0,005805856;0,001338629;0,047760997;0,015687405;-0,00169184;4,47E-07;0,502984259;0,601356708;0,86413976;2,15E-31;0,563290475
FFIV;2,89E-05;0,004293948;-0,032514778;0,008113188;-0,000416011;0,9717603;0,003775154;0,861050216;0,873932913;5,70E-19;0,407436681
HRL;-0,000367905;-0,000701188;0,02986439;0,001292917;-0,00218569;0,629748401;0,608872478;0,325490751;0,876032688;0,092596233;0,01688888
BA;0,010626305;0,001937821;-0,053452997;0,020293176;-0,006035957;1,84E-12;0,445025009;0,142961116;0,88008214;3,30E-32;0,595632597
MO;0,004185648;-0,002062273;-0,026078867;0,006667099;-0,002827723;8,05E-09;0,099436829;0,162919097;0,881066298;5,22E-18;0,402449249
PPG;0,003287366;0,000913163;0,026965121;0,010972245;-0,002096178;1,18E-05;0,487300847;0,325502994;0,883236683;4,33E-34;0,584156021
HAS;0,002966118;0,001584584;0,038897441;0,010813193;-0,004780678;0,005912288;0,408598783;0,124790494;0,884485844;1,51E-19;0,393164414
PHM;0,003997436;0,003227444;-0,042242219;0,016430563;-3,42E-05;0,001061011;0,136616129;0,992210806;0,888806904;5,17E-30;0,539106809
DAL;0,010161671;0,005501843;0,046684553;0,017831108;-0,007561895;1,16E-12;0,022780797;0,053023939;0,889293026;4,32E-29;0,58376582
IFF;0,001370757;0,005661618;-0,034118675;0,01039072;-0,005549539;0,167238034;0,001666079;0,055232047;0,890760498;1,35E-20;0,43778338
CPRT;-0,000837713;-0,000473819;0,023248727;0,011747582;0,000860054;0,228570554;0,704001658;0,670478994;0,893859916;7,75E-40;0,6191458
ODFL;-0,000605175;0,002738095;0,027905123;0,009964404;0,002510405;0,480096889;0,076189097;0,314449547;0,896685635;5,85E-24;0,460747539
AJG;0,001606895;-0,004248802;0,02099942;0,009471605;0,001158278;0,013585958;0,000316053;0,537966046;0,896913846;4,35E-33;0,540803004
LKQ;0,007517989;0,001849006;0,027899429;0,01474157;-0,002943303;5,60E-15;0,246557972;0,255042407;0,900259623;6,01E-39;0,663958164
CDNS;-0,006610511;-0,001978;0,021629846;0,011125363;0,004387569;4,68E-18;0,111683534;0,029937003;0,900617321;1,85E-37;0,657956931
VMC;0,004988031;0,001439033;0,023894752;0,010040099;-0,000694074;5,83E-09;0,328639271;0,771018261;0,90748147;8,24E-26;0,516948439
APTV;0,005966691;0,00626048;-0,030284294;0,0168055;-0,005222885;4,36E-08;0,001031097;0,08785748;0,908276647;3,10E-37;0,644296565
BX;-0,000297773;0,003578957;-0,02789845;0,015006126;-2,93E-05;0,764195503;0,045737756;0,991919804;0,910807633;1,84E-34;0,584377859
PLD;0,000297353;-0,001544793;-0,021062219;0,01265991;-0,001613442;0,705087187;0,274166332;0,480593413;0,914903139;1,87E-37;0,588331632
DECK;0,001289374;0,004244394;-0,030609664;0,011155571;0,004057007;0,26111663;0,040140446;0,22447078;0,915189899;2,07E-18;0,382925237
JBHT;0,00207441;0,00055836;-0,020062753;0,009015543;0,000653787;0,007198648;0,68430625;0,768923147;0,916719279;2,00E-24;0,45448717
EPAM;-0,005393814;0,002472379;-0,045920373;0,014612757;-0,002135349;0,002455638;0,434296197;0,676752404;0,917169979;1,99E-14;0,318640597
LLY;-0,002402383;-0,003935985;0,022343039;0,005632281;0,005496036;0,017187991;0,029500839;0,060328017;0,929106874;6,85E-08;0,168451573
DLTR;0,000809812;-0,000796295;0,027632005;0,007398779;0,000368538;0,516255501;0,722125622;0,919098946;0,929621808;1,46E-08;0,164937002
DOC;0,006815547;0,001815609;0,019480775;0,012738437;-0,007373293;2,43E-12;0,267958555;0,005906213;0,932109288;5,12E-31;0,588326205
CPT;0,003356514;-0,001386796;-0,01633146;0,011377156;-0,004157687;1,98E-05;0,315222701;0,064022935;0,932462845;1,53E-33;0,564551374
HPE;0,006364136;0,001966053;-0,01688713;0,010163305;-0,001740233;8,10E-13;0,188341399;0,471774061;0,935410647;9,14E-26;0,54239488
CNP;0,004648094;-0,00290887;-0,01697077;0,011172917;-0,001286332;3,45E-07;0,067227712;0,616105348;0,938830254;4,36E-27;0,500108634
GOOG;-0,00377742;-0,002176283;0,013863791;0,010198466;0,001142169;1,65E-06;0,114187466;0,607935921;0,942407463;4,50E-29;0,524551593
ROK;0,000958673;0,001812043;0,014472707;0,011938924;-0,00128754;0,236987602;0,213277014;0,584688059;0,943176548;2,32E-33;0,565860517
WELL;0,009122163;0,003524586;0,018084685;0,011915929;-0,002728901;6,95E-16;0,059310902;0,365914331;0,944539472;1,46E-23;0,54733486
WEC;0,002547189;-0,008196618;-0,011871391;0,008459085;-0,003814615;0,000615213;2,71E-09;0,074701312;0,948497281;1,05E-23;0,4551468
FDX;0,000530774;0,002246054;-0,016854858;0,00855679;0,001127901;0,622914988;0,247187296;0,719501665;0,950363553;1,96E-13;0,280602029
NVR;0,002152034;0,001216567;0,013336767;0,011955352;-0,000160481;0,017448687;0,451226829;0,951069087;0,952837134;5,62E-29;0,514931976
T;0,00495904;-0,001885681;-0,01061837;0,006570548;-0,005199107;8,52E-11;0,147228884;0,01415984;0,953299511;1,38E-16;0,405093297
DIS;0,002076188;0,001453852;-0,010033685;0,01073729;-0,004759857;0,006771342;0,287052655;0,032274825;0,958006773;1,67E-31;0,548125933
TMO;-0,003013145;-0,00103419;0,00917046;0,007436458;0,000544787;3,07E-05;0,415459306;0,791097435;0,958754319;1,12E-20;0,41592326
BALL;0,001356244;-0,002331616;-0,011927839;0,010605243;-0,004320423;0,166284785;0,184965201;0,129884169;0,961206899;1,23E-21;0,392107429
V;0,000830105;-0,000917571;0,007418672;0,009755537;-0,001597893;0,190159545;0,419303055;0,38556354;0,962699088;2,12E-35;0,570550718
XYL;0,003402469;0,001426382;0,007494934;0,010686786;-0,001992216;1,28E-05;0,297028538;0,368640461;0,968677497;3,13E-31;0,557392096
LYB;0,010097285;0,004515847;0,006856367;0,010301754;-0,001630295;3,43E-28;0,001406649;0,471306511;0,971952914;7,85E-29;0,666677589
AEP;0,003268529;-0,005117494;-0,006180876;0,007816687;-0,003343841;1,36E-05;0,000135863;0,118076897;0,973187227;4,30E-21;0,417114545
BIO;-0,005543105;-0,00168291;0,007471722;0,008464974;-0,002680527;3,81E-07;0,374895261;0,383154573;0,977486253;1,12E-13;0,33354877
DVN;0,014619133;0,002448972;-0,011083081;0,012254798;0,0020704;1,33E-16;0,39829007;0,659273959;0,978156229;1,44E-12;0,431483825
ROL;-0,002013919;-0,001569939;-0,005510448;0,006254404;0,000756798;0,02299168;0,320972194;0,767580649;0,980086868;2,47E-11;0,231819039
GOOGL;-0,003633117;-0,002195444;-0,004624719;0,010278897;0,001132704;3,21E-06;0,108023789;0,607835625;0,980607105;9,65E-30;0,529486587
YUM;0,002928842;-0,002718994;-0,002908833;0,010845917;-0,001505842;7,95E-06;0,018601949;0,418320158;0,985521412;5,10E-40;0,623220005
BLDR;0,005594326;0,010664859;0,005528978;0,016335053;0,005016992;8,27E-06;2,38E-06;0,159593446;0,985621087;3,78E-29;0,585905989
PCAR;0,003256664;-0,000789889;0,002815631;0,009289481;0,000360673;1,94E-06;0,508009278;0,851980012;0,986520726;4,84E-31;0,545699534
CPAY;0,004167122;0,002638275;0,003241643;0,012137673;-0,004008222;1,13E-06;0,077819512;0,098143785;0,987578753;5,61E-33;0,586547378
DTE;0,004787957;-0,002921612;-0,002512051;0,008191264;-0,001964794;1,56E-11;0,0157329;0,313249312;0,988053951;8,38E-26;0,514415697
EMN;0,006520938;0,005106316;-0,002528223;0,011875628;-0,001904219;4,08E-17;7,79E-05;0,354071017;0,988602016;1,33E-39;0,69570761
INTC;0,000300939;-0,000667054;0,003573805;0,010434067;-0,004133275;0,770359633;0,718602559;0,169293099;0,988976044;1,64E-19;0,364237885
AVGO;-0,00133017;-0,001972221;-0,001975875;0,011671332;0,00404774;0,088479823;0,15903659;0,074963446;0,991923406;4,10E-34;0,555445527
GPN;0,003326634;-9,42E-05;-0,001618354;0,014537759;-0,00701031;0,001574254;0,959726975;0,021287258;0,995046562;4,60E-31;0,535962015
FTNT;-0,007378197;-0,001971552;-0,00093194;0,011024453;0,003534117;2,52E-08;0,388186075;0,339975104;0,997668814;1,99E-15;0,372513746
SLB;0,013681892;0,005095932;-0,000884672;0,009049363;0,000641358;1,45E-22;0,021947404;0,857824186;0,997713278;5,91E-12;0,499617929
VICI;0,005858257;0,002276604;0,000552998;0,012417098;-0,002214311;5,24E-11;0,133726561;0,367253573;0,997914154;2,76E-33;0,605221692
NVDA;-0,008682995;-0,000876825;0,000611106;0,015388008;0,00649169;1,82E-14;0,641320046;0,034314978;0,998145671;3,77E-33;0,613689947
KR;-7,52E-05;-0,00312703;-0,000371788;0,001761174;0,001252525;0,936553979;0,066402601;0,648709794;0,998748366;0,064453376;0,028093978
KMX;0,004254097;0,002366665;0,000319054;0,017383358;-0,006083492;0,000635402;0,283256146;0,089497418;0,999172818;1,32E-31;0,553937232