;coefHML;coefSML;coefrmrf;const;pvalorHML;pvalorSML;pvalorconst;pvalorrmrf;r2
MSFT;-0,005608200925693702;-0,003257591762144788;0,009982681956201441;0,00024387247025653715;1,6949652605345114e-32;4,977023084920217e-08;0,7610769048900914;4,5820632784113386e-157;0,45771286344970274
AAPL;-0,004898761311041395;0,00033001017632382776;0,011054821079980346;0,0025981019685435112;1,4201400762661595e-11;0,7224971056743363;0,03856704140605782;1,5073036550712169e-90;0,30419866653557115
NVDA;-0,008406014820983665;0,007444874152832639;0,01691463737222625;0,002842141692223803;7,383762920373482e-15;8,30661145688293e-08;0,12763743174124173;4,641052686242766e-95;0,3560699310572363
AMZN;-0,008669872420835206;0,002000749930090299;0,012569058445263931;0,0013753867039920627;2,197701087069502e-21;0,0846716818092533;0,3798545960130929;2,2856345284748616e-77;0,29511901414399144
META;-0,003301013004308352;-0,0004112520212171778;0,004219658877644943;0,0012524026024695921;8,843637873813756e-09;0,5770549057474277;0,20859634351145373;5,305304128052736e-25;0,10189419669623989
GOOGL;-0,0016913685952006667;-0,0007552372809313003;0,008028466389097544;0,0018610208394544544;0,0009464614826581547;0,25277879680025656;0,03700508759251584;6,358370438830228e-94;0,29570975659738097
GOOG;-0,001724590396197419;-0,0008265130251257931;0,00805222649233813;0,0018725587788915833;0,0007797376818910709;0,21221747100291657;0,036446063121147725;6,95263576661683e-94;0,2952835666038637
LLY;-0,001493889392217738;-0,004408182802226402;0,006691909432801059;0,0008638537411071266;0,004669955856942664;1,4358947557090055e-10;0,348207335373667;3,1641800947771046e-65;0,209539137831521
AVGO;-0,0015343026444325062;0,0007533669270553507;0,0059303333921762015;0,002344368914226581;0,0029076909023211797;0,25759208052012544;0,009157782295533318;3,888689283772942e-55;0,19490436755227802
JPM;0,009810342264631329;-0,002512669974167954;0,013265123496952042;-0,0015223811685864056;1,2724199924606766e-76;8,748294202545974e-05;0,07764420904623251;3,0518904054050654e-213;0,6190005828170967
TSLA;-0,004334376423591677;0,0023021726194142017;0,007284814238724055;0,002633760336907113;6,240825066187785e-07;0,03986188198135076;0,08157307048002571;1,6984255732125575e-31;0,1331546977181166
XOM;0,0053423582970598335;-0,0014382626963899837;0,0074481270309835835;-0,0008694780140288416;7,580035699268793e-35;0,00830824164966082;0,23684292829095135;5,3716878657656336e-114;0,41018847971290195
V;0,0012947172477935755;-0,00034202446022990265;0,006551601319156427;0,0010746810352725625;0,000763268599767052;0,49082829002197703;0,10902675923810166;1,7226481087299073e-107;0,3406396625702347
UNH;0,002500666112240622;-0,0046188545325914045;0,008831806408055524;0,0018292198549348607;2,3140867578330546e-05;1,7206221822568541e-09;0,07540713735942739;8,728531373226408e-87;0,28572888845646527
MA;0,0018340486394647993;-1,6806104297424746e-05;0,008018331539053385;0,002141384436067368;0,00020963696913633506;0,9789874834830408;0,013055200863906918;3,583262103691512e-99;0,3230990257502959
PG;-5,5111276336104465e-05;-0,005243661757340566;0,004906241682319593;-4,889345243574269e-05;0,8995728761784898;6,807734925472984e-20;0,9488804740318064;1,0831777513251486e-52;0,18907500072999384
JNJ;3,484974935325445e-05;-0,0043335548159685435;0,005181180640333428;2,3249290778743078e-05;0,9221008600785168;2,405805519432769e-20;0,970200805855493;2,5479396806041924e-82;0,26733833674340335
HD;0,0012361618829748943;-0,001609451096244188;0,01125705928753148;-0,0005128945473903837;0,018806417623637363;0,018025571496896677;0,5763290489100139;1,3357845683668282e-153;0,43931533529429545
MRK;0,0008451846705369078;-0,005239499483343093;0,005980744217752881;-0,0005709901541481705;0,10335808653719034;1,1731833578516846e-14;0,5284415310984175;3,629484845123096e-55;0,19338693665377205
COST;-0,0015675307923194673;-0,0027687007956402263;0,008251567032407684;0,0008740379347725053;0,0013777687934783806;1,2907206797951788e-05;0,30613410688384374;1,6932429874277278e-105;0,3172687597307383
ABBV;-0,0004416414601114215;-0,0013141283634341735;0,00322691763282207;0,0005674491116373794;0,2639978949069577;0,010252292947071794;0,41112522018431497;8,237805900108446e-30;0,09757552059346053
CRM;-0,002194213893523434;0,0015920322105214542;0,010454387522354731;0,0016208557195953371;0,0014856202336211036;0,07424710730981905;0,17821126629573675;1,9668002847160508e-88;0,2956904041907904
CVX;0,0060829813861956435;-0,002147146027715981;0,008475177843886959;-0,0007549307123075673;1,3788348656555852e-41;0,00013654991240034375;0,3193105968871366;3,0169802956733755e-133;0,4580151367993085
AMD;-0,0038537599975677498;0,005612833318814096;0,017733185750105712;-0,0008927103881420796;0,0008016697751543415;0,00016136398657569877;0,6558564578290055;2,781002690411487e-91;0,31746740545939856
NFLX;-0,0034289331170797716;0,0019368861757129805;0,009936974399183495;0,003316031469457179;0,0023236355174080475;0,182818106720323;0,09129185126669698;2,123258722829815e-34;0,1293540886109653
BAC;0,014942756217429668;-0,0037146469259844743;0,014742802017473923;-0,0027073343512954446;4,659224523658698e-114;1,36816592872682e-06;0,008913540879175112;9,626649198729107e-192;0,6257040201912116
WMT;-0,001604581132026694;-0,0051854135650206785;0,00640926083807086;-0,0002490251777982045;0,0002472431888058543;1,6581372671374934e-19;0,7439836975599159;1,1348088168617128e-83;0,2668407253799
PEP;-0,00024390961960613032;-0,004625003238603573;0,005234124620179798;0,0002857756402603734;0,4947209833740004;9,199787733119104e-23;0,6468545182950454;1,9670712389468527e-83;0,27116330605688466
KO;0,0014601816685179212;-0,003925543882934221;0,005822682232762815;-0,0005507825653197419;0,00020071816794713727;1,8622468134178006e-14;0,4206994299995721;1,71760044544777e-85;0,28347895948013935
LIN;0,002035810524823964;-0,0010451389160763987;0,009210026268548771;0,0005360697675988588;8,420549877491178e-07;0,049630414113397824;0,4555535819619301;3,411435141866395e-164;0,4695043496390212
TMO;-0,0022559298637252513;0,0006299504109784829;0,009672369168664968;0,0012922972595082668;3,5333116083870664e-06;0,3147366304952398;0,12678049049397996;6,071959387832489e-138;0,41478656948406256
ADBE;-0,007036821325996213;-0,0006613683074988188;0,012384021020490299;0,001118512304512688;5,653988013598757e-25;0,44355854663990024;0,3372738345371049;5,9916357354672554e-123;0,39409609050820027
DIS;0,0016983369475076274;-0,001162445956819885;0,01059235703710584;-0,0008165123883693246;0,00023316258900945728;0,05100474276346624;0,309788361528619;5,1816125161145435e-171;0,4792192182517526
ACN;-0,0007877047848753973;-0,0002437642409864145;0,009001301629082204;0,0010061416602253443;0,1048903677620367;0,6978595073815299;0,23548288522107266;9,003507490423146e-123;0,37072189017549273
WFC;0,013368950251928573;-0,003170083181113349;0,011718126442955931;-0,0017253588155228632;5,236145988227246e-124;1,2108382879610345e-06;0,04951491481689551;2,73379625719664e-174;0,6156173813419747
ORCL;-0,00491503573467848;-0,0007253676019220721;0,010883494125424149;-0,0004145462013345463;4,125019912174442e-15;0,36446487158219965;0,7010688672934191;5,858114024606628e-113;0,3583094673209468
CSCO;-0,003995404607514686;-0,0005551505667987354;0,01175097905107921;-0,0018138014876922944;3,3340390671875084e-11;0,4723648593054738;0,08222007411110674;8,190271032852621e-135;0,4046542814034795
MCD;0,0005757680735852783;-0,002325478199517582;0,006156341453291216;0,00044385283473228503;0,15411750500949162;9,205909689199932e-06;0,5291503715192785;3,661394285568995e-89;0,279119600233386
QCOM;-0,004267436599086737;0,0008863929494730057;0,011710000042091719;-0,0012062779014722091;1,4552012950256913e-08;0,3597570761830968;0,35601001882668803;3,6851541471657465e-93;0,3096645681867568
ABT;-0,0017583372896185978;-0,004363158051737155;0,006354913992735606;0,0005789404955250706;0,00012385785596362176;2,7159608671916744e-13;0,4679995550511886;2,1443854067061534e-76;0,2430269842530487
CAT;0,0061536915314532635;0,0012689728480088267;0,011011088054525235;-0,0002184625149610123;1,6586406874853743e-30;0,06033064696145056;0,8106041120024907;4,335024203300124e-150;0,4848249227745085
INTU;-0,006400256173300954;0,00038419340425191;0,01100022409717157;0,0007364319779908664;8,311826802127848e-23;0,641785695898559;0,5090313778084881;4,2374831069079425e-109;0,3663359883650421
AMAT;-0,003582942490779502;0,004734678132963576;0,01446888880698872;-0,0007856953245476478;5,429905665285621e-08;2,798700937685902e-08;0,4923004661599205;7,430260253021905e-161;0,4892609844056276
IBM;0,000293818269376342;-0,0007096943777097692;0,008714772072323029;-0,001096073840336139;0,5115224211985161;0,22027453071325057;0,16094928817497178;1,1757475210166026e-132;0,39276962577239716
VZ;0,0011165340849409583;-0,003125648315584058;0,005850320438299703;-0,0013099877742969728;0,012404338716897863;7,133109780015982e-08;0,09275600245504462;4,71758520279186e-69;0,22844236999270373
GE;0,006228798010580915;-0,0005593392109177712;0,011017414440261854;-0,002705521723329703;2,1297134999474693e-30;0,4140377453134223;0,0034854794237379975;5,097437661071406e-147;0,4716067488266684
CMCSA;0,002196502958722435;-0,001891092988011408;0,009375032915483835;-0,0008242102246148532;4,234191458714775e-05;0,0063199035024801105;0,3774744873353848;2,8913859134558944e-112;0,35004526772974
NOW;-0,005016117459174999;0,0005934987664613015;0,00499620381123817;0,001928441678756483;8,195917089337193e-21;0,3837084544497641;0,036208121484973536;5,2525608694265133e-39;0,18378122511099126
INTC;-0,0030258473207477768;-0,00042577752231044903;0,011935136672950904;-0,0017732499718733665;5,579290660623296e-07;0,5841833418363981;0,0915810356635174;1,345733280851038e-136;0,4054184760715588
DHR;-0,0011048981489014582;-0,0015869236820832786;0,008628067467702791;0,0013371257864347665;0,006723488493118776;0,002622517881502282;0,06016680525756276;3,482102708634441e-151;0,4269793962293036
COP;0,007815366022398192;0,0002324361190774359;0,008777054099451264;-0,0004582715378460877;3,496890593627298e-41;0,74854771113405;0,6397606614701448;3,286228575169799e-93;0,38184929130840883
UBER;-0,0010384981287061394;0,0029535331957667413;0,0035713741069613334;-0,00037645664159611294;0,03957359263160121;6,43589018626714e-06;0,6689604091989028;4,0708877910263715e-23;0,11265284219970495
TXN;-0,0038836031416191155;0,0026961608308522416;0,011658016315890345;-0,0008696444840213252;5,608854742117279e-10;0,0008170613542013719;0,42303213684450724;4,5007163147273865e-125;0,4033937202823916
PFE;-0,0004633166666526284;-0,003746533289576675;0,007017939785131326;-0,0012960672350127024;0,3173768796482821;5,470268652188683e-10;0,10934946817351177;3,19688906336153e-88;0,2722698299908666
UNP;0,0038173563815853094;-0,000366512093284472;0,008940067303971146;0,0007039723951389957;9,890501000014879e-17;0,5318611188474989;0,3739012027890317;2,4927843095467117e-135;0,4287839388324223
AMGN;-0,0028112674496843923;-0,0026279069633903403;0,007025341889906515;5,205935371745604e-05;1,1351526265594863e-06;0,000422709961261493;0,9586481037432673;4,702145075005978e-61;0,20093850307166017
PM;0,0011846385212316152;-0,0023935877171747566;0,0052401801399178626;-0,0005661675781322283;0,0021101864094862574;1,6674586590254427e-06;0,39933540612929297;1,0563121786989853e-73;0,24334256189654557
LOW;0,0018889663415817286;-0,001453823205948027;0,011604989701968813;0,000265315358028312;0,0007835916708191396;0,04533045089348574;0,7866023934760182;1,3066831065657043e-145;0,42578139932174475
SPGI;0,0009149618645225823;-0,002832430153522266;0,010547616307556885;0,00044710527336286527;0,06879391221752353;1,4093545446865348e-05;0,6103902126469054;5,5096251460844085e-149;0,4244639185444682
ISRG;-0,0011856876894126892;0,0009232332791292021;0,011252496514079328;0,002297336818277764;0,21238879998466023;0,45268711060021505;0,16652214023904197;9,159725362195002e-58;0,19856418807071785
MU;0,00039426267758725913;0,004052354854058479;0,016959149458045046;-0,0021778413053228926;0,6895971432187078;0,0015350765637071075;0,20659617890326323;1,264818634927689e-108;0,35573970525915266
RTX;0,004488068898379363;0,0002385951166201928;0,01016483157240421;-0,0007667396366501667;3,8133389847198494e-24;0,6705934862591907;0,31150709386923253;1,2613181718146228e-175;0,5190209707535972
GS;0,0055505358291179;-0,0002198174965021514;0,013762505982352418;-0,001273725142868592;1,369276995331528e-25;0,7434416449682016;0,16032364440411467;2,964313715313826e-209;0,5739866854400861
NEE;0,00014107908010243446;-0,0032450698948337012;0,00609569224897769;0,0007688165679143213;0,7547147448812679;3,331740122741307e-08;0,32966832990153205;1,5119721377079552e-72;0,23109702045207414
HON;0,0027802682223857164;-0,002290601422815242;0,01160820424661612;-0,0010007866086634717;9,65144779676041e-09;0,0002436988929882349;0,23407053833450778;5,092921616459245e-183;0,5050867639443348
ETN;0,0035466332502592074;0,0022041964159899194;0,010327741084854411;0,00026583428604633804;4,6636538487980805e-15;0,00014409293702797785;0,7335076332875008;6,055461902642297e-172;0,5140631730542217
AXP;0,006578360675027803;-0,0027523257321224602;0,013794549508081459;-0,0012227526174973205;5,630224569376497e-41;7,5020429451585304e-06;0,13917686082350472;4,322070158178974e-238;0,6222311415515658
LRCX;-0,005626183170624084;0,005683004181130277;0,01622100530500216;0,00010369660010291187;1,7007147836572524e-11;1,331126846496474e-07;0,9428632282368996;8,658082064939004e-134;0,43699979695402413
BKNG;-0,004703282408476532;0,006631730286306959;0,014485292935757002;-0,00043017768037181315;8,300668366102635e-05;1,8005158788423583e-05;0,8361990924157459;1,5968337826940686e-60;0,23808869060313986
PGR;0,0024683385071011424;-0,006259678117113998;0,008148653062106003;0,0013813245659049934;5,397570812840676e-07;3,2546680727085786e-22;0,10669764763138335;5,633297579835914e-103;0,33988896213385267
T;0,002402004489500409;-0,002718669857303381;0,006975634456475696;-0,001863779193329416;5,85074874989911e-07;1,200778545476376e-05;0,02583254604441472;9,8013267070505e-83;0,27805245348442686
ELV;0,0029138823097201185;-0,0024669457151709866;0,007520460629050472;0,001124948882200671;5,692868784059611e-07;0,0010258421327639642;0,26660362837521523;9,73266745522321e-68;0,237083249197092
SYK;0,0006128343272149857;-0,0017494487409537246;0,008995755156655157;0,0007449464877363467;0,19357868248797094;0,004158087443387582;0,3654164514741034;1,3868509415072456e-128;0,3799806077447426
C;0,015339636145259065;-0,0032346555901312693;0,017289825357188468;-0,004948201722106313;1,8547098723917113e-85;0,000567082836159569;9,528019446471428e-05;1,5241765832660106e-180;0,5854422749833161
MS;0,006036533965003699;-0,00326668878569129;0,017949806999941385;-0,0027465994042238026;3,976075229207173e-17;0,00036834535800597004;0,026335754993495452;6,669316376836045e-197;0,5398442574565394
PLD;0,005779817109756802;0,00211242585200077;0,01051887888645559;-0,0006332831909112484;3,407124271326924e-22;0,0053457516928840645;0,5357081000712234;9,386686973201316e-117;0,40945345742194317
BLK;0,0025487528212227197;0,0014730945550497313;0,010882371546319929;0,0010991795510674166;2,149437038703377e-06;0,033554865615286485;0,2399147628002597;8,874368318906365e-142;0,4363782761984042
MDT;0,0006527493848268848;-0,0016735936865206412;0,007902527062414014;-0,000855750956075;0,13545075530283024;0,0031176119427008394;0,262293732367489;5,6848793241857815e-118;0,3548752450069247
TJX;0,002316664220464981;-0,0018308666979760149;0,009827760516105812;0,0011590146338505062;4,5565043051427904e-06;0,0049742582663536246;0,1873818954834977;2,95513736177387e-133;0,40104745486256144
NKE;0,0009691717463667058;-0,0033206568712153975;0,009377210924965702;0,0006978551007980903;0,07910621826309815;3,5728251736413353e-06;0,468843929731941;9,126960393524033e-107;0,325630681623406
UPS;0,001306199427564817;-0,0006537420136624681;0,00800034304966835;-0,0008440292606506223;0,0018346496709092108;0,22713760092467802;0,24816913193925103;6,535347552227535e-129;0,3898111489029168
SCHW;0,003382003497586296;0,00198367544969197;0,013519203619374538;-0,0017072698635855065;1,6336495403843335e-07;0,017061869424754232;0,12815774612707073;1,343695150967188e-149;0,4555693769500737
DE;0,005877871855655647;0,0005163295156211531;0,010658512607296727;7,755948985806867e-05;5,45008136580178e-24;0,48377914332569216;0,9379043222232941;2,039453917896715e-124;0,4208907139153897
CI;0,005365929889032996;-0,003706216060614413;0,009449900332694378;0,0001959596114154507;1,409854459290665e-13;6,878323117529185e-05;0,8757549832363343;1,6753700816544566e-69;0,2602033716270248
BA;0,005867206825521063;0,0004481201477983756;0,012732051733887409;-0,0011795773160943723;7,223207680562945e-18;0,6057558741617282;0,3144121422307191;2,817620679857874e-127;0,41674557222695086
VRTX;-0,007092014803693096;0,0035844679781812144;0,011433335574015796;0,0008124880209499157;7,469943317335432e-12;0,006982365320661037;0,6502006628481383;6,0234341583700616e-52;0,21375544652850387
BMY;0,0002596276356022244;-0,0034759423662575092;0,006368788302952147;-0,0013295239597147493;0,6293346434438984;6,62047530837473e-07;0,15711579745297435;8,762672316707465e-58;0,18843978689658403
CB;0,004969961000098211;-0,0035783506632126724;0,009893928574826471;0,00026295855711243863;2,089717896857925e-19;3,9507043397003276e-07;0,7814687314877818;1,7160826274754576e-119;0,3937796890299837
ADP;9,433332053068318e-05;-0,003009617024732609;0,00952667761236573;-0,0001361385776471934;0,8111771274387128;4,814718541420025e-09;0,8434892377415439;3,291728549506913e-183;0,48931042809398917
MMC;0,000957515633858821;-0,0044709990704027815;0,008907866684575216;-0,0003231687682642515;0,038823803718051275;1,5277498906288743e-13;0,6894341285424788;3,805434676727358e-130;0,3827622095870137
BSX;0,0014309661961094088;-0,0009011393662078382;0,009843050766995626;-0,0004083684816054327;0,030506465582878544;0,2917901187646131;0,7234416096281069;9,203614982988701e-86;0,2781545672843574
REGN;-0,006061882736541277;0,008315212610953065;0,011671474795168451;0,001483491205349856;1,246969376754633e-07;2,104151713360246e-08;0,4563396024719467;1,1194808543796483e-44;0,20969794891467408
SBUX;0,0005064089366339841;0,0008981998956982191;0,010245893103103977;0,0008966723916222244;0,37751977774288037;0,22624189507358855;0,37091872191733744;1,2646917382670168e-115;0,3625244001604364
ADI;-0,0046774809465511226;0,0042973169685134255;0,012601863779773206;-0,000821521003900165;2,3011681027004685e-12;5,516955511498652e-07;0,47621055156765424;1,5209613906126237e-128;0,4250304575436441
LMT;0,0021126204983337917;-0,00223584200618077;0,005848135663806972;0,0011969293489940947;6,200044681481386e-06;0,0002127844551624351;0,14113157449776564;4,599162501223343e-64;0,22356668063350404
FI;0,00048807383563491695;-0,0018068533482150744;0,009871503477569186;0,0008408820077199461;0,3157076845524336;0,004132806268073622;0,3222571799123505;1,7631044166528884e-141;0,4088977003896388
KLAC;-0,004917103093698736;0,005473387598308783;0,0151405048076869;-0,00035080454710676617;6,243326772044148e-12;3,0148728164408e-09;0,776803528089105;4,7472687147010843e-153;0,48027238109144155
CVS;0,0018950697807743582;-0,0023075684627805407;0,006800579295882215;-0,00017100552029135048;0,0008789921077530662;0,0017307744165370798;0,8632226661703294;7,609473981090906e-59;0,20158039582903753
BX;0,005721424921581368;0,00035139916896390793;0,012950969357203915;-0,0013849175287954376;5,059960981151819e-16;0,6963579921031162;0,2548136083680492;2,040702588346573e-123;0,4048926231926656
MDLZ;0,00029799231411551524;-0,0028580652555825754;0,005486651154395273;-0,0003535236898340922;0,48390242301046327;2,4115922852182865e-07;0,6343690398206099;5,362258624232749e-67;0,21595607382702775
AMT;-0,0015925176948399355;0,001500033790970095;0,011121339339814;-0,00041732693336664714;0,10338525806368228;0,23543340139581156;0,8068268619381299;6,806227131197328e-54;0,18918153490970402
SNPS;-0,004579909266842736;-0,0015518955689218083;0,010466181568493091;0,0008445386471246622;3,009052930402697e-14;0,044197307293269275;0,4170766125096522;1,3772099149474774e-112;0,35194885802848197
GILD;-0,002859343057988493;0,0001432363858474886;0,008121411049940769;0,001500899106927915;9,73005989657363e-05;0,8796500699225032;0,2401346883902838;1,3247934061519844e-51;0,18103675894963212
PANW;-0,0037498793459915863;0,0008277750525421636;0,0042613673496024965;0,0016349996417743744;2,0142670517374132e-11;0,24830180599990598;0,09137048121532766;9,048968488329291e-27;0,12350714427132736
CDNS;-0,0035677884069743203;0,001412582751850743;0,012914141231941886;5,0102111245246815e-05;9,900997783785495e-07;0,1324195807808683;0,9684601513541462;5,245953330974488e-115;0,3652171275652031
TMUS;0,0016291543132343237;0,0004173328436766656;0,006787864746157156;-0,000515371354105811;0,020798589721334453;0,6467088936133769;0,6750900621156036;3,6555795393340704e-40;0,1460904471757306
CMG;9,579744808984271e-05;0,003111518509515762;0,007053001659096648;0,0018222650674638002;0,8867420927023077;0,0003598090582424177;0,12098344855844909;1,2216837550330273e-46;0,18248924714853698
MPC;0,005818231880543313;0,002632035278932865;0,005571914791900778;0,0002785364373233007;8,0308879796257045e-22;0,0006436269227032388;0,788651568965621;3,989114324915708e-38;0,2087926888646191
EOG;0,00827057191712515;0,0027428126895251287;0,009473872135586571;0,000514288294548733;1,6263842672390395e-28;0,003655772858161348;0,6860263812504445;4,94643460536823e-68;0,30606472483491876
ICE;0,0018838784788148856;0,0001995073179252318;0,007711743585677364;0,0007724344225189142;0,0016126903639109723;0,7958310466700139;0,4581946529007408;2,126256770944564e-67;0,23411258027366322
TGT;0,0008800275890300399;-0,0022464375234146363;0,009573868718016966;-0,00044250621438157283;0,12104899882126759;0,0022437214126800886;0,6551598715224417;1,7228729426624665e-105;0,3237186916091871
SHW;0,0007096344900980087;-0,0008199466066972743;0,008331344247312926;0,0015746669482315932;0,14498438597264426;0,1928300866862964;0,06410388855653205;5,50970102051278e-108;0,3342601868529427
SLB;0,008447236240572475;0,0048616586553575526;0,00957822750085058;-0,001832377831270637;1,1575718410117308e-35;1,2952633991498869e-08;0,11031786851626552;9,394257149256649e-83;0,37078498144358485
CME;0,003188258668085431;0,0014949921432883505;0,006624410111384264;0,0010909236987645076;5,300398195461423e-08;0,04738319269115798;0,28365482583087326;7,902550984173466e-54;0,21335938005657684
SO;0,0019456953644097813;-0,0032023496941800296;0,0038509692267197416;0,0003169826890380852;2,351410242528946e-06;2,0830234528238953e-09;0,6582514840862821;2,846013451978931e-38;0,1552895103792702
ZTS;-0,00240051695916852;-0,0008113920485571096;0,0037169776967786406;0,0007243616807777944;6,257329805430855e-13;0,0576170413378112;0,20921076446675763;7,2018530071934355e-53;0,19268943804499916
WM;0,0013966505416137106;-0,002501130288376753;0,00654540519589833;0,0007591126555104405;0,00231648518842254;2,541028029794878e-05;0,34225757657581146;4,478542111475819e-80;0,2605618070239555
ANET;-0,0025330498746708855;0,0009850131242904099;0,004051871776750604;0,0015340909421709225;1,0409866596995654e-05;0,18344484969383656;0,1250098197116319;4,3400904592095024e-23;0,09658407093105648
DUK;0,001966383968338788;-0,00456091333844877;0,005965387495200269;-0,0005711372874843244;1,8229343849093314e-05;2,442881431641705e-14;0,4744150325979768;1,9984210344954882e-68;0,24273450474273672
MO;0,002481001014190978;-0,0023967287531182443;0,004371996426488715;-0,0005644563097919628;0,0012319872878114315;0,01569542236815561;0,6731402668172217;9,714670854580325e-16;0,06264462102094481
EQIX;-0,003639512548238147;0,0022293565360148176;0,012253836186570565;-0,0013555075739102981;0,0047762650531112645;0,18085780930535691;0,5467039303096288;3,130742783737799e-39;0,14486811712701386
PH;0,0047876851966517815;0,0020700417130996153;0,011973258581036431;-0,00013980318644180378;4,2305519454854413e-23;0,0007590909675299343;0,8659562664609866;1,756457726673852e-195;0,5603748316354149
PSX;0,005698732325242955;0,0021328488448559262;0,0034892826503799645;-2,5476330546580353e-05;4,842813774129935e-33;0,00037401223361685314;0,9748298704378131;6,855285653314686e-26;0,2016009969931547
CL;-0,0002513743925334835;-0,0043531256602366425;0,005348577626938127;-0,0001320868573254341;0,5412294224510341;6,735367887246878e-16;0,8541364774738247;5,463469310959064e-68;0,22345127705372014
ITW;0,00271687897989279;-0,0006958460846214875;0,009777681228211989;-0,0001636083072102296;1,9104785397235824e-12;0,1592197991065081;0,8062956089152004;2,8310519661234253e-199;0,5424949354500841
FCX;0,00745444237198612;0,005456823313736777;0,013547929566621457;-0,001655267385310703;3,180536838963898e-15;6,7981440658799455e-06;0,31021887550086585;5,044300419757455e-82;0,32426425751543386
PYPL;-0,003459257896739224;-0,0005190366017306553;0,004573430523489869;-0,0004064087712493656;5,223578511857256e-14;0,3772445473954035;0,608602832619185;2,367272418368502e-43;0,17087949674145209
CSX;0,004032329595756223;-0,0003930962356683397;0,0106712722694381;0,0004144289813515354;2,2122907828937594e-14;0,5602714031395805;0,6492851208441377;3,942010138895623e-143;0,4415986472838357
BDX;-0,0009033321433548904;-0,0008293993072199709;0,00536027997354154;0,0007156981457184359;0,044774988493106765;0,1540857913365801;0,3622872504450093;1,9199417977710194e-58;0,19172464016212787
MCK;0,0003060629946214274;-0,0014837397232640385;0,00762256479051134;0,0010918873555925937;0,6152269252135114;0,05972280960390666;0,30459540656798645;1,108846898931514e-63;0,2078301522175391
ABNB;-0,0019110182548524254;0,002763995352034404;0,00169295768819836;-0,0005327331282108371;1,0753661924785165e-06;5,0905198889394304e-08;0,4341083431267949;8,117908472666216e-10;0,08756026399020578
APH;-0,0016153668681547786;0,0038813235216993516;0,012078731697810359;0,0011204581320851264;0,0027098251592440285;2,901453632683971e-08;0,2329035615584604;5,389414106076332e-165;0,4937255744067317
TT;0,003781184746170455;-0,0005238871789017011;0,012688617698110197;-8,293307284718007e-05;7,931613221346468e-13;0,43826176213302115;0,927585641115201;6,502691163899746e-185;0,519424293835894
TDG;0,004156323555490509;0,0023418709710313116;0,0075411162756744135;0,0014100712926240178;3,5238515058407715e-15;0,0005330376797337492;0,12176814324549333;1,4692229909803754e-81;0,3165809977300206
USB;0,011486511426418598;-0,002803895394654355;0,010821089446548849;-0,001781867649799148;2,560646007088195e-93;2,6627113261691154e-05;0,047443162663495145;1,679324175707208e-149;0,5522712553093146
GD;0,003495611878828059;-0,0021436204404907296;0,008167205245382;0,00023260495554945025;2,4464141442814423e-15;0,0001505470679214987;0,760027909930758;9,089526260166345e-125;0,39813074123703496
ORLY;0,0005337806392048048;-0,002317836518043132;0,007462112770949702;0,002531373900792704;0,406596182815556;0,005393799813648176;0,02434166555881214;9,061854135002582e-56;0,18296240898023808
EMR;0,003419510871412793;0,0009724825391718869;0,0092294919314056;-0,0008354511165796416;2,0241383037260024e-15;0,07722037632212843;0,2607416297967813;1,0764473280940983e-156;0,4778775703431356
HCA;0,0014433183300490047;0,00046915337209269816;0,005219708433793865;0,0006806032265995325;0,004748414028179007;0,4772443572649986;0,4451229218432048;1,2849235045210553e-44;0,16390453400963267
NOC;0,0023876627431111356;-0,002593232700379765;0,006411371221369129;0,001067946739670744;9,92401437789038e-07;3,871776361684484e-05;0,20808417718616415;8,083892825391585e-70;0,24230184419406064
PNC;0,011609734648329149;-0,0016803345486591094;0,011215010088148746;-0,0014086236581694355;6,919983610384275e-95;0,01168955663937843;0,11722262379149112;1,1562728829097538e-157;0,5653505299442543
PCAR;0,004468380658669205;0,0015266915821971986;0,011216080192191582;0,00016497760383785064;5,712819839324287e-19;0,017057573842013292;0,8484330863351166;1,7916568207925477e-167;0,504744055984316
AON;0,0017795194006768606;-0,004145828865608143;0,007684979568381538;0,00022965475944773856;0,002826667628041163;8,426107076614918e-08;0,8250500817069613;3,0196084853589306e-67;0,22559789366740657
FDX;0,0028121752727978907;0,0016724994775753955;0,009780910559471983;-0,0005989519610309796;9,874817301183624e-08;0,013832493844194306;0,5133870602604848;7,959259087485955e-124;0,4005256379254639
PXD;0,008869755716845928;0,0022098787853935937;0,010984653768384076;0,0002461481567191022;2,796041273891024e-29;0,026587806677451337;0,8547211821344285;9,3657182012895e-80;0,33405278717521747
NXPI;0,0008755844597039417;0,0039509346997368185;0,006838129434367027;0,0007751554535359789;0,16492589941188593;1,4028449501451117e-06;0,4813125689417862;1,5299622162193513e-49;0,2041687075110563
MAR;0,0061500460723692895;0,0021856746703798253;0,01181814201428998;-0,00012679822731577806;8,092242704960036e-33;0,0007612872018051995;0,8847414488034917;2,2704741133866562e-177;0,5402626278191158
MCO;0,0017900007226310428;-0,002241725000253271;0,011869697514649778;0,0008414468024097809;0,0014553656640917997;0,0020486723517521696;0,3906004759273801;1,0083931802360941e-150;0,43386105533071573
VLO;0,008678278121718997;0,0037174790834679393;0,01139414110725425;0,00026184132053041814;3,1376642209484336e-31;8,022316595301407e-05;0,8365165414545346;1,797516393999322e-93;0,3779356470136087
CEG;-9,800896003494836e-05;-0,0007151563359015395;0,0007749944085060426;0,0004839891638260508;0,6804346700375752;0,020265738593572388;0,24426681023286936;3,776004418005189e-06;0,018092284606482045
CTAS;0,0008473548304934437;-0,0031562222290350394;0,01087209916389746;0,0004893394867821017;0,0724219425881527;2,6056374054413684e-07;0,5522425743319739;1,465770186615014e-171;0,47010505079413223
MSI;-0,0003867086665865764;0,000147870007144126;0,012301415861327429;-0,0014427942800549387;0,5837224829613795;0,8712896126453792;0,2418300711844194;3,276512745359396e-111;0,34508209661085654
ROP;0,00035365397577111684;0,0006153573083854538;0,010068120342752231;0,0009950117355940022;0,44203347305245033;0,3010416289494652;0,21559900050054903;1,0201243460490504e-158;0,45844240681295656
ECL;0,001354161143089598;-0,0014587803493056918;0,008641883179626886;0,00034537303808728387;0,0005401971899507853;0,003924849735960185;0,6125063256570034;2,176766195745009e-161;0,4572801687499417
NSC;0,004803528093283865;-6,979591177764975e-05;0,010073284753944598;2,921947436115492e-05;1,755681514051738e-17;0,9227304141469743;0,9760098975829303;3,346164618366943e-118;0,3942225506078997
EW;-0,003002200273490573;0,0003507099882369837;0,006887703272720938;0,0021346189651549182;5,57432080554684e-06;0,6803876325648941;0,06351216313906373;1,854472879789009e-46;0,1687800825682505
COF;0,013169547190906553;-0,0022624784958999626;0,015791945693474294;-0,0022019724379501743;5,604801514383328e-77;0,00821994560111758;0,056626922631212176;1,2947862091541697e-180;0,577542836635343
AIG;0,011069595122562443;-0,0034769301567229905;0,014055119976443918;-0,005112878543015311;5,403733647886576e-23;0,014585013537350623;0,007828875899947588;4,768383330730839e-66;0,2746210294807432
DXCM;-0,0014937684479002275;0,0041751294241364955;0,010060917905003427;0,0011397037100065969;0,1446211660934662;0,0016448430214158745;0,523758410362542;1,4307813549388436e-41;0,162954837904546
HLT;0,0013985175918017618;0,001784715693093569;0,003975227586104431;0,00017500703042813335;0,0002310220607239539;0,0002791829427728523;0,7913307754699885;1,0305692377841216e-46;0,1920303771837666
AZO;0,001451330093304328;-0,00326000173927475;0,0069133773093793816;0,002317206959707517;0,007445508277048812;3,5715555149941986e-06;0,014391472342623597;6,945353156963094e-66;0,21936015909168127
APD;0,002103620649999551;-0,0021220897353074163;0,008879873933150394;-8,097374150019676e-05;3,6024658503243592e-06;0,00029470219259345945;0,9183120323069642;1,8677581354995398e-134;0,40261927669163944
F;0,00972274100182602;0,0009109129071751405;0,014568976166673927;-0,003558774317523994;1,0648609575581787e-36;0,3438554343505068;0,006236131180797104;7,844610612293585e-134;0,4594469995013082
TRV;0,004512650239339658;-0,004759972503842442;0,008583739854006922;-0,00011566836397112747;6,23235963543783e-22;2,8184421650474793e-15;0,8855548322474246;5,820077755051774e-124;0,41104670119220554
AJG;0,002005651010303324;-0,003070035860825408;0,006215851186438268;0,0009668066504347198;5,143614791637506e-05;1,7010803716153448e-06;0,2622770616196164;2,6046593085246497e-64;0,2222472383460815
ADSK;-0,0024863499557634576;0,004852543921576295;0,012379927667092944;0,0006967753187798396;0,0005263306229272931;1,8273441004832088e-07;0,5770780189712068;6,800129358061719e-110;0,3752543949453552
TFC;0,011303012478629705;-1,0107603186603172e-05;0,010422622569769566;-0,002087288246206536;7,203724295420668e-110;0,9863927800223681;0,009194774327776043;4,655932484980858e-168;0,596389942096014
GM;0,003828374824148173;0,0037075947801417687;0,005908119210452802;-0,0013670565751379607;6,263304765361108e-14;1,645670554691836e-08;0,12097097320260727;1,148923419392764e-56;0,2608831229667786
WELL;0,00496530222275854;0,0034467208987251623;0,006436063338451244;-0,00022282015007872715;7,143698089932051e-19;1,466775671857125e-06;0,8168311394335505;1,8942750891075566e-56;0,26482477784396896
MMM;0,0024116590051058238;-0,0016299183190699312;0,008275622384242336;-0,001085274525085051;3,902328136295205e-10;0,0010059308911102474;0,10428988648099126;4,800823434223155e-156;0,4557678065023849
NUE;0,00553032736797268;0,0029413467508884045;0,011556755892432696;-0,0002423344941169611;3,470806479669591e-18;0,0002936390713048345;0,824701910135657;8,53308514878769e-122;0,4181876672584849
SPG;0,010590608894089915;0,003958638061321416;0,010094592304868675;-0,0008670817038138533;1,1778816379265507e-63;2,899853917480797e-07;0,4029385292447336;7,68503820321837e-107;0,461475020632774
CPRT;-0,00013654177120450405;0,0029085411097319277;0,008126244473960513;0,0017931421370638212;0,8270630229715719;0,0003317347295615336;0,10058329826225826;5,258813129924869e-68;0,2485670046564471
CARR;-0,0005937515529782673;0,0011382255039700216;0,0016097864805649964;0,0006231164683675093;0,06227882876581524;0,005760249058383351;0,2623553420771651;9,492216852247154e-13;0,05821822108683805
MCHP;-0,002989243359636681;0,005718252117502951;0,012904890052976141;-0,00040024655739607807;5,559585136587496e-06;2,2839992583992512e-11;0,7265558407098859;5,459696679511796e-135;0,4443155531808717
URI;0,008886345126856411;0,007968399739007788;0,01638856307188383;-0,0004388928225174158;1,4672719814230087e-22;7,754627824935235e-12;0,7781365437442009;5,141060001400958e-121;0,44121073089162277
ROST;0,0017817345672812106;-0,0016523860393574503;0,009784904504742504;0,0017322357017180935;0,003481570206407608;0,03600827516216309;0,1034282735275642;2,2600042184463723e-97;0,309049877403744
WMB;0,006964756461342264;0,002072497527925797;0,012494207848047351;-0,002225376031298301;5,644369782223002e-08;0,20900856819878746;0,31773731565414537;2,471892581927882e-41;0,17028762197822578
DHI;0,006217567570707795;0,0031992796499273534;0,013993443788338982;0,00026472914521790173;2,5615951166522806e-14;0,0022064328716412123;0,8509374739336218;2,4357876600099414e-110;0,3835111163629825
SMCI;0,0022576058584971546;0,004838837068406341;0,008436700623572643;0,0018186012858664785;0,013153859280026107;4,1203345029533446e-05;0,25226274132143855;1,7094487129485794e-37;0,16072495862908365
OKE;0,007556611525824064;0,001452641588589208;0,010309802382172713;-0,0001490102076425755;2,1521508508669046e-30;0,08053633505723455;0,8943212029429899;3,7575272754220204e-97;0,3753437995182145
PSA;0,002165167639659763;0,0003535388664600297;0,006327642187810835;0,0006236043997266839;6,319438232173846e-06;0,5670615191381325;0,45466427880215143;2,95436945899022e-70;0,2501656067970468
NEM;0,0003396909765599888;0,002067727752910797;0,0037017652730568984;-0,0005837624899716141;0,6716537062563783;0,04620075838424202;0,676587517681015;6,597374634213038e-11;0,04390966048227585
OXY;0,01004696860105628;0,00175910083061872;0,010222076375797813;-0,0008953994091473817;1,9677203251509338e-42;0,05515163211462508;0,46947285561103913;3,2716228888407427e-81;0,3619831631369279
MET;0,012337698192182778;0,00011710555580077503;0,013787920001820119;-0,0015679778602252976;8,514162068324643e-113;0,8540219636493953;0,06827273889881107;8,598011866561967e-226;0,6644194392112026
AFL;0,009001376489215186;-0,0031194771501632636;0,010996366179191185;-0,0006362441255620359;3,2464626526209224e-64;1,7233778633712013e-06;0,46799426992209525;6,378061747868597e-159;0,5314054884209696
ALL;0,006574890275572157;-0,0049757243368018875;0,00950582629710749;-0,0003047551115277771;1,3644385345654993e-42;2,383775337432303e-16;0,7061576346492664;4,4888149192801626e-144;0,4820335822215581
TEL;0,004581300290629257;0,0026348105060005024;0,008872064372229198;-0,0008394975138758311;1,4757735645095687e-26;1,365062950385949e-06;0,25232859163105187;1,6731039581623503e-150;0,49253593764959513
GWW;0,0019213938126156254;-0,0002712435007656194;0,009283852622284944;0,0007203651952634194;0,00017780944100762914;0,6815708369564795;0,41970230079198656;8,05848087806366e-119;0,3707352314371458
SRE;0,002999746823089435;-0,001875617522103579;0,006427057104705033;0,00032557949999691214;1,2770277964109392e-10;0,001758124875838668;0,6870046273380641;3,5003804316484726e-76;0,27031029056946765
O;0,0042120200514655;0,0018036347199196607;0,006593736914579685;-0,0002127301154091785;6,243760106876463e-17;0,0050654753873047974;0,8063019733312898;1,8351980403627633e-70;0,2870873284070148
AEP;0,002701349888138939;-0,004449290481882825;0,006025437485796013;-0,00045340512884787826;2,340549493970833e-08;1,3868077177166365e-12;0,5891399591148052;7,980789559401433e-64;0,23749402584076162
IQV;-0,0009009208774288564;0,0007117252919975046;0,0044426099581749865;0,00044509558969350156;0,01840193828745768;0,14957786127708936;0,5043866357831585;4,6346322579420525e-56;0,19844139559851703
JCI;0,002681242152592118;0,0019423782202469188;0,010941687797212473;-0,00225296123210464;0,0009244818047130099;0,06312522874895067;0,11036702108637943;5,444418478626805e-73;0,2589001849639454
AMP;0,008825836949118053;0,0015529169650687852;0,011858869711641507;-0,0005670997193507894;2,984854335574945e-70;0,010275177231956948;0,4871057036180362;5,962948012211092e-197;0,6014807638078281
FTNT;-0,004113387512301988;0,0011624228076959008;0,005641590352257261;0,0020005263802872564;6,424020545735024e-11;0,15007124920361023;0,06666689002598987;8,920667126739893e-36;0,15285065826356592
CCI;-0,0006443681379325069;0,00041021990879610214;0,012121814155373065;-0,0009840549972925934;0,47336557498307696;0,72410407202437;0,5306344809415231;1,8603386670649845e-72;0,24079283462581258
MSCI;-0,0010459930748922923;-8,500918891866523e-05;0,008208322931895867;0,0010330220947366454;0,036636337812113666;0,895428467795342;0,236995829352711;8,327340000165569e-101;0,3169743901660953
DLR;0,0014688676916808025;0,0005345729916910573;0,005975817799303132;0,0006772540085680945;0,007756859034158296;0,4531308754890536;0,4815101682934677;1,6016186599012789e-49;0,1792935083285151
FAST;0,0014575968543933803;0,0003197878744819728;0,009928299354273057;0,0008304452157496722;0,009434865517849026;0,659254909851456;0,3964873896314419;4,8096400984188894e-114;0,35878086293489087
FIS;0,0018255090730896484;0,0005847355372746341;0,008384554155118837;-0,0008240122519500673;0,0021645224956682828;0,4467314188100808;0,4271655290333817;2,9166100707382493e-78;0,267404798884856
BK;0,00742985558560047;-0,0037177513260314887;0,011520407033377684;-0,001911421134915237;3,0109409127063265e-51;1,3991113642492688e-09;0,02033320275214481;1,0326015674715953e-186;0,558764575902208
HES;0,009538368383898014;0,0019994732860781983;0,010485827945235893;-0,0006735828828768151;8,963586578964548e-38;0,03149511689247363;0,5912383730440893;6,4182454132513736e-83;0,35782948611760945
STZ;0,0017271148728390257;0,00093242459679147;0,00793938463376044;0,0013165421787941626;0,004551997186551423;0,2356556710238732;0,21496798370971654;1,4839067725926989e-68;0,2405941716077895
IDXX;-0,0033493850794982668;0,0015806705966356826;0,009252973442274335;0,0024275971139415403;4,827053166617215e-08;0,045307542038448285;0,0228320318590281;2,0897977327958295e-88;0,3031950360061524
KMB;-0,0001628967991127395;-0,004390503836247255;0,005200225660763054;-0,00040517754453446884;0,6705278513247491;2,505020283772517e-18;0,5445739469729871;2,6460717165545425e-73;0,2407208921092232
A;-0,003465010529574456;0,005668001260046664;0,01270996617567172;-0,0012617713854476964;1,1350441665389282e-06;8,344063432531956e-10;0,30801674515298705;1,92176370071205e-116;0,40083650301290485
DOW;0,003798831158432063;0,002948050354978247;0,0021658447397951996;-0,0008375737285828574;5,282386903335882e-26;1,3783209879125542e-10;0,17348359189401058;5,83991509830064e-18;0,17516088042725353
AME;0,0017190367131352268;0,0016914355033061446;0,009768955211847796;0,0014421739950097544;7,257072941967911e-05;0,0025057713497456642;0,05604458663711147;1,1027509046585522e-166;0,4888498407195865
PRU;0,013668210330927162;0,00047072183710963623;0,013274588826160633;-0,0018170620627325398;1,335666633232219e-113;0,5025596637933114;0,05543579027907214;8,384346731199077e-187;0,6229429041711437
LULU;0,0027705249011405735;0,003922894190071015;0,009676524208793022;0,0008199424793210601;0,0010322278179341936;0,00032905415439286553;0,577327958135807;8,77237220050991e-55;0,21559758357388614
LEN;0,008268719895145228;0,002145476389803853;0,015064727206466134;-0,0005531153669067085;1,8752966211768952e-23;0,041262375552784815;0,6965640284020163;7,320808744169906e-123;0,4214687489605822
MNST;-0,0004328812861024287;0,0021103676334674475;0,00732400820266273;0,004283947447984035;0,6152949365265661;0,058348021438989865;0,004464344229087137;4,5287931012314723e-32;0,12083251692308883
CMI;0,005275478108986551;0,0011752580471251866;0,01190014481493526;0,00017605034057478978;2,917890733868583e-18;0,1276413703157006;0,8657309877278752;7,36529746438649e-138;0,4431864619525979
D;0,0018710218563538566;-0,00357240092754655;0,005045251070015047;-0,0003602443099649565;1,1775140184266163e-05;1,193901185072492e-10;0,6277276849822151;5,8812489132235276e-58;0,2105782121521832
CTVA;0,0027935636703036427;0,0016998714498886;0,0018065402218267984;-0,0002783695858490736;1,5803048552529036e-18;2,8820697125028e-05;0,6107579976929555;4,804128481944696e-16;0,13066524818042846
ODFL;0,0032891658164218075;0,005582769862830955;0,008796603900905248;0,0029199285926293;3,57452423042278e-06;1,3275292671297843e-09;0,018102660868211457;4,621994417294317e-63;0,26656267634541586
OTIS;0,00031432919346600317;0,0002972631646472118;0,0012377045948752856;1,8677955179439325e-05;0,10904212885965582;0,24115478982492033;0,956492559104311;8,014356125824254e-19;0,07199119001301868
COR;0,0016589783520359034;-0,002304269599066031;0,0057509495262516915;0,0019516341277703948;0,005050846443613325;0,0026083174536277987;0,058710972327660156;7,384375179594717e-41;0,1436565674397824
PAYX;8,258352210133305e-05;-0,0005908690544532167;0,009349065378529546;-0,0004224284387838294;0,8645398721522466;0,3453581481361201;0,6173060929369426;5,913781173817939e-131;0,389106832515941
LHX;0,0012564624274030126;0,002545622535868335;0,00890804407705379;0,0005833078736419156;0,03202881799836297;0,0007955314121705796;0,5683669274235102;7,123062285905145e-89;0,3088255931620042
GIS;0,0003814949106629444;-0,0037116594072395767;0,003410080847696863;0,0003567620962576663;0,3336660422481993;6,061228672228057e-13;0,6046203677058393;5,016487813839876e-33;0,12512860333213005
HUM;0,0017218379944069857;-0,0033684809510293777;0,009596463177611673;0,0013360750067225506;0,03200882230042057;0,0011960424083171598;0,34034403321160933;7,962265008221054e-59;0,19611303812849357
CNC;0,0002847961289497573;0,0028669493923404966;0,00718779622164493;0,001745732162876327;0,7270765384702522;0,006672647893623936;0,22067613429182556;3,605979328302011e-34;0,13409696519364456
SYY;0,004120376765944014;-0,0006833332073489549;0,008431890511035087;-0,0005596987710435258;3,7069295157038676e-16;0,28979786554669545;0,5207474342659022;1,0297496049032077e-105;0,3604545601469805
RSG;0,002487024654003222;-0,0018890312157640243;0,007028029439455606;0,001009641593069228;1,5167531448310208e-07;0,0019696742029075395;0,21984759989701338;5,405424658819341e-86;0,28863504005435503
MLM;0,006054811603342165;0,002380090766259399;0,010299353275199716;-0,0001916757566626514;3,642660651507105e-26;0,0010299127127644792;0,8444752951850266;2,1899513207210204e-121;0,4276370119022499
CSGP;-0,0028479947394835013;0,00742501931535942;0,01015281171567303;0,0007661341764966935;0,00013609457905361212;2,458818332497623e-14;0,5556198377213324;7,552842935429268e-74;0,30865886440822743
PWR;0,003566081340379371;0,007200396013988593;0,013638344106331902;-0,0006973689538513922;0,0002754454993568578;1,5358278846748953e-08;0,6829973524545304;1,019631066134267e-76;0,29761307115161173
IR;0,0019166360242062273;0,0014639861011877659;0,003302051871909673;0,00020891105167844862;6,66463505745982e-07;0,003226494553089961;0,7552004928720355;8,952552216897494e-33;0,14779474383762448
YUM;0,0019095946994509617;-0,0006418362456126647;0,007997452147109065;0,0009071864357041388;0,00010688937628733214;0,31262463844554056;0,2905566493050827;2,099391634349808e-99;0,3209969797629777
EXC;0,002303698617384012;-0,003117442148625718;0,0063900804091618565;-0,00042049682031886684;2,7872841665449377e-06;9,531049306928731e-07;0,6227840408625527;1,7523327779934212e-68;0,23798475985760903
GEHC;-2,2633533763774304e-05;0,0006359053700176786;0,0002725543606226309;-0,00011449011311513485;0,8815583217339101;0,0012376018147307365;0,6660615510820203;0,010633523123460201;0,01779261462948667
FANG;0,007134482668935103;0,0036499013134851455;0,004754093160886309;0,00038431832697280097;2,1766708451132792e-23;6,118429980451153e-05;0,7538618374420095;2,4484035363158186e-21;0,16234472702272607
IT;0,00044961663695816217;0,0039894088586120225;0,010894770849631068;0,0007196067846957396;0,4859764535529181;1,946279960707777e-06;0,523120556514685;1,3854239478791706e-105;0,35948296226676746
HAL;0,008603925430436006;0,0035898146327070575;0,01251206309466634;-0,0021630456381344088;3,9387975977180665e-22;0,0015072526781887842;0,15610492742378823;2,334183472196158e-80;0,325746330441548
KR;0,0009079881996012259;-0,002917912728725173;0,005219570254809591;0,0002775238736143097;0,12349186806376336;0,0001345235905900269;0,7873868734100683;1,625819267370332e-34;0,11863280662225362
PCG;0,002837966955383968;-0,0014484035913549251;0,007217463977863923;-0,0016663474683849;0,005700843150962039;0,2746764537560682;0,35198190111931904;7,21049195434483e-23;0,08456679310884829
VMC;0,006932791754902736;0,0022161711574689544;0,010756542028878683;-0,0008001569367637006;3,267477674909871e-33;0,002292030902651185;0,4140407340737319;1,6152247322201064e-129;0,45328329173425086
CTSH;-0,001225806493123133;0,0040181551353305036;0,01203599815184986;0,0008494170974823948;0,10153674913317279;3,498460089648617e-05;0,5156733847709816;1,6400291305718725e-97;0,3341096689897226
KMI;0,003220722093689667;0,001243475066821796;0,0036366364274241668;-0,0015149412799692647;6,059056436464769e-13;0,0300421647335641;0,050254616026880534;3,862607111494462e-30;0,1520738538627845
ACGL;0,005052551108317561;0,0012617114296041626;0,006598272435852285;0,0017075527629626514;1,723376963743434e-25;0,03962809856969427;0,039184693689274235;1,556345541923553e-76;0,3176947350226954
MRNA;-0,004530191316192523;0,0019007103519319165;0,0016358280471426524;0,0008288396972175883;1,528965057301992e-08;0,06486695749506811;0,5507986185873801;0,0034282660986711877;0,03863629163572724
KVUE;4,87893642456731e-05;0,0001137263316203048;0,00012769008101334444;-0,0006413960963979289;0,6022256211039367;0,34758741908809554;9,16163729739053e-05;0,05198115759256344;0,004903285741051144
DG;-0,0014708766169371362;-0,0005371385297440076;0,002821591220034746;0,0008125919235043759;0,0008546097896922893;0,34543945089694317;0,2905272491668902;2,421290311470988e-19;0,06875273406512095
BKR;0,0077315290770666;0,0028382910039201903;0,01064564828648163;-0,0021147919154575028;5,069024257010727e-25;0,002781621466569478;0,09845263853055174;2,800350096584534e-82;0,33531188855418914
DVN;0,010494645010392977;0,004181039038041657;0,01032941474756293;-0,0016693544546437708;2,2094779657959657e-38;3,8862030474825024e-05;0,22237134736649475;1,0492763332743112e-69;0,33628416413246287
CDW;0,00029117640537743136;-0,00016151078673131295;0,004431738223822919;0,0010870028470111842;0,4402420684905718;0,7406095770834783;0,09911940814986843;5,385009363950074e-57;0,19275964267863743
EL;0,000620166881607559;0,00029896285684689324;0,00870323760449405;-0,0001764395748532071;0,25254997642819516;0,6696821324210773;0,8520921304470357;2,9340444871472154e-97;0,3124895599310048
ADM;0,004220091622087969;-0,002179018094241216;0,007197159030169791;-0,00019383966943976449;7,76477917036918e-14;0,002593749897693055;0,8424209291393355;5,3770312118493814e-67;0,25384706978657323
GPN;0,0010815946319586544;0,00014197153107077068;0,01000391192658383;0,001069133155044699;0,062025728050991595;0,8496774029571897;0,2906168005070711;1,45409179969358e-109;0,3447219041499793
PEG;0,001984892384498397;-0,0041259621806093195;0,006440278065715628;-0,0002134600328056277;4,495750713156493e-05;6,825842639471839e-11;0,8009554973450421;1,4580202186839867e-70;0,24329054162762354
PPG;0,0038446085354307017;-0,0003078985544341803;0,010233167032509361;-0,0007442734658253295;5,2574267042055526e-20;0,5641273896139585;0,3019459342269995;1,7298345933832654e-190;0,5375872307337295
VRSK;-0,001796148230911207;-0,00044127060326530046;0,0037680772722672074;0,0009876184142290577;1,0479706943511003e-07;0,30973631877221275;0,09236980110661233;1,437700040955815e-52;0,1843589504917741
DD;0,006275383063484557;0,0010963518011166988;0,011147493480045009;-0,0021937624303768597;1,548617960237331e-27;0,1327203724348357;0,025966840120234813;6,268867389281796e-136;0,45240253918816886
RCL;0,010398437531127899;0,003804037639166382;0,017836544478972715;-0,002745761039566411;1,5089209993844395e-27;0,0016659506610472584;0,09236936314100143;9,953898265506941e-129;0,4441679994240625
MPWR;-0,0010767134421360985;0,003042946077802266;0,009735028997808216;0,001694769537100866;0,17391274830455092;0,0030049267297277355;0,22033062479916946;9,57465004289697e-62;0,22530078216096106
ROK;0,002599760589051563;0,002414880748894039;0,012424692866883575;-0,00085972532122859;0,00014578122201517417;0,0062996069840159895;0,4707675639841633;3,0177485793409014e-119;0,3858938544790801
KDP;0,002219794947953597;0,0018582002825036777;0,003437803285521317;-0,0008313481311178055;0,008596689694922591;0,08872113307485394;0,5725719045203334;7,879541683522443e-09;0,03973104649945047
EA;-0,002664745501505177;0,0006196351935341853;0,008699761601394159;0,0001086381448344806;0,00017886000835701926;0,49932050984519605;0,9300967780420937;1,774293410147099e-61;0,21355069743030952
EFX;0,0009264663223480994;-0,0010609966554581624;0,00976099572225204;0,00025939741522904757;0,09266429440196747;0,1364453346521116;0,7873609544445105;2,947177769791396e-114;0,3499205767046111
EXR;0,003448922151599408;0,0019904483350675723;0,007356798414512489;0,0003409013779362089;1,3594217681328234e-10;0,0039268573420011225;0,7140736750406325;2,052280545934461e-75;0,2872531955800317
DFS;0,011708624979120365;0,0015972918638531503;0,011506218909213184;-0,0014789880979064886;4,530784728787677e-75;0,03852846548175677;0,15574703972643675;9,519216390970023e-131;0,5081230170814587
ED;0,0014613120622619731;-0,00490437834516269;0,004215158391878796;-0,00012819916252596687;0,0001201769737934218;9,448100271738725e-23;0,8463602530209576;8,579431048077708e-52;0,20993441687323044
HIG;0,015299011305146201;-0,006482508238878147;0,015432145457068405;-0,002413633439286053;1,508266595507891e-53;1,39008157066177e-07;0,14439229661034184;1,0506525444659404e-99;0,4152152605423679
VICI;0,002277453808040366;0,0014437933703978388;0,0032194626245880945;-0,0006393866635552833;2,0132457958592563e-10;0,0017074566763135392;0,3027341755940952;5,789647540681269e-36;0,1696716158859759
FICO;0,0018701957854970444;0,0031490820866789675;0,01108300093393316;0,0014912392210095625;0,00406325523716081;0,0001865405531754094;0,18898024039383632;2,4678916677680835e-107;0,3605554391254333
XYL;0,0014341347981109967;0,0007691888362755339;0,0043260349817437465;0,0002636731046725471;0,00015853046596351331;0,11636918047309901;0,6900425715578788;2,762135241133769e-54;0,20327161652072145
DAL;0,010066728513039728;0,0031788717502232353;0,010913324563792067;-0,0019151436778337503;4,874314205434539e-32;0,003147318594925809;0,1870545193591407;3,374261811092657e-69;0,31663826082378954
ANSS;-0,0032726046255318647;0,0037504203910887555;0,010710391247034027;0,002040455707663232;3,8804334605069163e-07;6,739645096322507e-06;0,06876343478092276;1,200944025060154e-103;0,35853204974574526
XEL;0,0020255975781171337;-0,00481578811395998;0,005530092464398187;-0,0001801170589017917;9,051270006161586e-05;8,990252349407005e-13;0,8415285019188727;1,6775562738178605e-48;0,18422759373035125
BIIB;-0,0046269979504432925;0,0038760929353319814;0,00881302446062409;-2,4397658260042412e-05;1,4720619410419253e-07;0,0006368581026635851;0,9872680499192819;2,2537317209403478e-43;0,1840046128227456
FTV;0,0007564922426194972;0,00028351178688871837;0,0033068028067004874;-0,00026535065395245726;0,014935189615152363;0,48013935711414735;0,6245380084803621;5,908604235807121e-48;0,17318848374636442
ON;-0,00023034208017968724;0,005736333753579827;0,017393453531139764;-0,0019687018837737445;0,8349605903125885;6,357999292789417e-05;0,30798347409684773;5,590458628385127e-94;0,32374825642891913
KHC;0,0009515639490933798;-0,0003584205331652124;0,0020108030076402684;-0,0012421346507920793;0,007142752277751311;0,432734497873854;0,044210072138351715;1,1273270849596218e-15;0,05910720648642154
HSY;0,000999719465232768;-0,0033393586217609554;0,004502581664108161;0,0007807231181360861;0,031375014415138014;3,1996127140457255e-08;0,33545461526223286;1,2856428045549277e-40;0,14443876399259437
WST;-0,000998589822053862;0,0018516476013867211;0,007802986351297761;0,001642713560856823;0,0669447031960888;0,008668446989288583;0,0843665846287162;2,7618847667804825e-80;0,27710307529993083
CBRE;0,00831318985344697;0,005838236417501018;0,012448280069729709;-0,00048805230633068233;1,2020790324429007e-27;1,7867131373647604e-09;0,7075553318984745;8,222122284580913e-104;0,4068386842104401
MTD;-0,0011417886915646674;0,0001527675310322379;0,009980429969509139;0,0011239899815820237;0,023159685021759382;0,8140820466800446;0,20021480703727448;6,775450395645809e-137;0,40636338799259286
KEYS;-0,0012512848895893814;0,0016330370667266734;0,003244254198830529;0,0005725502262818372;0,000791239291574017;0,0007083559193397335;0,3782495664366703;1,477582517276428e-33;0,1429178340279622
WTW;0,0018824777090614934;-0,0010408772472587531;0,006640325499944431;0,0001512786916417526;5,605069569454367e-05;0,08415883314699608;0,8524478976210688;1,2109705490498668e-79;0,2668907937566968
RMD;-0,003795763738826169;0,00012054320916635378;0,00892569738366607;0,0014459304155643956;6,689719299498856e-09;0,886017410524892;0,20303191998707068;1,1764354422991995e-74;0,25616544747018033
EIX;0,002438876967117162;-0,004259668331267331;0,007698411752660536;-0,0006936957902495605;0,00032972714545837845;1,304428472775318e-06;0,5576714016536806;9,286720167524388e-54;0,1892780723584847
CHTR;-0,0004852003672433182;-0,00030161975666739745;0,004261962253475286;0,0007933473961300978;0,32163774330515194;0,6337472120137452;0,35341669027405254;1,8152155883518158e-33;0,11395020647839826
TSCO;5,192971653587634e-06;0,004849539135148181;0,008069089582670491;0,0027451849477302466;0,9943471822618133;3,591024757434539e-07;0,03213898788183562;7,811681373909471e-51;0,20948893615390962
CAH;0,001642894367885431;-0,002904072920617945;0,007892095376363846;-0,0006327168669734347;0,004435009172801633;0,00010287608460256447;0,5296937455415907;2,553178285445182e-74;0,24376713051126053
WAB;0,005698462424690814;0,005957145501827688;0,010144000241528317;5,1631421175764316e-05;3,726941715173335e-21;1,6271225420201794e-14;0,9602329176860394;7,13690081354764e-108;0,4173841641511884
EBAY;-0,005605995724840156;0,001562792532642933;0,012455789750034852;-0,00039089365349816103;2,6600506741824237e-16;0,07383594673171794;0,7403915320636913;1,0615276992741903e-121;0,39365858285182975
DLTR;-0,0009458834185804348;-0,0016554338223426267;0,00848502847268804;0,0006031838505269453;0,20548569572726344;0,0867367755977699;0,6437602004678773;9,762816483353797e-54;0,17604765142429624
ZBH;0,0020917547451670083;0,0008359289502033045;0,00739412102809857;-0,0003258131871830609;4,624567992515362e-05;0,20673083653702634;0,7154461778459771;1,849940933749287e-81;0,28283436869495715
LYB;0,005483117998309109;0,004007196855734647;0,005952386306643992;-0,00037709750799549133;1,8288480413686104e-25;2,223684602865916e-09;0,6746543287586262;1,679645911025781e-55;0,2849419411629892
TROW;0,002013506461709991;-0,00039064778856817093;0,014331831636987927;-0,0009369945702499098;7,6195479355159095e-06;0,5002845671341687;0,23127963661367953;1,5557358859508498e-268;0,6426060875290833
AVB;0,00492262744286479;0,0006978709307358475;0,008123358592787086;-0,000444357902141315;4,063692785992274e-23;0,2683837022843237;0,6016692981021159;2,3183596116042676e-103;0,37425110040950227
HWM;0,004405137722646623;0,002229660521730993;0,004183291357241422;-0,0002538144891312982;3,3933456096374548e-18;0,0005653364611490779;0,7707923278820507;2,7829163685162147e-31;0,17759077014477176
TRGP;0,007092272554668273;0,005724642741156728;0,005942768226219863;-0,0006097365523700163;6,963449769339316e-21;3,353981233494679e-09;0,6385832114280785;1,0310754613273115e-28;0,19379329862413042
WEC;0,0009265578296329098;-0,00391571317520443;0,005087149788755534;0,0006670481151810217;0,01776725822763643;1,8034087951532792e-14;0,32802103190156817;3,00567449331433e-68;0,23196400715630794
HPQ;-0,0006614864606379414;0,002159651270894898;0,01214139350610686;-0,0018975857044525324;0,29956535681670876;0,008902566258279303;0,08848736479032526;4,19953954719192e-128;0,3981771435595073
WY;0,00519425833089034;0,00010497466984383149;0,01163509561916402;-0,002814576701757038;2,745084242633013e-14;0,9042438316987713;0,017031571906731744;2,784650256760688e-109;0,36865912625886044
NVR;0,004323212091748276;0,00203618910079085;0,009109005366026619;0,0021513913207667247;8,741232345065195e-12;0,012211468417906194;0,049786259210479564;4,1033886205137397e-82;0,3057802676182796
CHD;-0,0014495645436391955;-0,0032425761841171894;0,004563935219842826;0,0016481652692034309;0,002173653247791783;1,274235569426408e-07;0,045718421230142164;2,2653111976694662e-40;0,13522533379662183
PHM;0,0078037348263063685;0,002406690017148338;0,01467882598739537;-0,00042440650056228054;2,0615323031317828e-22;0,018063259889988123;0,7572399179931324;3,801181200723396e-124;0,42390384107035006
BLDR;0,010547387209494859;0,011545572287180627;0,013246399697370246;-0,001121032244859585;4,108789321803412e-20;5,674686851698207e-15;0,5696773787918736;7,309646218790649e-57;0,29323012308364527
FITB;0,017121629637176755;-0,0005779645628235624;0,01425812284878559;-0,00334675970299883;9,788116351826376e-83;0,5874352962378635;0,02010979589141724;5,754271690232916e-110;0,48037271820090965
DOV;0,0043474844050695;0,00211781509496932;0,011172322702425743;-0,0008204044357172335;1,0829015727209478e-22;0,0001739321007081425;0,2802377798925125;2,669115881121561e-200;0,5689918105379574
GLW;-0,001046890563100605;0,004862102427931415;0,013188029374497518;-0,0024230428278161696;0,23194732330541468;1,8839972932668855e-05;0,11321088013448927;2,182965208591278e-87;0,30846671235129697
RJF;0,007108882304945055;0,0016986457301127148;0,014033705502925226;-0,0001619963720152616;1,3002576883643708e-38;0,01309619206339333;0,8607270533251463;1,064354169462716e-209;0,5927001528105449
TTWO;-0,004130021642331693;0,004033739868686644;0,0105309244484771;0,0005329387827990521;2,297975193403514e-05;0,0013636158400055882;0,7535541791406872;2,0364972921595947e-49;0,19612926624584126
BR;0,0006311721996622875;-0,00046543488212139343;0,006493816949494737;0,0005671341093577522;0,11819656372580067;0,372852010105432;0,4212936470333186;1,7980043173934287e-97;0,3086529703174612
NDAQ;0,0033239224568367325;0,0009963406141408023;0,009646801438000388;4,776837280840905e-05;1,1861159528668654e-06;0,25806795992490134;0,9679607235068066;9,042246495879865e-79;0,27851262379986075
STT;0,008568336002081223;-0,001285645505750417;0,012528949381981371;-0,0018861248100008462;1,1926105057154085e-41;0,10380725159067987;0,07720369881070366;8,359239794928757e-144;0,47947038534106623
WDC;0,0015450123791473577;0,0031354013411730467;0,014598176026715495;-0,0007289201553766559;0,12793535694566438;0,016981535403591142;0,6807523096690136;6,642882057313063e-81;0,2792953741956141
MTB;0,011371013064509074;0,0004038462453192837;0,009019986005582053;-0,0011770191744173862;3,963961928008634e-116;0,4833457573788392;0,1304444394128392;5,736447533343866e-141;0,5699411478691394
HPE;0,003198789077761943;0,0017376520888630785;0,003511807824553153;-0,0006907252693351951;3,1868199025341238e-15;0,0008220782939940927;0,3237483767655598;7,479350970467635e-34;0,17721626760144826
AWK;-0,000385259149399285;-0,0016784835601939831;0,00460829653609668;0,0005182752159289617;0,2850858155511577;0,00032735684482368096;0,4102046969157037;4,3255984699277194e-66;0,2102131803504732
IRM;0,0033558799640693443;0,00037184368995571995;0,008178317995712066;-3,816656990306913e-05;3,803112701404351e-09;0,6112157530315576;0,9691755384445426;1,4252540771230808e-81;0,28935487717874997
SBAC;-0,0020138371367030184;0,0011569001893824737;0,013952789970519058;-0,0002749444163281717;0,12463642763073453;0,4950061338494266;0,9043975444095734;6,790748198724269e-48;0,16715872984863156
GRMN;0,0020278632102279483;0,0038016675020975496;0,009225927845024112;0,0001531936726363531;0,0035424531669837243;2,448417564687082e-05;0,8994409530808792;1,2641036498098249e-70;0,26648862768368764
ALGN;-0,0007058521468781122;0,006813874986583257;0,012888938669215467;5,388388906607517e-06;0,5541575625041981;1,0890688627382682e-05;0,9979366600415747;3,676750327884269e-49;0,19775138815329518
DECK;0,002117679167313178;0,006536885831233079;0,010337746482143332;0,003378431140386319;0,03366713894081513;4,4542652336101637e-07;0,05229828925778023;8,645014396496356e-46;0,19569993540247876
DTE;0,0028266906198341334;-0,0022438892176548514;0,006096937363531883;-0,00013026799709499212;1,2084547113212441e-11;2,8534707050536827e-05;0,856720686068978;1,9997260046115132e-84;0,2944250588005122
STLD;0,006878940122397315;0,005526442433787433;0,013028370052974709;2,668721068798968e-05;1,0039520316360925e-16;1,9696628398418043e-07;0,9850764941446286;4,0989829163640675e-96;0,36653642507367534
ETR;0,0020990524512876922;-0,004563392078365008;0,0059076087317529655;-3,0490933144731286e-05;6,192584622943438e-06;4,6163491335388636e-14;0,9698882237895459;6,146628762482808e-66;0,23736506066181073
HUBB;0,0035183954053125757;0,0012624042342754497;0,01017059599716424;9,248631545265205e-05;2,909343967408527e-14;0,03302809903787263;0,907840031081334;1,8532731535090533e-162;0,4888498595491726
ULTA;0,004747246197026614;0,004358249146100112;0,00734217277572139;0,0005618319706300242;1,4749308448253922e-09;1,6465692917297527e-05;0,6797522699635354;1,5454179055900194e-38;0,1840010067588289
PTC;-0,0014590669699065045;0,007339601503318806;0,01319565303151837;-0,0012890227192703003;0,0712063088005891;3,5417068536901497e-12;0,3611655457355458;6,219480120774497e-100;0,36391442750665404
MOH;0,0004244646156980607;0,0013253466134022656;0,007178331774402674;0,0013139053114413798;0,614603085316265;0,22423569998993623;0,37218104225346704;3,711462114678938e-32;0,11778202358563761
CPAY;0,0013544294754122112;0,001205210245195195;0,0049038011858356136;0,0007039567187163664;0,002391452391536489;0,03649073496830711;0,3653016142749984;6,943707904867143e-51;0,19225959593523678
NTAP;-0,005988889522176377;0,007485304188514752;0,014592292024005074;-0,0017460422583308727;5,677262503579508e-10;2,047299905191544e-09;0,2970943698266222;6,182245738096874e-89;0,3394397294401471
AXON;0,003410311407650568;0,008495514902895903;0,01219635341272023;0,00260060394750219;0,0040688546025991;3,606018277042144e-08;0,20907314011583683;4,153306454373843e-45;0,19993485778713693
EQR;0,004773476865697761;0,001051402665479761;0,007335562799945632;-0,0008205287281834637;9,763413143340882e-20;0,11560771656226383;0,36298537259034913;3,83981499778365e-79;0,3103559004779245
IFF;0,00211692629392067;0,0005325041626087534;0,007653129153895276;-0,000896807238041449;1,2743360563278971e-05;0,39421089163786904;0,28798650465784886;4,918746741074508e-95;0,3186723457616345
APTV;0,002560576728438903;0,002929822939186176;0,005808765722980517;-0,00018219875006526522;4,906385102021398e-07;8,390375276783178e-06;0,8368039976340377;1,2356443310573802e-54;0,22975101004872167
BAX;-0,0003669109369147802;-0,003432649258270822;0,006082484363594856;-0,0004025431279752117;0,4887601625229743;6,240940438988704e-07;0,6636052146006836;1,0383242280966623e-54;0,177193268386443
GPC;0,0035581423065704342;-0,0008108557116381187;0,008674684510722524;-0,000303870996872539;1,3897761799060429e-18;0,11553699040364064;0,6621309583907511;1,349258033530501e-157;0,4741820666711032
CTRA;0,005876700002683925;0,000995757541504188;0,00890527248714814;0,0004560938253744933;2,1099471047189333e-13;0,3309892208221804;0,7415459309740082;8,80963709752739e-53;0,219768341221657
STE;0,00019409493420738494;0,0003817480034474966;0,008486501860968962;0,0009874380319510974;0,739382805233437;0,6129226880246833;0,33256168139038844;2,1583845167109588e-82;0,2709727544241576
BALL;0,001304425514586949;-0,0022685275343717537;0,008174893249993617;0,001125066865473695;0,010926585817866614;0,0006290049879546995;0,20832138779222426;2,37469077164102e-96;0,30264041544911224
ES;0,0011597576347295458;-0,0031628258063419006;0,005976884897130296;-0,0003055085405557533;0,007454854202064355;1,9651951791790643e-08;0,6860711294110183;1,9996348962215476e-75;0,24717679726027786
ILMN;-0,005618817771879732;0,004713980968217961;0,011960692460864475;-0,0002838553073430676;1,3180465584616163e-06;0,0016536355218482598;0,8882007163754415;1,57860922667496e-45;0,18625225220477815
INVH;0,00044196312400793334;-0,0005433156703667581;0,0033422109607515573;-0,00041554690539853277;0,18996503867577308;0,21280111902208645;0,48028632174119357;3,2271808149156625e-42;0,14400804873811557
BRO;0,0018156542887113494;-0,0010790360816998344;0,007480232324895944;0,0013935794882293006;0,00012277635230784854;0,07690934595526978;0,09065426447711969;2,4464289920495488e-95;0,30820345438079577
PPL;0,003270589911838186;-0,0032547273282753602;0,006698534911833112;-0,0006029709515723914;5,52920827093767e-11;4,1446321763685516e-07;0,48516584729570456;5,976210743295455e-73;0,26363936460767634
HBAN;0,01717884224293666;0,001694200707794751;0,01210060397347361;-0,003255071624288899;3,679810072659049e-108;0,06266458732445672;0,008124139930326648;6,731917987542951e-109;0,5180120723480779
WAT;-0,0021265442161626986;0,0016660996449080303;0,009686662957059373;0,0003817973563389025;0,0023708635290354096;0,0652709277597855;0,7542489718726078;5,43893695018354e-76;0,26139999301849826
FE;0,0019345855053326524;-0,004229982113555055;0,005919352838450532;-0,0007259231240519002;0,0001304557916477712;1,2491753740236504e-10;0,4097724592695381;6,350094004065752e-57;0,20410863843627725
ARE;0,005023116599281133;0,002681747875821903;0,008265875961141502;-0,0007158832461360984;4,5322316106404685e-20;0,00012277560867220863;0,44642360816196547;3,039690505735928e-90;0,34995982600979636
COO;0,0013691081285755154;0,0007405715547447752;0,008601659423599401;0,0009321305788477968;0,0367310129286482;0,38198738701838797;0,41511859870724255;3,345832899694659e-69;0,23847102285588984
TDY;0,0016750690072500206;0,003165169965538742;0,010401383523847115;0,0010708568911963654;0,015096459246527423;0,00039150229819654;0,3732034332287344;8,005901173591821e-88;0,30800399276653756
LVS;0,00951502628433883;0,005607989208069798;0,014158080424120376;-0,0028020205218484886;5,0758314637266456e-21;1,3761719844445756e-05;0,1065339898638603;1,4634992125996682e-79;0,32815734092934756
CBOE;-5,000210607315046e-05;-0,00041058858004724367;0,0027722592361021183;0,0007863882828515277;0,9004425387456186;0,4270727028313518;0,2600145206851065;2,9253906163552566e-22;0,0745733883486347
VLTO;8,264141104385464e-06;0,0002912110169296597;6,611810670228613e-05;-0,0002820077797047096;0,9139287816332169;0,0032833634167470185;0,034846069088665416;0,21779350116082408;0,010130626618060967
FSLR;0,00394272107761631;0,0034141309184795438;0,010270026566505157;-0,0005914130062646095;7,096813818576998e-05;0,007703661001861688;0,7321031354807828;8,117342949270037e-46;0,18374014351997525
CINF;0,00581761836921641;-0,002837362873557882;0,00873061124123635;-0,000648398440030669;6,01545091434576e-39;3,9992564145407766e-07;0,3886092678522479;2,959824782619293e-141;0,46877716266991687
AEE;0,002128360615250828;-0,0039212470384313095;0,006187429544137664;-0,0005976338270188593;1,425197073579023e-07;9,037232657584105e-14;0,39496632745168714;1,624834050819837e-90;0,30433826398697716
TXT;0,008573058090043328;0,00254185394751933;0,013023724376542811;-0,0019531919680314536;4,399171141592169e-33;0,004756438828024748;0,10778356461308589;7,608343817189651e-125;0,44291880800541517
MKC;-4,5499759345522834e-05;-0,0028368219010894333;0,004580394306615576;0,0009078144767224956;0,9161699384434501;4,448483180465048e-07;0,22926618576429453;1,6375739833583667e-47;0,15662222059472408
RF;0,016179715838779904;0,0011032082193002998;0,013188844259946726;-0,0029864743545311013;6,051878232697596e-105;0,20626156158768527;0,011359724577056836;1,8610929209795723e-133;0,5476789513855136
WBD;0,005556753795590276;0,003902371508881299;0,007599704750342826;-0,0016059547165471295;1,7123672278011198e-15;1,2927164613511797e-05;0,18227540127419928;5,60919790642681e-51;0,23798246698484316
DRI;0,0050889035137082215;0,0002626518190868812;0,01004390533946855;0,00020946738217530894;1,1269346777228532e-13;0,7644787856631755;0,8595463148738789;5,236513789033521e-85;0,30783467105801854
PFG;0,0128228614433279;-0,00016864917065834305;0,014182256256138934;-0,0018480949049390718;5,432104839520977e-82;0,8334519003566243;0,088104037438239;2,0107655301239707e-169;0,5697703931925957
J;0,005217533581248537;0,000959905634360529;0,011418845894124154;9,846457838912908e-05;1,5087011805793693e-19;0,1910755761145876;0,920859315504218;1,3656477024845608e-139;0,4478050562449536
OMC;0,0032611521312257375;0,0006569285707962233;0,00956269418954065;-0,0013541664999456398;6,569056218423182e-13;0,2580721309356708;0,08436300027363823;2,7454903978019e-152;0,46355225931166455
NTRS;0,0055208552348911125;-0,0013247584730951933;0,011154648829049062;-0,0017254983905848368;6,138707507850408e-31;0,027642424477924487;0,033629662197530164;7,115125388254618e-182;0,5318053028034313
HOLX;-0,0012315686636622818;0,0051330891499032;0,008876762384934957;0,0014010851984410384;0,13592271995149555;1,7033273730505187e-06;0,3312269835261713;9,258829989933911e-49;0,20088877898187762
IEX;0,0022325429420761086;0,003030911623011642;0,010029961041254755;0,00033851796801518546;5,269796266823312e-08;1,1351394106751142e-08;0,6345808417109957;2,5208539114147602e-188;0,5441165417453921
CLX;-0,0015871293400164755;-0,0036532951588842304;0,004878474691279994;2,922907807395938e-05;0,001397541774253903;1,4959209949479315e-08;0,9730655677205999;1,168086643088315e-41;0,14021948091225667
CNP;0,005101119726601525;-0,00230600940612164;0,007414214223299753;-0,0012777973672078212;2,1288833814016137e-13;0,009593383439165139;0,28729219624642527;5,10801061021787e-49;0,20189010413552122
LH;0,001464563741213472;-0,0007793498913741704;0,007500828859573571;0,001238644884736654;0,016853422031476266;0,32497839769137615;0,24669331827533353;2,3505117670069375e-61;0,2085664440988878
JBL;-0,0010934912129871212;0,004773198992416812;0,01669534411094922;-0,0015840730488891814;0,2011344141828195;1,7071659797736672e-05;0,28891112525539264;3,365557481712272e-133;0,4199588552790613
WRB;0,005551079397188418;-0,001298306773759747;0,006401412092356867;0,0016030485008034254;6,2692715550810726e-30;0,03507754440878077;0,05393780959021016;4,284786203191598e-72;0,30640640618368753
LDOS;0,0013248973074002268;-0,00016711572694123867;0,005724277939423199;-0,0003740869370039979;0,00517464364093535;0,7847667650992207;0,6507345808162286;5,234754841859261e-60;0,20838393844746161
AVY;0,0037114493249179995;0,0004372635604453955;0,009690881307593078;-0,0010613459102956952;8,345048592473845e-15;0,4742221656971084;0,19841690451031332;8,083887724289401e-144;0,4476101043897156
EXPE;0,004024286082378171;0,0030302692706582293;0,009852395602761117;-0,0011703732936807077;4,22818724672073e-07;0,0031256466385856376;0,39722081795304975;4,701293242185606e-63;0,24454380690267108
SYF;0,00552510155947802;0,002547467945021764;0,0050879787173212674;-0,0009663457028516438;1,9702435980274502e-25;0,00015271068997186357;0,2861706252875305;2,042428364382037e-41;0,23004693693378309
DPZ;0,0005679114129497017;0,0026473915286723375;0,006623468853106261;0,001369230123239179;0,39435174306803766;0,0021780267752862796;0,23968666133255892;2,26422607509799e-42;0,1651629332489556
TYL;-0,004451576833128336;0,005515693764730433;0,008386723613290722;0,0019639638777242878;1,4419656072284224e-08;5,52841152332063e-08;0,14968774635155574;1,0085798464899913e-48;0,22223474286186273
VTR;0,007274172910532549;0,0026167549588340545;0,008941919374347658;-0,00020512747100792395;1,302832205191755e-26;0,0024204339337805907;0,8599762207737168;6,73326216868761e-72;0,3126061200956016
MAS;0,0060043861008646365;0,0007852096832279048;0,012450125149582719;-0,0014010494125129415;2,5169428055062024e-20;0,3420896520022303;0,20940009477923466;8,673146662678306e-133;0,4336847170890906
ATO;0,0012824996851846097;-0,0016056841063458265;0,006008278728461401;0,00020139001093080262;0,0022034021196018438;0,0030370968640417175;0,7827135788500912;1,0636250297477841e-80;0,2631691844575821
CMS;0,0026709016117668367;-0,005171403705670842;0,007045607268633697;-0,0007854269855229378;1,2630237588523716e-05;7,68488841294618e-11;0,4605214997097705;2,0162532002487173e-55;0,20369089555128428
MRO;0,011135364493625847;0,004011291949016029;0,010649666262784276;-0,0016424816552873872;2,868393608068783e-48;2,3346341106477743e-05;0,19812099747034634;1,0902023088913683e-82;0,3850247632913463
STX;0,0033666010126780703;0,0034301595484569347;0,01010325309497284;-0,0003957567343235598;7,9030898852145e-05;0,0018491819512976868;0,7898272583529089;3,800286894982491e-58;0,22531746269000963
EXPD;0,0009231981634132419;0,0004547350727609977;0,009611145903391;0,00023122458676325477;0,07808406215861993;0,5019642215842723;0,800386709249665;8,115355711576429e-121;0,37417589637916593
PKG;0,004025706632484633;0,001748867020147845;0,008740952102383657;0,0002981803292787316;1,802396236208174e-13;0,012522958274291155;0,7522453412194943;2,9370027010233115e-98;0,3503050665961889
LUV;0,006542653691580022;0,002868124474263391;0,009540194018499867;-0,0011431271845000126;6,797583318592885e-27;0,00020352897471979058;0,2716939084188928;6,978801554967258e-97;0,37710795621951854
TSN;0,005165137551834755;-0,0007913963651322534;0,007018129936174055;-0,000625328518461206;1,6953880447834515e-13;0,3774236877707683;0,6054690419782871;8,057163155946177e-44;0,18787270050636085
FDS;-0,0014436911250025782;0,001141064669245679;0,009361782828883327;0,0007645487559441676;0,015073260540223881;0,13713547421137348;0,46059120954918575;1,8753913986201735e-94;0,3089356066203548
NRG;0,0034138950678948344;-0,000524281876377305;0,008434155206622782;-0,00031147153145344127;3,818786151210356e-07;0,5444907797250009;0,7897380184254937;1,733182846091075e-64;0,23243383540175955
SWKS;-0,006812364947897265;0,00754800406866865;0,015972172523738407;-0,0014724220900959584;1,491535738103522e-10;3,7928760269066876e-08;0,4241090693905494;3,527277317019994e-88;0,33396346837991775
VRSN;-0,008887122724456877;0,0026741772912517144;0,013439768252609202;-0,0017375658783733003;5,0319223837134103e-23;0,01918493346493744;0,25938141575426016;4,170444408983571e-89;0,33120636355220123
TER;-0,0016512151018184527;0,00721957986805052;0,01668675406803355;-0,002328158417125195;0,04158058925075375;8,456382394801396e-12;0,09983132582776644;7,508543640689227e-145;0,4622545576075988
EG;0,004664807685455695;-0,0017845524553030045;0,00706832816060178;0,0006348170198138395;1,6472380703737135e-18;0,008446748904367805;0,4872354763467144;1,2198723919500887e-72;0,2808054870906541
CE;0,007476504080721281;0,002619982877340155;0,01125570198488842;-0,0005559612529446465;1,8472557059278979e-34;0,0006474790980491751;0,5911053333041465;1,3990966618447638e-127;0,4526597414149818
CFG;0,006779824491833605;0,003252203665086503;0,004216977836009453;-0,001112989059855154;2,090273716787056e-52;4,062379544971116e-09;0,1335310476025964;2,4153523226627433e-42;0,3074463322280282
AKAM;-0,01015327544627192;0,007085354625815048;0,0154156179487494;-0,0028532374541451262;8,251620506250867e-17;5,689508160070032e-06;0,17436941373951734;2,2733710349711805e-66;0,2802248225411855
JBHT;0,002161519339178883;0,0022759357928136366;0,01023246393547455;0,001375104796632151;0,00037654342623782793;0,0037604657547102623;0,19420075873931272;1,6611804842287521e-105;0,35285676721043624
CCL;0,00785535147121192;0,0032586990191684805;0,014051283964208995;-0,003699260756271483;4,5253956525074255e-24;0,0009457650521038373;0,005415017687013925;4,111248724764821e-122;0,4261637804751538
ENPH;-0,0022618894767982133;0,0071226029594299144;0,006539651604087099;0,000928425055420944;0,06419487439355155;7,074591178662069e-06;0,6633427461683681;4,441468883720512e-14;0,07810961535168548
ESS;0,004350903205958596;0,0013781502084718015;0,007196311594685981;-5,831436689195292e-05;6,830326112025155e-19;0,027329504649386247;0,9448153881772565;5,65277624302174e-86;0,3287922240500115
BBY;0,0013617327228123612;0,0028626808537992607;0,01266016186250075;-0,0014106947732032452;0,11185398664630561;0,009815344115012966;0,3454414054271884;9,851896629568973e-85;0,29129943528869784
SNA;0,005418451389064451;0,002106990495810261;0,010043533017341906;-0,0002111523129369436;1,5581942967826132e-32;0,0002482011241693935;0,7851131896673509;5,122093705508915e-167;0,52366335014824
TRMB;-0,0017328123259329569;0,00772398226158897;0,014162134820800296;-0,00027534273332977547;0,025338517409958582;2,426003213183244e-14;0,8386091232387392;3,422764574610686e-120;0,4169607825573022
ALB;0,005079151023064077;0,00309421698704667;0,011972566405222583;-0,0002904217372130139;5,007077496489632e-15;0,00019768321582083777;0,7953080522340744;3,2587183638224e-124;0,41920349696543613
BG;0,005008528425636685;0,0005379162152447165;0,007551473832845759;-0,00025318737347360625;3,2849282132227536e-16;0,4921578548531176;0,8107587556745266;2,8666636514915964e-63;0,25622169017482377
EPAM;-0,003918928391266888;4,8644404641460466e-05;0,005380356462599323;0,0015758138487949821;1,637585710090426e-09;0,9535106845844802;0,16209359229988382;5,671240527564418e-31;0,12587175339629708
MAA;0,0040121450381399954;0,0008440118947458116;0,007578240196471586;-0,00023354866426413527;2,942273942982529e-16;0,17788987090509228;0,78240466297112;3,6313351257709975e-93;0,33787125874101687
POOL;0,0016269926760003942;0,0033824090886742206;0,009844436879792112;0,0015956458598143637;0,0056468964843006415;9,071779929663282e-06;0,1197330885362752;1,946743389667955e-104;0,3578420567169709
CF;0,00589639405040158;0,004293261846897617;0,007761357964755888;0,0006860779767472782;2,7527546566064236e-14;1,5749278439064412e-05;0,6080301666730137;6,945701939157462e-44;0,21317598138028637
ZBRA;-0,0014206032157303046;0,005934164690161925;0,011360244365140496;-7,534670176059338e-05;0,03325958522396256;9,180728738624657e-12;0,9483995283586197;3,518234894976608e-107;0,38031422306831253
K;0,0012176755908558969;-0,0031895736756376966;0,0036786682794486053;-0,00024274782092688726;0,002684067524599583;1,481832799361222e-09;0,7313907646072572;4,1231217364907783e-36;0,13750962173431402
EQT;0,006492205374775199;0,0014748700284782073;0,008156406221893698;-0,0002892756588123105;2,6905742843964954e-16;0,1451637648794477;0,8323445474066812;3,775978732807472e-46;0,2093803806817145
CAG;0,00037482620516555694;-0,00249807580029961;0,004738808756451764;-0,0006025528932419384;0,46079371120123414;0,00015049314762144163;0,49717855599312866;7,68670248854438e-38;0,1266262063493957
SWK;0,004694398924369802;0,0013315517003813732;0,011308549010825201;-0,0012605444007036037;1,8349245884545748e-20;0,03872891998537479;0,1471165966570973;7,971456562494737e-168;0,5059673715864893
NDSN;0,0029257578541932007;0,003999179328991286;0,011404937626683162;0,00027495771020660256;3,729586315197405e-08;6,161696993686066e-09;0,7657463312818115;2,180301624078887e-155;0,48540040842000287
LYV;0,007568659457249361;0,005210572544246749;0,011828387013916475;-0,0008003352390587316;3,043718256962757e-21;3,377614404149469e-07;0,5597382847904258;2,6464732843680045e-87;0,3525045575222584
DGX;0,0012013552430932093;-0,0018018688970638471;0,006787173816136241;0,000929399373119467;0,04791565967466617;0,021821343654618814;0,38056802192526684;2,8392339703912957e-52;0,17632123236105957
HST;0,009325537000307764;0,005591744486429142;0,012013447109981854;-0,0019297749854690753;1,1609870005736259e-49;1,1706539560877875e-12;0,06664078554841753;8,69400164440911e-138;0,5074838214399722
KEY;0,015293383074376634;-0,001650806721662898;0,014165887423620401;-0,0033160096540657937;3,404129085833368e-114;0,035154598925381184;0,0017458247370903024;3,1611164303362465e-175;0,6075335130255187
UAL;0,013967320019345615;0,006193628811338521;0,012666214400621845;-0,002800360754602243;3,2967377134529403e-37;6,877275343900076e-06;0,1307064604296257;1,156868214931327e-58;0,30849659447195865
VTRS;0,0019543138140962284;0,00032477955123583554;0,009558576315128013;-0,0016342295731827624;0,012084975821263251;0,7467811818719438;0,22902171701346816;1,1323566193084166e-61;0,2147212274031961
L;0,007388798874890584;-0,0025113383603603107;0,009786360300707033;-0,00035612874763239587;2,406713869116927e-71;6,227039497066343e-07;0,5988933848559541;1,876255008912272e-195;0,5910739455803976
LKQ;0,004751428186456792;0,003872574036126605;0,00849610612606159;0,0006987986778846583;1,097689994016776e-15;3,574256394579955e-07;0,4941584033528771;3,9800448967770784e-82;0,32938133960856897
WBA;0,0025423422431000444;-0,0011819493903180637;0,006898586319967607;-0,0015590234203495922;6,588903121192127e-06;0,10400829085876254;0,11226489158041501;1,443530108454391e-61;0,21792881351399473
PNR;0,0036403754389342;0,0033192252487169505;0,011238366200369183;-0,0007551886131249952;1,1952651459735036e-11;1,5668041559301475e-06;0,41631879003753736;1,9196330946778445e-150;0,4744592756725764
DOC;0,005678096679123519;0,0016017467139050729;0,007710725012784034;-0,0014292558635775683;2,1389236321651035e-22;0,03060682746312589;0,15285062753664713;2,6190820010065067e-72;0,30074318851969184
IP;0,007085783928839;-2,3854822226396316e-05;0,010774264282695609;-0,002506097235539002;7,805629255587527e-33;0,9744951047989926;0,012979442416750439;3,3977122036885757e-124;0,4321470691005592
AMCR;0,0014187370015975452;0,0010987349295791525;0,002028851163069011;-0,0005999253550433195;4,6957545539050096e-05;0,014584803971372398;0,32283578481323116;2,1437753164197305e-16;0,08011755968625911
KMX;0,005155424858722344;0,005391573156019468;0,012806235800921854;0,0007293891875758569;1,6507171322910954e-09;1,0217361657882352e-06;0,6227405601213032;1,3144860901120994e-87;0,3304808087593739
RVTY;-0,0024613204527321802;0,004318380402846768;0,009650847821472132;-0,0003952749263085433;0,0007272675497903291;4,752561663069821e-06;0,7554618535714457;1,5832510048499636e-70;0,26783298010098
CRL;-0,0003725675059150559;0,0024291845012306052;0,009011839692082396;0,00027370749657528397;0,5843107563613767;0,005883620280666228;0,817963542269832;4,1114000492982774e-70;0,24843213260310892
MGM;0,010863271806258132;0,004516048050349007;0,017396444940091186;-0,0023955101798659394;9,805534491351702e-32;0,0001123899741470272;0,12826131717024275;8,482490204830519e-131;0,4571700887806899
ROL;-8,008007747984362e-05;0,002588281233794753;0,007077980025696046;0,0016458358190569967;0,8731310261027506;6,945643432872872e-05;0,06038625972957886;2,7840967820438934e-78;0,2811394371307051
GEN;-0,002470033883399862;0,002647956205459576;0,008895530757638503;-0,0005848622508286853;0,001468398908893611;0,008331273099982061;0,6656385583711814;1,0147229187303765e-54;0,20444415934779958
JKHY;-0,0008557153790339036;0,0026123144110266833;0,009005929257767664;0,0004639733201974374;0,10787652867120374;0,00015289449776339313;0,61747906576636;4,69837015174293e-106;0,35305108446591715
WRK;0,004182059366036697;0,0022896753547383257;0,0036487221039981635;-0,0013378049443679377;3,151081150949964e-21;4,847613134666238e-05;0,07795168212164268;2,200723850592227e-31;0,1898736529726487
LNT;0,002068760817493725;-0,002683830529464544;0,00633513881234176;-0,00025371709344175144;1,606664484559844e-06;1,4921201451932251e-06;0,7350147534128961;1,9225857896779999e-84;0,2815532674110237
KIM;0,011058612972374274;0,006142046387509543;0,009205291950635384;-0,0019436788637881358;2,422636550165915e-65;1,501764931751278e-14;0,06848193517576967;1,554507048251079e-87;0,44054166772236736
TAP;0,0029665128116374215;-0,0018987661623390802;0,006242382872198657;-0,0006026322052687457;1,1767443635882378e-07;0,008471062403263306;0,5355188815392304;1,768683629843311e-52;0,194981401979059
AES;0,003966072919261525;0,0038838544810303817;0,010954583128496127;-0,0027790998807577525;0,00020157252389358204;0,004835017552885697;0,13493801578771536;3,8516989825105774e-45;0,1813134618094293
EVRG;0,0027764689220520816;-0,0013878349151900942;0,006108270838071973;-0,00044253991445373305;1,3484769054435804e-09;0,01840171437295538;0,5773355633339325;6,112064653406157e-72;0,25670417096178555
IPG;0,004118907585854213;0,0014455358730574921;0,012581891097108932;-0,0026761733219124043;2,0309335698425235e-10;0,08211235204065576;0,017201360637830686;7,988822655293889e-134;0,42377445019298754
EMN;0,006724308014424264;0,0013218675206187443;0,011972319469772378;-0,001392557690481815;1,0268711085762861e-39;0,038041413641273086;0,10546035610119373;2,5826958677298078e-185;0,5558149956357616
SJM;0,0007645640915978875;-0,0010109254221378906;0,0039562828546236585;0,0005921171272189555;0,11955462890579903;0,1115102973863565;0,48982103421693446;3,9629684508279596e-29;0,10052297991662618
PODD;0,0006743515008077783;0,0019524745715989071;0,009624383961198248;0,00021200903873735814;0,43187210760280215;0,07861736666479056;0,8874615861598356;1,4651321301585414e-52;0,1892834405058471
JNPR;-0,005780403879508449;0,0054096012990876765;0,013931723688934085;-0,0024561216835813577;2,824340280021671e-09;1,6048027654750085e-05;0,14559874223338243;3,3461843625248386e-81;0,30368279544224686
ALLE;0,0009466699336669152;0,000897976264769589;0,003954157831887765;-0,00016342772094344292;0,009401577251396953;0,05664671243567684;0,7971188988661202;1,2040633405738375e-49;0,1855364451078354
FFIV;-0,006330157722796131;0,010597581606417002;0,01189770202985693;-0,0009799054989387394;7,494053864176351e-09;9,449926830828469e-14;0,6060584878128397;3,0862857750469346e-50;0,2501605463641733
HII;0,0024053189161934445;0,0010092384784503314;0,003901069369533197;0,0005818048483833656;4,6012297440826756e-09;0,05572159130567095;0,4137694156243802;1,2184264307845016e-39;0,17102258385895652
UDR;0,0051615277388115735;0,0012825598833933406;0,008565245290491429;-0,0008096503081718743;1,4531133771586088e-22;0,0557591727304945;0,37089176814283864;5,090679446381087e-102;0,37320614150054565
LW;0,0024669791639499493;0,0007747422845155752;0,0027162167396231314;9,522320184210807e-05;7,466295124881852e-10;0,13219546553403771;0,890954514994419;1,187212610520104e-21;0,11037247510903914
QRVO;-0,0005413387544980051;0,0023176366216120067;0,003739063398932966;-0,0005369052595439237;0,2893969912958613;0,0004662774564293245;0,547315420163679;1,646789610673429e-24;0,1063363608726916
NI;0,0028462752896331583;-0,0035106208218176047;0,0064649593409171965;-0,00023857590811572757;4,964879012722606e-10;2,914834174029552e-09;0,7635146278171813;1,8538999293032216e-79;0,2795385072751402
CPT;0,0054524227530629585;0,0013796657698434208;0,00790055936996244;-0,0007354943683462054;1,2624445666832901e-23;0,04566304213327085;0,42980533714992253;5,84813188968581e-85;0,33473121554716934
TECH;-0,0053755177341746905;0,0038471527820804;0,008782153294920672;0,0004923200367152496;5,0070447971209784e-17;2,7830896122426043e-06;0,6555616985962625;3,130343839679e-76;0,30754616459744044
APA;0,011967999249193097;0,005462556190326048;0,011774280380643976;-0,0021775824041769362;1,8322076881935048e-39;1,7390358410184904e-06;0,15633343775464512;1,5328624212274734e-71;0,3462877633889122
AOS;0,004391357095872385;0,003814799759109147;0,008699107429227403;0,0005784251739024888;2,3573441541925874e-13;7,409777888845416e-07;0,5764606500828711;1,3591471121020842e-83;0,3277923613859325
BBWI;0,0059661882563839;0,0030105440378280007;0,013432618606337415;-0,0017349472769724646;4,7819249318583926e-14;0,002983756008655414;0,20440020049182836;1,835294202773526e-108;0,37820716221111195
MOS;0,00789514302431038;0,0038952993100216963;0,012012387367025446;-0,00206535213542627;1,9837345225536482e-19;0,0004887462254262759;0,1700747783246594;1,1987661754383479e-76;0,3125005813460089
UHS;0,00511029282285365;0,00017269541556551277;0,008050527387268152;0,00042988099652215006;1,3018151404831885e-16;0,8265196671776273;0,6862009008705331;6,358923182815826e-70;0,2740551310225098
CTLT;-0,0027412243608670116;0,000982170254166598;0,004484156469760743;-8,805593858418002e-06;6,17466931953641e-06;0,2087365218550333;0,9933386748169577;3,80765751166879e-25;0,10380340944858868
INCY;-0,0042993669765859135;0,011454389745703106;0,012218161314789828;-0,0021083835310419354;0,0001989009447011569;3,029503751963011e-14;0,2949168887325772;1,4736537494449943e-47;0,23423645892947076
TFX;0,0007146188383110453;0,00045627023457852554;0,009257094116925324;-6,0738942435771296e-05;0,14733219916321355;0,474244325026721;0,9437530937828265;2,7681576860537584e-125;0,38436629491698504
WYNN;0,0075440814505173814;0,005966729737170371;0,012817705098601416;-0,001008345557608181;2,9649772822269123e-18;7,496278747063484e-08;0,4983959998366666;4,501020116144222e-87;0,34845834987344704
HRL;-1,3644967449172684e-05;-0,0020843210545469187;0,003137760008464229;0,0006635410306811707;0,9757141530680364;0,0003352334731377068;0,39666855541042867;1,2447006853929903e-22;0,075453941074072
TPR;0,006578692795723793;0,006060208807708345;0,012792884458746916;-0,0002888738241329005;1,0335221452544828e-18;2,320471807151212e-10;0,8215463624296503;2,4433552239037053e-111;0,4120220299709395
PAYC;-0,0029824808423345975;0,0015019209156898446;0,005208939048695356;0,0010398499489855922;2,001617050041205e-06;0,0631804317201815;0,34054198080896625;5,686850682960815e-31;0,1286986867072848
NWSA;0,0015817297608714826;0,0019235517910917036;0,0035465665034988087;-0,0005688802608538284;7,541168095135052e-05;0,00019637196111140594;0,4135286493440158;7,854441172582671e-35;0,1545594379798041
REG;0,008395690786200406;0,0035119019658935552;0,008860517856875942;-0,0012292482993925837;7,049003208953997e-51;4,35395649875147e-07;0,18817090178773685;2,112011205500331e-102;0,43394377956099395
DAY;-0,0014767068551988444;0,0016407070964259798;0,00397709990782499;-0,00019395398361124353;0,0012382755132189973;0,005497856632935088;0,807676353027298;1,5593345020125483e-33;0,13728872533254854
AIZ;0,0070520434930967215;-0,00033204986677149085;0,0071405118020204505;-0,000105982923261636;1,1113790087493999e-42;0,6046285183463822;0,9025903844711042;5,327046859931912e-81;0,3560915610406955
HSIC;0,002624670335553582;-0,0003792853776520476;0,007765121828234494;0,0011634098990879695;1,2462124531663803e-06;0,5862807515056159;0,21646690558436155;4,222938559936397e-81;0,278370766907
MTCH;-0,004072575306526406;0,003209146708038943;0,010528437655699947;-0,0003498501138906945;1,296470025294468e-07;0,0012469976728678798;0,7939834332042677;1,2474859908096436e-74;0,2743168047505816
GL;0,009048657066414924;-0,0020224773448709378;0,010182430898397961;-0,00028571820356206143;2,1991533961877356e-103;4,258387488871052e-05;0,6674629354119228;7,481706490125585e-212;0,6391413579088712
CZR;0,0037467350010145055;0,0045245421222021905;0,008325105244766463;-7,3000384013045645e-06;8,00095310550477e-06;3,0270739275889064e-05;0,9960093211939649;1,4436060352536688e-42;0,18648056946786118
AAL;0,012620323222565982;0,006969454656051875;0,012838667877054158;-0,003173527792850969;6,0463712751080335e-28;1,8245820352580704e-06;0,10616538664507068;3,1084215701287957e-54;0,2784408277381588
BXP;0,008212833797198565;0,0031432635255506;0,008499331377101887;-0,0014270799369458663;4,199476259966402e-56;1,015641271878964e-06;0,09881167540573042;1,3724561836095432e-108;0,4528580843339699
CPB;-0,00014257205767679077;-0,003997937144502333;0,0035534488392055617;-0,0006018277514812736;0,7662951667384079;1,6351686592394098e-10;0,472521574315831;4,798194987480697e-25;0,09338716957799864
MKTX;-0,0004924896847603931;0,0037097150636472517;0,005250303064212979;0,0008464700473452909;0,5095885514820987;0,00012806865326369144;0,5162978390740788;8,268729623244628e-23;0,1025751017332478
CHRW;0,001351080460569733;0,002991127387884905;0,007064516903312534;0,00013420164098456856;0,0204511612433665;7,501625297028673e-05;0,894997712347384;2,6421171093502376e-60;0,23225238640173274
PNW;0,0027935474218472394;-0,0027608554358320146;0,006337495222692068;-0,0006590587744491889;7,11900095457795e-10;2,3042467324826534e-06;0,40153886296071617;4,770374824707887e-78;0,27368033494847754
GNRC;-0,001714410768606016;0,0035091133952943683;0,006101913059517241;0,0005446010954425807;0,010047614628072916;4,782510160989387e-05;0,6391805571751563;9,496685108227005e-37;0,15718176950895635
BWA;0,006097732749656041;0,002751088624715905;0,011835747256917084;-0,0008038649952617716;1,5878926026024336e-24;0,0002814108144130273;0,4307671826481454;4,283492493426788e-141;0,4667700398395008
NCLH;0,005213001903555242;0,005918153506003785;0,006513743011604637;-0,0020234509207152467;5,239781190404234e-11;7,776840485400682e-09;0,14130645433756342;1,570281212451239e-30;0,1733505495467711
RHI;0,0041397061056709554;0,004722464881654511;0,011188391958511497;-0,0008000007573936163;5,605306843447717e-11;6,9583062082769365e-09;0,46451354668820644;1,0277791688963282e-115;0,40666864487047705
ETSY;-0,00516102780415483;0,002530112113248282;0,006205844054839062;-0,0002824976453395442;3,459986192891943e-10;0,016607028746579582;0,8428209915113094;2,903086536263288e-26;0,12713357745870424
FOXA;0,0027059686139765484;0,000859820555591062;0,0018270946454199111;-0,0009308905751233142;6,640094325283696e-19;0,026792057695581593;0,07570118363317274;1,1462339922307336e-17;0,12754105356671241
BEN;0,005522807106151829;0,0015881480831658162;0,012896987488711929;-0,0017347930956412602;1,8308035499946393e-31;0,007745698009984668;0,031141992635189776;1,0787971203881431e-225;0,6103359611084724
IVZ;0,0069353884885722085;0,003777507470326716;0,016889843262901095;-0,0033910620477596264;2,7864271590223755e-31;5,456102612836677e-07;0,0008387757420441626;1,0421559530363206e-237;0,633252592364697
FMC;0,004110588700021113;0,0009551901557926452;0,011305458346380385;-0,000955276064540575;4,870435070266085e-11;0,23354972034627008;0,377557733510414;1,277347732523945e-119;0,39082487784134323
HAS;0,0027044788389203253;0,002275836480689735;0,008319169273324607;-0,0008026001019877162;1,3539390487848508e-05;0,004548690119197062;0,4579989321823611;5,911481796708927e-72;0,26610064589353
DVA;0,0022952517185107026;-6,781861141196554e-05;0,006941755712014144;0,0017835646377632568;0,0010289644495219607;0,9400911194416066;0,14343439332738364;1,784020576911247e-42;0,15590053532010317
CMA;0,01465160547958356;0,0006253296314833904;0,012532034471490242;-0,002697356555861801;2,1722564100028017e-124;0,37921739533609655;0,005031321755462021;1,316969169359083e-168;0,6121797315895088
BIO;-0,0016449732874384364;0,002720853664022109;0,007009138941132374;0,0014114954149492698;0,007110467080296267;0,0005832450174368047;0,18550946878603844;8,894217741360955e-55;0,2097852206864439
RL;0,005808644770466676;0,004738472651670152;0,010619751603199034;-0,00038535962958727115;9,369880576164418e-19;1,804025261622033e-08;0,7329417557962711;6,931718020544877e-101;0,3839006791905716
MHK;0,007887089324242133;0,0038450755051277997;0,013052123940605634;-0,0014198123308313431;1,389573263949481e-28;1,9555852425690152e-05;0,24136631501951672;1,1748235446304778e-125;0,4444814887934493
