Date;Mkt-RF;SMB;HML;RF
2000-01-07;-2,49;-0,26;0,89;0,103
2000-01-14;2,07;1,96;-1,5;0,103
2000-01-21;0,02;6,94;-2,81;0,103
2000-01-28;-5,71;0,17;1,75;0,103
2000-02-04;4,46;1,26;-2,94;0,108
2000-02-11;-1,45;6,24;-2,83;0,108
2000-02-18;-1,89;5,32;-1,15;0,108
2000-02-25;0,29;2,65;-1,77;0,108
2000-03-03;6,46;2,55;-1,38;0,117
2000-03-10;-0,33;2,05;-0,04;0,117
2000-03-17;1,76;-10,04;3,03;0,117
2000-03-24;3,12;-4,09;0,87;0,117
2000-03-31;-3,29;-5,39;4,76;0,117
2000-04-07;0;-1,24;0,67;0,115
2000-04-14;-13,74;-8,53;8,08;0,115
2000-04-20;6,13;2,54;-3,38;0,115
2000-04-28;2,29;1,91;1,11;0,115
2000-05-05;-1,35;1,52;0,52;0,126
2000-05-12;-2,05;-4,15;3,59;0,126
2000-05-19;-1,5;-1,56;1,11;0,126
2000-05-26;-3,05;-3,22;1,4;0,126
2000-06-02;9,26;3,44;-5,43;0,099
2000-06-09;-0,65;4,66;-1,21;0,099
2000-06-16;-0,17;-0,27;0,06;0,099
2000-06-23;-1,15;1,82;-0,81;0,099
2000-06-30;1,2;3,91;-2,18;0,099
2000-07-07;1,59;-1,62;1,73;0,12
2000-07-14;2,77;0,15;-1;0,12
2000-07-21;-2,41;0,12;1,45;0,12
2000-07-28;-5,4;-2,44;6,38;0,12
2000-08-04;3,23;-2,81;1,84;0,126
2000-08-11;0,46;-0,05;1,41;0,126
2000-08-18;1,42;0,41;-1,27;0,126
2000-08-25;1,24;1,69;-2,81;0,126
2000-09-01;1,91;1,07;-1,31;0,127
2000-09-08;-2,25;-0,73;3,56;0,127
2000-09-15;-1,88;0,07;2,33;0,127
2000-09-22;-1,11;-0,48;-0,56;0,127
2000-09-29;-0,71;-0,94;2,42;0,127
2000-10-06;-3,73;-1,59;3,39;0,14
2000-10-13;-2,67;-0,36;1,3;0,14
2000-10-20;1,94;-0,43;-2,43;0,14
2000-10-27;-1,73;-0,55;3,17;0,14
2000-11-03;4,07;1,05;-1,22;0,127
2000-11-10;-5,48;-1,23;5,54;0,127
2000-11-17;-0,39;0,05;2;0,127
2000-11-24;-2,63;-0,49;2,15;0,127
2000-12-01;-2,72;-2,39;4,03;0,126
2000-12-08;5,3;-0,88;-1,5;0,126
2000-12-15;-4,76;0,12;2,92;0,126
2000-12-22;-1,14;-1,83;5,19;0,126
2000-12-29;1,53;1,94;1,16;0,126
2001-01-05;-2,67;1,7;-0,23;0,134
2001-01-12;2,59;3,63;-3,76;0,134
2001-01-19;1,63;1,01;-2,75;0,134
2001-01-26;0,97;-1,02;2,17;0,134
2001-02-02;-0,71;0,53;2,46;0,094
2001-02-09;-2,73;0,67;3,95;0,094
2001-02-16;-0,86;0,52;1,6;0,094
2001-02-23;-4,57;-0,32;2,27;0,094
2001-03-02;-1,28;-0,89;3,34;0,104
2001-03-09;-0,51;-0,64;2,19;0,104
2001-03-16;-6,91;0,01;2,82;0,104
2001-03-23;-0,87;0,89;-1,49;0,104
2001-03-30;1,51;-0,24;2,19;0,104
2001-04-06;-3,24;-1,17;1,36;0,098
2001-04-12;5,26;0,07;-3,67;0,098
2001-04-20;5,2;-1,17;-3,48;0,098
2001-04-27;0,68;2,2;1,54;0,098
2001-05-04;1,58;1,42;-1,29;0,081
2001-05-11;-1,75;0,89;2,35;0,081
2001-05-18;3,72;0,09;-0,83;0,081
2001-05-25;-0,67;1,58;-0,34;0,081
2001-06-01;-1,55;-0,03;2,28;0,07
2001-06-08;0,51;1,4;-1,79;0,07
2001-06-15;-4,37;0,47;2,85;0,07
2001-06-22;0,6;-1,74;0,51;0,07
2001-06-29;0,86;5,45;-2,43;0,07
2001-07-06;-3,18;-2,67;2,62;0,075
2001-07-13;1,86;-1,14;1,85;0,075
2001-07-20;-0,65;1;0,05;0,075
2001-07-27;-0,49;-0,99;0,49;0,075
2001-08-03;0,69;-0,25;0,63;0,077
2001-08-10;-2,3;-0,48;1,16;0,077
2001-08-17;-2,25;1,79;0,91;0,077
2001-08-24;1,7;-0,28;-1,31;0,077
2001-08-31;-4;1,27;1,32;0,077
2001-09-07;-4,35;-0,38;0,98;0,069
2001-09-10;0,32;-1,06;-0,54;0,069
2001-09-21;-11,95;-2,87;-0,32;0,069
2001-09-28;7,43;-2,38;1,74;0,069
2001-10-05;2,92;0,83;-3,45;0,056
2001-10-12;2,18;0,93;-0,59;0,056
2001-10-19;-1,54;2,25;-1,71;0,056
2001-10-26;2,92;1,18;-2,96;0,056
2001-11-02;-1,68;0,76;1,01;0,044
2001-11-09;2,79;-1,37;-0,21;0,044
2001-11-16;1,88;0,09;2,23;0,044
2001-11-23;1,02;0,75;-0,5;0,044
2001-11-30;-0,64;1,46;0,79;0,044
2001-12-07;2,02;1,68;0,19;0,037
2001-12-14;-2,87;2,07;0,03;0,037
2001-12-21;1,96;0,11;0,27;0,037
2001-12-28;1,62;0,51;-0,48;0,037
2002-01-04;1,05;0,5;0,99;0,035
2002-01-11;-2,14;0,74;1,44;0,035
2002-01-18;-1,83;-1,07;0,94;0,035
2002-01-25;0,58;0,05;0,47;0,035
2002-02-01;-0,85;1,52;0,11;0,032
2002-02-08;-2,34;-0,8;0,78;0,032
2002-02-15;0,66;0,79;-1,05;0,032
2002-02-22;-1,41;-0,06;1,37;0,032
2002-03-01;3,79;-1,94;1,22;0,033
2002-03-08;3,15;1,09;0,19;0,033
2002-03-15;0,09;0,42;-0,01;0,033
2002-03-22;-1,19;2,08;0,54;0,033
2002-03-28;-0,04;0,92;0,59;0,033
2002-04-05;-2,15;0,22;1,8;0,038
2002-04-12;-0,51;3,59;1,42;0,038
2002-04-19;1,26;-0,43;0,6;0,038
2002-04-26;-4,13;1,25;0,56;0,038
2002-05-03;-0,13;1,65;1,21;0,036
2002-05-10;-1,79;-2,06;0,98;0,036
2002-05-17;4,65;-0,62;-2,58;0,036
2002-05-24;-2,2;-1,41;1,57;0,036
2002-05-31;-1,47;0,65;-0,2;0,036
2002-06-07;-3,51;-0,36;1,16;0,032
2002-06-14;-2,11;0,8;-1,54;0,032
2002-06-21;-1,77;1,94;1,31;0,032
2002-06-28;0,01;1,89;-0,66;0,032
2002-07-05;-0,75;-3,27;-0,66;0,039
2002-07-12;-6,47;0,82;0,5;0,039
2002-07-19;-7,25;1,31;-0,64;0,039
2002-07-26;0,11;-0,46;-3,35;0,039
2002-08-02;1,22;-3,19;0,26;0,035
2002-08-09;4,8;-2,15;-0,63;0,035
2002-08-16;2,33;-1,07;0,45;0,035
2002-08-23;1,22;-0,31;1,19;0,035
2002-08-30;-2,58;-0,59;1,84;0,035
2002-09-06;-2,04;1,52;1,17;0,036
2002-09-13;-0,47;0,26;0;0,036
2002-09-20;-5,05;-0,55;0,76;0,036
2002-09-27;-1,92;-0,05;0,11;0,036
2002-10-04;-3,48;0,91;-0,77;0,034
2002-10-11;3,8;-4,11;-2,92;0,034
2002-10-18;5,8;-0,38;-1,22;0,034
2002-10-25;1,51;0,05;1,27;0,034
2002-11-01;0,63;2,5;-0,96;0,029
2002-11-08;-0,79;0,26;-0,23;0,029
2002-11-15;1,77;-0,09;-0,8;0,029
2002-11-22;2,36;1,11;-0,68;0,029
2002-11-29;0,72;0,95;0,95;0,029
2002-12-06;-2,51;0,53;0,32;0,028
2002-12-13;-2,39;0;1,07;0,028
2002-12-20;0,59;-1,04;0,14;0,028
2002-12-27;-2;1,43;-0,05;0,028
2003-01-03;3,5;-2,22;0,56;0,024
2003-01-10;2,06;-0,32;-0,16;0,024
2003-01-17;-2,63;0,61;1,39;0,024
2003-01-24;-4,23;1,57;-0,95;0,024
2003-01-31;-0,66;0,66;-0,93;0,024
2003-02-07;-3,12;0,23;-0,52;0,022
2003-02-14;0,35;-0,28;-0,92;0,022
2003-02-21;1,73;-0,03;-0,15;0,022
2003-02-28;-0,78;-0,37;0,21;0,022
2003-03-07;-1,42;-0,44;0,15;0,025
2003-03-14;0,58;0,12;-1,54;0,025
2003-03-21;7,21;-1,49;-0,83;0,025
2003-03-28;-3,29;1,93;-0,07;0,025
2003-04-04;1,68;-0,16;0,31;0,024
2003-04-11;-1,14;0,35;1,22;0,024
2003-04-17;2,92;0,29;-0,39;0,024
2003-04-25;0,7;0,42;0,36;0,024
2003-05-02;3,7;1,51;-0,79;0,022
2003-05-09;0,53;1,21;0,28;0,022
2003-05-16;1,22;-1,32;1,39;0,022
2003-05-23;-0,81;0,83;0,75;0,022
2003-05-30;3,48;2,65;-1,37;0,022
2003-06-06;2,57;0,72;-0,91;0,025
2003-06-13;0,07;-0,44;0,79;0,025
2003-06-20;0,65;0,11;-0,29;0,025
2003-06-27;-1,65;1,43;0,14;0,025
2003-07-03;1,11;0,99;0,17;0,017
2003-07-11;1,65;2,2;0,4;0,017
2003-07-18;-0,7;-0,88;-0,57;0,017
2003-07-25;0,56;0,62;-0,85;0,017
2003-08-01;-1,52;1,6;-0,27;0,017
2003-08-08;-0,7;-2,11;-0,3;0,017
2003-08-15;1,74;2,17;0,38;0,017
2003-08-22;0,71;2,17;1,12;0,017
2003-08-29;1,66;0,81;0,4;0,017
2003-09-05;1,42;1,18;0,26;0,021
2003-09-12;-0,26;1,13;-0,76;0,021
2003-09-19;1,8;0,39;0,48;0,021
2003-09-26;-4,13;-2,27;0,01;0,021
2003-10-03;3,55;1,62;0,47;0,018
2003-10-10;0,99;0,27;1,57;0,018
2003-10-17;0,12;0,6;0,16;0,018
2003-10-24;-1,09;-1,2;-0,81;0,018
2003-10-31;2,45;1,74;0,64;0,018
2003-11-07;0,68;1,99;1,22;0,018
2003-11-14;-0,44;-1,03;-0,88;0,018
2003-11-21;-1,4;-0,17;0,46;0,018
2003-11-28;2,54;1,11;0,8;0,018
2003-12-05;-0,03;-1,04;-0,11;0,02
2003-12-12;1,04;-0,01;0,51;0,02
2003-12-19;1,12;-1,48;0,57;0,02
2003-12-26;0,73;0,73;0,37;0,02
2004-01-02;1,17;-0,02;0,67;0,017
2004-01-09;1,46;1,34;1,17;0,017
2004-01-16;1,73;1,1;0,99;0,017
2004-01-23;0,32;0,39;0,77;0,017
2004-01-30;-1,19;-1,27;-0,95;0,017
2004-02-06;0,91;-0,6;-0,21;0,016
2004-02-13;0,47;-0,3;0,34;0,016
2004-02-20;-0,27;-0,79;0,27;0,016
2004-02-27;0,29;0,26;0,57;0,016
2004-03-05;1,25;0,83;0,4;0,022
2004-03-12;-3,07;0,28;-0,42;0,022
2004-03-19;-1,12;-1,21;0,37;0,022
2004-03-26;-0,13;0,65;-0,19;0,022
2004-04-02;3,4;2,28;0,28;0,02
2004-04-08;-0,15;-0,02;-0,15;0,02
2004-04-16;-0,8;-0,83;-1,38;0,02
2004-04-23;0,75;0,68;-0,39;0,02
2004-04-30;-3,15;-2,37;-1,2;0,02
2004-05-07;-0,98;-0,69;-1,09;0,015
2004-05-14;-0,49;-0,8;-0,44;0,015
2004-05-21;-0,11;0,21;0,62;0,015
2004-05-28;2,79;1,13;0,72;0,015
2004-06-04;0,11;-0,12;-0,13;0,021
2004-06-10;0,94;-0,76;0,62;0,021
2004-06-18;-0,15;0,44;-0,16;0,021
2004-06-25;0,39;2,12;0,67;0,021
2004-07-02;-0,82;0,1;1,22;0,024
2004-07-09;-1,43;-2,04;1,18;0,024
2004-07-16;-1,09;-1,01;1,71;0,024
2004-07-23;-1,66;-1,39;0,55;0,024
2004-07-30;1,43;0,87;-1,03;0,024
2004-08-06;-3,77;-2,41;2,25;0,028
2004-08-13;0,03;-0,5;0,07;0,028
2004-08-20;3,5;2,01;-1,42;0,028
2004-08-27;0,83;-0,05;-0,48;0,028
2004-09-03;0,55;0,15;0,28;0,029
2004-09-10;1,11;1,39;-0,89;0,029
2004-09-17;0,53;0,05;0,08;0,029
2004-09-24;-1,45;0,22;0,87;0,029
2004-10-01;1,96;1,37;-0,05;0,028
2004-10-08;-0,9;-0,81;0,85;0,028
2004-10-15;-1,22;0,19;-0,77;0,028
2004-10-22;-0,93;0,79;-0,54;0,028
2004-10-29;3,06;-0,58;0,35;0,028
2004-11-05;3,2;0,28;-0,26;0,039
2004-11-12;1,66;1,02;-0,06;0,039
2004-11-19;-1,03;0,09;0,68;0,039
2004-11-26;1,25;1,16;1,13;0,039
2004-12-03;0,86;1,05;-1,33;0,041
2004-12-10;-0,42;-1,29;0,29;0,041
2004-12-17;0,8;0,85;0,86;0,041
2004-12-23;1,26;-0,07;-0,1;0,041
2004-12-31;0,29;0,45;0,06;0,041
2005-01-07;-2,64;-3,19;0,42;0,041
2005-01-14;0;0,43;0,85;0,041
2005-01-21;-1,33;0,24;0,38;0,041
2005-01-28;0,25;0,16;0,31;0,041
2005-02-04;2,9;0,91;0,44;0,041
2005-02-11;0,08;-0,74;0,36;0,041
2005-02-18;-0,33;-0,39;0,65;0,041
2005-02-25;0,84;0,18;0,1;0,041
2005-03-04;0,84;0,14;1,02;0,053
2005-03-11;-1,77;-0,95;0,37;0,053
2005-03-18;-0,86;-0,14;1,25;0,053
2005-03-24;-1,41;0,62;-0,96;0,053
2005-04-01;-0,02;-0,97;1,01;0,051
2005-04-08;0,59;-0,67;-0,24;0,051
2005-04-15;-3,41;-1,37;-0,54;0,051
2005-04-22;0,7;0,38;0,27;0,051
2005-04-29;0,16;-2,37;0,22;0,051
2005-05-06;1,53;1,38;-0,11;0,06
2005-05-13;-1,55;-0,46;-1,28;0,06
2005-05-20;3,2;1,12;-0,11;0,06
2005-05-27;0,95;0,38;0,56;0,06
2005-06-03;-0,04;0,54;0,64;0,057
2005-06-10;0,2;0,52;0,96;0,057
2005-06-17;1,64;0,88;0,62;0,057
2005-06-24;-1,99;-0,48;0,56;0,057
2005-07-01;0,58;1,53;0,52;0,059
2005-07-08;1,63;1,32;-0,91;0,059
2005-07-15;1,18;-0,61;-0,67;0,059
2005-07-22;0,56;1,78;0,24;0,059
2005-07-29;0,16;0,17;0,18;0,059
2005-08-05;-0,82;-1,52;0,27;0,075
2005-08-12;0,23;-0,66;0,34;0,075
2005-08-19;-0,96;-0,33;0,23;0,075
2005-08-26;-1,13;0,52;0,42;0,075
2005-09-02;1,2;0,69;0,27;0,071
2005-09-09;1,84;0,15;-0,56;0,071
2005-09-16;-0,5;-0,43;0,55;0,071
2005-09-23;-1,9;-0,35;0,52;0,071
2005-09-30;1,29;0,43;-0,07;0,071
2005-10-07;-2,72;-0,32;0,06;0,068
2005-10-14;-1,02;-0,65;-0,58;0,068
2005-10-21;-0,43;0,51;-0,35;0,068
2005-10-28;1,21;-1,53;1,24;0,068
2005-11-04;2,28;1,41;-0,12;0,078
2005-11-11;1,11;0,07;-0,73;0,078
2005-11-18;1;-0,4;-0,41;0,078
2005-11-25;1,56;0,03;-0,22;0,078
2005-12-02;-0,12;1,21;0,28;0,079
2005-12-09;-0,44;0,27;0,2;0,079
2005-12-16;0,36;-1,22;-0,66;0,079
2005-12-23;0,1;0,26;-0,09;0,079
2005-12-30;-1,59;-0,28;0,74;0,079
2006-01-06;2,92;0,56;-0,14;0,087
2006-01-13;0,29;1,11;-0,13;0,087
2006-01-20;-1,94;1,34;0,86;0,087
2006-01-27;1,87;1,81;0,26;0,087
2006-02-03;-1,35;0,48;0,19;0,084
2006-02-10;-0,1;-0,99;-0,11;0,084
2006-02-17;1,54;0,15;0,08;0,084
2006-02-24;0,23;0,39;-0,05;0,084
2006-03-03;-0,13;0,53;-0,26;0,092
2006-03-10;-0,84;-0,92;0,35;0,092
2006-03-17;2,02;0,32;0,25;0,092
2006-03-24;-0,12;1,34;-0,09;0,092
2006-03-31;-0,23;2,04;0,02;0,092
2006-04-07;-0,13;-1,13;0,93;0,089
2006-04-13;-0,56;-0,11;-0,1;0,089
2006-04-21;1,67;0,78;0,56;0,089
2006-04-28;-0,24;-0,94;0,9;0,089
2006-05-05;1,21;0,95;0,57;0,108
2006-05-12;-2,86;-2,36;0,95;0,108
2006-05-19;-2,06;-0,83;0,49;0,108
2006-05-26;0,85;-0,23;-0,1;0,108
2006-06-02;0,7;0,3;0,6;0,099
2006-06-09;-3,2;-1,74;0,22;0,099
2006-06-16;-0,32;-1,13;-0,22;0,099
2006-06-23;-0,47;-0,04;0,3;0,099
2006-06-30;2,23;1,97;0,44;0,099
2006-07-07;-0,76;-1,54;0,84;0,099
2006-07-14;-2,82;-1,55;1,07;0,099
2006-07-21;-0,1;-1,87;0,98;0,099
2006-07-28;3,07;0,78;-0,14;0,099
2006-08-04;0,07;0,05;-0,42;0,105
2006-08-11;-1,3;-1,66;-0,09;0,105
2006-08-18;2,97;1,88;-1,58;0,105
2006-08-25;-0,88;-0,95;0,19;0,105
2006-09-01;1,55;1,83;-0,43;0,102
2006-09-08;-1,11;-0,79;0,5;0,102
2006-09-15;1,65;1,18;-0,52;0,102
2006-09-22;-0,66;-0,86;0,33;0,102
2006-09-29;1,47;-0,57;-0,15;0,102
2006-10-06;1,09;0,67;-0,26;0,101
2006-10-13;1,4;1,55;-0,08;0,101
2006-10-20;0,05;-0,13;-0,17;0,101
2006-10-27;0,62;-0,42;0,24;0,101
2006-11-03;-1,05;-0,72;0,31;0,106
2006-11-10;1,36;0,82;0,36;0,106
2006-11-17;1,53;0,98;-0,66;0,106
2006-11-24;0,01;0,39;-0,23;0,106
2006-12-01;-0,5;-1,09;0,46;0,101
2006-12-08;1,02;0,37;0,19;0,101
2006-12-15;0,95;-1,35;1,52;0,101
2006-12-22;-1,27;-0,22;0,73;0,101
2006-12-29;0,47;0,44;0,11;0,101
2007-01-05;-0,66;-0,72;-0,59;0,111
2007-01-12;1,73;0,98;-1,11;0,111
2007-01-19;-0,31;-1,15;0,47;0,111
2007-01-26;-0,57;0,83;0,13;0,111
2007-02-02;1,94;0,62;0,42;0,096
2007-02-09;-0,65;0,25;0,34;0,096
2007-02-16;1,22;-0,04;-0,13;0,096
2007-02-23;-0,05;1,47;-0,8;0,096
2007-03-02;-4,62;-1,52;0,8;0,106
2007-03-09;1;0,09;-0,17;0,106
2007-03-16;-1,18;0,57;-0,55;0,106
2007-03-23;3,48;0,13;-0,47;0,106
2007-03-30;-1,08;0,1;-0,2;0,106
2007-04-05;1,55;-0,01;-0,72;0,109
2007-04-13;0,58;0,18;-0,01;0,109
2007-04-20;1,82;-1,06;0,43;0,109
2007-04-27;0,41;-0,36;-1,09;0,109
2007-05-04;0,69;-0,5;0,14;0,101
2007-05-11;-0,09;-0,65;0,41;0,101
2007-05-18;0,82;-1,49;-0,33;0,101
2007-05-25;-0,33;1,21;-0,45;0,101
2007-06-01;1,56;1,07;-0,33;0,099
2007-06-08;-1,99;-0,01;-0,13;0,099
2007-06-15;1,58;-0,09;-0,22;0,099
2007-06-22;-1,98;0,46;-0,11;0,099
2007-06-29;0,01;0,1;-0,69;0,099
2007-07-06;1,88;0,01;-0,66;0,099
2007-07-13;1,25;-0,88;-0,77;0,099
2007-07-20;-1,34;-0,43;-1,43;0,099
2007-07-27;-5,18;-1,46;-0,83;0,099
2007-08-03;-1,9;-0,9;-1,54;0,104
2007-08-10;1,4;2,07;-0,86;0,104
2007-08-17;-0,74;-0,42;1,83;0,104
2007-08-24;2,33;-0,71;-0,41;0,104
2007-08-31;-0,44;-0,02;-1,04;0,104
2007-09-07;-1,34;-0,53;-0,32;0,081
2007-09-14;1,84;-1,19;-0,56;0,081
2007-09-21;2,65;0,41;0,01;0,081
2007-09-28;0,07;-0,87;-1,27;0,081
2007-10-05;2,28;1,9;0,16;0,08
2007-10-12;0,29;-0,92;-0,83;0,08
2007-10-19;-3,86;-1,03;-1,06;0,08
2007-10-26;2,17;0,48;-0,62;0,08
2007-11-02;-1,64;-0,96;-1,85;0,085
2007-11-09;-3,68;0,28;1,31;0,085
2007-11-16;0,19;-0,84;-0,53;0,085
2007-11-23;-1,49;-0,28;-0,19;0,085
2007-11-30;2,8;-1,52;-0,31;0,085
2007-12-07;1,73;0,17;0,19;0,068
2007-12-14;-2,63;-1,19;-0,74;0,068
2007-12-21;1,23;2,52;-0,46;0,068
2007-12-28;-0,49;-1,27;0,04;0,068
2008-01-04;-4,76;-1,51;-0,05;0,054
2008-01-11;-1,12;-1,5;-0,63;0,054
2008-01-18;-5,18;1,32;-0,02;0,054
2008-01-25;0,64;0,78;2,87;0,054
2008-02-01;5,05;0,66;2,69;0,033
2008-02-08;-4,3;0,42;0,14;0,033
2008-02-15;1,26;-1,33;-0,01;0,033
2008-02-22;0,08;-0,84;0,09;0,033
2008-02-29;-1,53;0,57;-1,14;0,033
2008-03-07;-2,96;-0,71;-0,23;0,043
2008-03-14;-0,45;0,84;-0,35;0,043
2008-03-20;2,7;-0,99;1,52;0,043
2008-03-28;-0,71;1,5;-1,05;0,043
2008-04-04;4,18;-0,07;-0,35;0,044
2008-04-11;-2,65;-0,92;0,11;0,044
2008-04-18;3,96;0,17;-0,01;0,044
2008-04-25;0,45;-0,76;-0,77;0,044
2008-05-02;1,16;-0,73;0,96;0,045
2008-05-09;-1,51;0,96;-0,49;0,045
2008-05-16;2,71;0,42;-0,75;0,045
2008-05-23;-3,22;1,18;-0,12;0,045
2008-05-30;2,1;1,01;-0,43;0,045
2008-06-06;-2,41;1,6;-0,68;0,043
2008-06-13;-0,17;-0,4;-1,03;0,043
2008-06-20;-2,8;1,97;-0,65;0,043
2008-06-27;-3,26;-0,66;-0,74;0,043
2008-07-03;-1,94;-3,07;-0,87;0,038
2008-07-11;-1,31;2,65;-2,6;0,038
2008-07-18;1,65;0,14;5,95;0,038
2008-07-25;-0,03;2,95;0,02;0,038
2008-08-01;0,39;-0,57;2,98;0,032
2008-08-08;2,55;1,09;0,32;0,032
2008-08-15;0,63;2,95;-0,6;0,032
2008-08-22;-0,68;-1,48;-1,54;0,032
2008-08-29;-0,49;0,15;2,34;0,032
2008-09-05;-3,16;0,12;4,35;0,038
2008-09-12;0,48;-0,6;0,43;0,038
2008-09-19;0,87;1,37;5,58;0,038
2008-09-26;-4,02;-2,37;-2,32;0,038
2008-10-03;-9,6;-1,78;0,74;0,02
2008-10-10;-18;3,62;-4,47;0,02
2008-10-17;4,61;-3,68;1,41;0,02
2008-10-24;-7,24;-3,24;-1,44;0,02
2008-10-31;10,78;2,61;0,94;0,02
2008-11-07;-4,01;-1,6;-1,96;0,007
2008-11-14;-6,45;-2,58;-3,01;0,007
2008-11-21;-8,76;1,3;-8,94;0,007
2008-11-28;12,61;-0,64;10,08;0,007
2008-12-05;-2,14;-0,36;2,56;0
2008-12-12;0,66;1,23;-3,48;0
2008-12-19;1,34;2,01;0,18;0
2008-12-26;-1,63;0,16;-0,82;0
2009-01-02;6,84;-0,73;1,43;0
2009-01-09;-4,11;1,33;-2,32;0
2009-01-16;-4,25;2,78;-5,93;0
2009-01-23;-2,53;-2,31;-2,45;0
2009-01-30;-0,58;-0,22;-1,13;0
2009-02-06;5,4;0,99;-0,98;0,003
2009-02-13;-4,42;0,87;-3,55;0,003
2009-02-20;-6,87;0,16;-5,7;0,003
2009-02-27;-4,2;-1,92;2,98;0,003
2009-03-06;-7,03;-0,54;-6,92;0,004
2009-03-13;10,69;-1,38;8,9;0,004
2009-03-20;1,76;0,42;2,07;0,004
2009-03-27;6,42;-0,51;3,95;0,004
2009-04-03;3,49;2,69;0,67;0,003
2009-04-09;1,75;-0,1;3,47;0,003
2009-04-17;1,56;0,97;1,95;0,003
2009-04-24;-0,44;1,59;-2,38;0,003
2009-05-01;1,65;0,49;-1,33;0,001
2009-05-08;5,65;-3,28;7,88;0,001
2009-05-15;-5,09;0,08;-5,36;0,001
2009-05-22;0,72;0,05;-0,76;0,001
2009-05-29;3,71;0,89;-0,35;0,001
2009-06-05;2,6;3,76;-1,14;0,002
2009-06-12;0,6;-1,42;0,19;0,002
2009-06-19;-2,7;0,21;-1,1;0,002
2009-06-26;-0,06;1,09;-0,65;0,002
2009-07-02;-2,3;-0,03;-0,76;0,003
2009-07-10;-2,15;-1,16;-1,47;0,003
2009-07-17;7,04;0,43;3,65;0,003
2009-07-24;4,38;1,27;1,08;0,003
2009-07-31;0,92;0,51;2,48;0,003
2009-08-07;2,47;-0,67;5,54;0,003
2009-08-14;-0,63;-0,68;0,31;0,003
2009-08-21;2,16;1,06;0,6;0,003
2009-08-28;0,19;-0,13;1,57;0,003
2009-09-04;-1,08;-0,05;-1,98;0,002
2009-09-11;2,8;1,53;1,66;0,002
2009-09-18;2,59;1,16;2,03;0,002
2009-09-25;-2,3;-0,51;-1,83;0,002
2009-10-02;-1,89;-1,19;-0,74;0,001
2009-10-09;4,72;1,13;2,86;0,001
2009-10-16;1,37;-0,62;-0,4;0,001
2009-10-23;-0,87;-1,55;-1,48;0,001
2009-10-30;-4,48;-2,32;-3,49;0,001
2009-11-06;3,37;0,11;0,09;0
2009-11-13;2,12;-1,46;0,78;0
2009-11-20;-0,19;0,11;-0,58;0
2009-11-27;-0,09;-0,68;-1,21;0
2009-12-04;1,58;2,71;0,59;0,001
2009-12-11;0,12;-0,38;-0,01;0,001
2009-12-18;-0,01;1,8;0,3;0,001
2009-12-24;2,35;1,57;0;0,001
2009-12-31;-1,01;-0,23;-0,08;0,001
2010-01-08;2,89;0,21;3,92;0,001
2010-01-15;-0,91;0,1;-1,53;0,001
2010-01-22;-3,57;0,91;-1,88;0,001
2010-01-29;-1,7;-0,71;0,09;0,001
2010-02-05;-0,81;-0,71;-0,07;0
2010-02-12;1,41;2,33;0,77;0
2010-02-19;3,18;-0,02;1,62;0
2010-02-26;-0,37;-0,36;0,86;0
2010-03-05;3,46;2,56;1,18;0,002
2010-03-12;1,18;0,39;0,58;0,002
2010-03-19;0,61;-1,12;-0,7;0,002
2010-03-26;0,66;0,05;1,16;0,002
2010-04-01;1,02;-0,39;0,7;0,003
2010-04-09;1,63;1,11;2,14;0,003
2010-04-16;0,1;2,71;-0,57;0,003
2010-04-23;2,19;1,7;1,93;0,003
2010-04-30;-2,62;-0,65;-1,4;0,003
2010-05-07;-6,78;-2,12;-2,17;0,003
2010-05-14;2,8;3,74;0,1;0,003
2010-05-21;-4,49;-2,33;-1,15;0,003
2010-05-28;0,62;1,36;0,99;0,003
2010-06-04;-2,43;-1,42;-2,2;0,003
2010-06-11;2,46;-0,43;-0,23;0,003
2010-06-18;2,41;0,37;0,34;0,003
2010-06-25;-3,52;0,24;-0,39;0,003
2010-07-02;-5,26;-1,51;-1,95;0,004
2010-07-09;5,39;-0,8;1,16;0,004
2010-07-16;-1,36;-1,21;-1,16;0,004
2010-07-23;3,91;2,8;-0,26;0,004
2010-07-30;-0,13;-0,02;1,03;0,004
2010-08-06;1,68;-1,6;-0,64;0,003
2010-08-13;-4,01;-2,47;-0,56;0,003
2010-08-20;-0,42;1;-0,98;0,003
2010-08-27;-0,51;1,14;-0,17;0,003
2010-09-03;3,85;0,02;0,77;0,003
2010-09-10;0,31;-1,32;-0,21;0,003
2010-09-17;1,69;1,07;-1,75;0,003
2010-09-24;2,16;1,16;-0,88;0,003
2010-10-01;0,11;1,41;-0,14;0,003
2010-10-08;1,69;0,6;0,12;0,003
2010-10-15;1,01;1,28;-2,01;0,003
2010-10-22;0,46;-0,67;0,4;0,003
2010-10-29;0,24;-0,07;-1,03;0,003
2010-11-05;3,66;0,99;1,43;0,003
2010-11-12;-2,01;0,05;-0,53;0,003
2010-11-19;0,26;0,79;-0,61;0,003
2010-11-26;-0,5;2,07;-1,59;0,003
2010-12-03;3;-0,21;1,12;0,003
2010-12-10;1,48;0,97;1,54;0,003
2010-12-17;0,37;0,18;-1;0,003
2010-12-23;1,05;0,08;1,53;0,003
2010-12-31;0,04;-0,6;0,64;0,003
2011-01-07;1,14;-0,69;0,42;0,002
2011-01-14;1,76;0,81;0,51;0,002
2011-01-21;-1,25;-3,12;0,25;0,002
2011-01-28;-0,38;0,73;-0,12;0,002
2011-02-04;2,77;0,41;-0,65;0,003
2011-02-11;1,67;0,98;0,74;0,003
2011-02-18;1,08;0,42;0,54;0,003
2011-02-25;-1,73;0,04;-0,01;0,003
2011-03-04;0,19;0,3;-0,7;0,002
2011-03-11;-1,43;-1,64;0,92;0,002
2011-03-18;-1,81;0,81;-0,01;0,002
2011-03-25;2,94;1,4;-1,18;0,002
2011-04-01;1,59;1,15;-0,45;0,001
2011-04-08;-0,3;-0,27;-0,15;0,001
2011-04-15;-0,69;-0,18;-1,12;0,001
2011-04-21;1,36;0,2;-1,19;0,001
2011-04-29;2,01;0,07;-0,23;0,001
2011-05-06;-1,88;-1,84;-0,4;0
2011-05-13;-0,06;0,62;-1,5;0
2011-05-20;-0,37;-0,76;0,05;0
2011-05-27;0,03;1,07;-0,27;0
2011-06-03;-2,5;-0,88;-0,07;0,001
2011-06-10;-2,38;-0,94;0,02;0,001
2011-06-17;0,01;0;0,95;0,001
2011-06-24;0,22;2,37;-1,24;0,001
2011-07-01;5,58;-0,5;-0,21;-0,001
2011-07-08;0,52;1,14;-1,71;-0,001
2011-07-15;-2,15;-0,29;-0,34;-0,001
2011-07-22;2,06;-0,79;0,1;-0,001
2011-07-29;-4,11;-1,3;0,86;-0,001
2011-08-05;-7,74;-2,26;-0,26;0,002
2011-08-12;-1,59;-1,05;-3,44;0,002
2011-08-19;-5,05;-1,55;1,63;0,002
2011-08-26;5,01;1,11;-1,2;0,002
2011-09-02;-0,21;-0,88;-0,93;0
2011-09-09;-1,56;0,4;-0,3;0
2011-09-16;5,47;0,29;-0,21;0
2011-09-23;-6,77;-1,49;-1,77;0
2011-09-30;-0,62;-0,87;2,3;0
2011-10-07;2,27;0,26;-1,57;0
2011-10-14;6,28;2,13;-0,18;0
2011-10-21;0,95;-1,8;2,37;0
2011-10-28;4,09;2,37;0,39;0
2011-11-04;-2,28;0,87;-1,96;0
2011-11-11;0,61;-1,04;0,59;0
2011-11-18;-3,69;0,5;-0,2;0
2011-11-25;-4,85;-2,39;-0,35;0
2011-12-02;7,68;2,2;0,62;0
2011-12-09;0,86;0,44;0,13;0
2011-12-16;-2,88;-0,38;0,58;0
2011-12-23;3,66;-0,53;1,49;0
2011-12-30;-0,62;-0,1;-0,52;0
2012-01-06;1,7;-0,62;0,88;0
2012-01-13;1,18;0,86;0,17;0
2012-01-20;2,13;0,56;-0,12;0
2012-01-27;0,33;1,72;-1,56;0
2012-02-03;2,5;1,6;0,48;0,001
2012-02-10;-0,23;-1,65;-0,21;0,001
2012-02-17;1,6;0,28;0,51;0,001
2012-02-24;0,26;-0,57;-1,06;0,001
2012-03-02;0,05;-3,31;0,42;0,001
2012-03-09;0,32;1,69;0,14;0,001
2012-03-16;2,29;-0,83;1,6;0,001
2012-03-23;-0,44;0,6;-0,26;0,001
2012-03-30;0,74;-0,65;-0,35;0,001
2012-04-05;-0,71;-0,6;-0,66;0,001
2012-04-13;-2,05;-0,18;-0,21;0,001
2012-04-20;0,56;0,23;0,31;0,001
2012-04-27;1,87;0,71;-0,18;0,001
2012-05-04;-2,68;-1,57;-0,04;0,002
2012-05-11;-0,99;0,93;0,03;0,002
2012-05-18;-4,47;-0,37;-0,34;0,002
2012-05-25;1,95;0,49;-0,95;0,002
2012-06-01;-3,15;-0,48;0,23;0,001
2012-06-08;3,73;0,13;0,1;0,001
2012-06-15;1,07;-1,04;0,56;0,001
2012-06-22;-0,35;1,11;-0,06;0,001
2012-06-29;2,1;0,93;-0,06;0,001
2012-07-06;-0,26;1,57;-0,44;0,001
2012-07-13;-0,05;-1,12;0,72;0,001
2012-07-20;0,26;-1,41;-1,59;0,001
2012-07-27;1,45;-1,36;0,91;0,001
2012-08-03;0,17;-1,23;0,94;0,001
2012-08-10;1,37;0,67;0,74;0,001
2012-08-17;1,13;1,23;-0,11;0,001
2012-08-24;-0,55;-1,04;0,28;0,001
2012-08-31;-0,18;0,43;-0,18;0,001
2012-09-07;2,56;0,77;1,27;0,002
2012-09-14;2,09;0,58;1,74;0,002
2012-09-21;-0,48;-0,24;-1,02;0,002
2012-09-28;-1,41;-0,59;-0,33;0,002
2012-10-05;1,46;-1,1;1,39;0,002
2012-10-12;-2,21;-0,19;0,54;0,002
2012-10-19;0,26;-1,27;1,66;0,002
2012-10-26;-1,37;0,88;-0,3;0,002
2012-11-02;0,27;0,12;0,75;0,002
2012-11-09;-2,33;0,08;-0,71;0,002
2012-11-16;-1,46;-1,03;-0,17;0,002
2012-11-23;3,72;0,39;0,05;0,002
2012-11-30;0,83;1,59;-0,4;0,002
2012-12-07;0,13;-0,6;1,27;0,003
2012-12-14;-0,14;0,56;0,71;0,003
2012-12-21;1,4;1,09;1,46;0,003
2012-12-28;-1,88;0,09;0,18;0,003
2013-01-04;4,8;0,8;0,71;0
2013-01-11;0,44;-0,33;-0,69;0
2013-01-18;0,98;0,45;-0,01;0
2013-01-25;1,27;-0,01;0,03;0
2013-02-01;0,73;-0,12;1,03;0,001
2013-02-08;0,45;0,05;-0,05;0,001
2013-02-15;0,23;0,64;1,14;0,001
2013-02-22;-0,36;-0,42;-0,53;0,001
2013-03-01;0,2;-0,46;-0,98;0,001
2013-03-08;2,47;0,45;0,7;0,001
2013-03-15;0,67;0,27;1,02;0,001
2013-03-22;-0,21;0,12;-0,79;0,001
2013-03-28;0,85;-0,22;-0,75;0,001
2013-04-05;-1,39;-1,94;0,19;0,001
2013-04-12;2,38;0,05;-0,29;0,001
2013-04-19;-2,24;-1,29;-0,65;0,001
2013-04-26;1,92;0,46;1,31;0,001
2013-05-03;2,05;0,25;0,01;0
2013-05-10;1,44;0,63;0,71;0
2013-05-17;2,14;-0,06;0,5;0
2013-05-24;-1,07;0,18;0,24;0
2013-05-31;-0,76;1,1;1,02;0
2013-06-07;0,73;-0,38;-0,06;0
2013-06-14;-0,93;0,56;-0,65;0
2013-06-21;-2,08;0,68;0,51;0
2013-06-28;1,11;0,48;0,21;0
2013-07-05;1,85;1,33;0,17;0
2013-07-12;3,02;0,12;-0,51;0
2013-07-19;0,72;0,38;1,86;0
2013-07-26;0,12;-0,09;-0,29;0
2013-08-02;1,44;-0,12;-0,93;0
2013-08-09;-0,98;-0,1;-0,41;0
2013-08-16;-2,04;0,07;0,43;0
2013-08-23;0,61;0,94;-1,19;0
2013-08-30;-1,87;-0,46;-1,34;0
2013-09-06;1,49;0,22;0,42;0
2013-09-13;2,16;0,27;-0,42;0
2013-09-20;1,36;0,57;-0,63;0
2013-09-27;-0,77;1,18;-0,56;0
2013-10-04;0,17;0,34;0,15;0,001
2013-10-11;0,55;-0,26;1,39;0,001
2013-10-18;2,51;0,12;0,17;0,001
2013-10-25;0,72;-0,11;-0,5;0,001
2013-11-01;-0,12;-1,7;0,25;0,001
2013-11-08;0,47;0,1;0,66;0,001
2013-11-15;1,71;0,01;-0,92;0,001
2013-11-22;0,36;0,21;0,83;0,001
2013-11-29;0,35;1,61;-0,48;0,001
2013-12-06;-0,07;-0,86;-0,14;0,001
2013-12-13;-1,46;-0,7;0,52;0,001
2013-12-20;2,57;1,11;-0,22;0,001
2013-12-27;1,35;0,21;0,01;0,001
2014-01-03;-0,42;-0,07;0;0,001
2014-01-10;0,67;0,55;-1,47;0,001
2014-01-17;-0,12;0,62;-0,68;0,001
2014-01-24;-2,6;0,52;-0,15;0,001
2014-01-31;-0,44;-0,86;-0,05;0,001
2014-02-07;0,56;-2,17;0,09;0,001
2014-02-14;2,53;0,55;0,01;0,001
2014-02-21;0,14;1,59;-0,93;0,001
2014-02-28;1,37;0,42;0,5;0,001
2014-03-07;1,17;0,48;1,64;0,001
2014-03-14;-1,94;0,24;-0,15;0,001
2014-03-21;1,28;-0,59;2,14;0,001
2014-03-28;-1,01;-2,88;1,45;0,001
2014-04-04;0,33;-0,28;1,13;0
2014-04-11;-2,87;-0,77;-0,08;0
2014-04-17;2,68;-0,5;0,28;0
2014-04-25;-0,34;-1,08;0,51;0
2014-05-02;0,99;-0,58;-0,47;0
2014-05-09;-0,47;-1,95;0,69;0
2014-05-16;-0,01;-0,19;-1,2;0
2014-05-23;1,39;0,76;-0,09;0
2014-05-30;1,18;-0,47;0,21;0
2014-06-06;1,6;1,06;0,31;0,001
2014-06-13;-0,52;0,75;-0,59;0,001
2014-06-20;1,51;0,78;-0,32;0,001
2014-06-27;-0,06;0,15;-0,21;0,001
2014-07-03;1,38;0,55;-0,32;0
2014-07-11;-1,35;-3,06;0,53;0
2014-07-18;0,37;-1,49;0,98;0
2014-07-25;-0,01;-0,52;-0,81;0
2014-08-01;-2,63;0,28;-0,26;0
2014-08-08;0,51;0,96;-0,51;0
2014-08-15;1,31;-0,46;-0,37;0
2014-08-22;1,79;-0,01;0,44;0
2014-08-29;0,89;0,15;0;0
2014-09-05;0,18;-0,51;-0,03;0
2014-09-12;-0,86;0,59;-0,53;0
2014-09-19;0,9;-2,32;0,36;0
2014-09-26;-1,58;-0,73;-0,93;0
2014-10-03;-0,79;-0,39;-0,78;0
2014-10-10;-3,58;-1,43;0,53;0
2014-10-17;-0,51;3,6;-0,84;0
2014-10-24;4,06;-0,76;-0,66;0
2014-10-31;2,87;2,25;-0,17;0
2014-11-07;0,69;-0,72;0,63;0
2014-11-14;0,54;-0,08;-1,25;0
2014-11-21;1,05;-1,4;-0,17;0
2014-11-28;0,26;0,15;-2,14;0
2014-12-05;0,29;0,09;1,37;0
2014-12-12;-3,44;0,91;-0,75;0
2014-12-19;3,47;0,11;0,64;0
2014-12-26;1,03;0,65;0,54;0
2015-01-02;-1,39;0,1;0,53;0
2015-01-09;-0,78;-0,36;-2,35;0
2015-01-16;-1,32;0,43;-0,47;0
2015-01-23;1,64;-0,68;-0,28;0
2015-01-30;-2,5;0,6;-0,58;0
2015-02-06;3,32;0,21;1,52;0
2015-02-13;2,1;-0,44;-1,31;0
2015-02-20;0,8;0,14;-1,51;0
2015-02-27;-0,19;0,69;-0,45;0
2015-03-06;-1,36;0,55;-0,5;0
2015-03-13;-0,61;1,67;0,42;0
2015-03-20;2,59;-0,03;-0,95;0
2015-03-27;-2,16;0,39;0,26;0
2015-04-02;0,45;0,7;1,1;0,001
2015-04-10;1,67;-0,73;-1,37;0,001
2015-04-17;-1,02;-0,02;0,76;0,001
2015-04-24;1,77;-0,23;-1,39;0,001
2015-05-01;-0,77;-2,61;2,43;0
2015-05-08;0,41;0,05;0,16;0
2015-05-15;0,42;0,32;-0,4;0
2015-05-22;0,32;0,42;-0,07;0
2015-05-29;-0,79;0,41;-0,13;0
2015-06-05;-0,29;1,86;-0,01;0
2015-06-12;0,12;0,13;0,6;0
2015-06-19;0,83;0,71;-1,43;0
2015-06-26;-0,35;0,36;0,6;0
2015-07-02;-1,33;-1,58;-0,74;0
2015-07-10;-0,01;0,18;-1,27;0
2015-07-17;2,27;-1,45;-1,76;0
2015-07-24;-2,33;-1,45;-0,32;0
2015-07-31;1,19;-0,02;-0,83;0
2015-08-07;-1,36;-1,26;0,88;0,001
2015-08-14;0,69;-0,34;1,23;0,001
2015-08-21;-5,69;1,19;0,04;0,001
2015-08-28;1,07;-0,01;-0,72;0,001
2015-09-04;-3,08;1,45;0,17;0
2015-09-11;2,09;-0,44;-1,51;0
2015-09-18;-0,15;1,22;-1,77;0
2015-09-25;-1,77;-2,7;3,58;0
2015-10-02;0,73;-1,64;0,6;0
2015-10-09;3,44;1,57;2,02;0
2015-10-16;0,62;-1,23;0,04;0
2015-10-23;1,7;-1,51;0,13;0
2015-10-30;0,18;-0,41;-1,59;0
2015-11-06;1,38;2,61;0,64;0,001
2015-11-13;-3,72;-0,9;-0,06;0,001
2015-11-20;3,14;-0,53;-0,87;0,001
2015-11-27;0,37;2,44;-0,91;0,001
2015-12-04;-0,19;-1,53;0,16;0,003
2015-12-11;-3,93;-0,88;-1,68;0,003
2015-12-18;-0,35;0,14;-0,79;0,003
2015-12-24;2,83;0,21;1;0,003
2015-12-31;-0,9;-0,78;-0,58;0,003
2016-01-08;-6,22;-1,79;0,46;0,002
2016-01-15;-2,54;-1,32;-0,14;0,002
2016-01-22;1,38;0,22;-1,59;0,002
2016-01-29;1,71;-0,58;3,7;0,002
2016-02-05;-3,36;-1,44;1,07;0,005
2016-02-12;-0,81;-0,5;-0,44;0,005
2016-02-19;3,09;0,96;-1,6;0,005
2016-02-26;1,83;1,28;-0,01;0,005
2016-03-04;3,08;1,24;2,48;0,005
2016-03-11;1;-0,55;1,32;0,005
2016-03-18;1,41;-0,33;0,13;0,005
2016-03-24;-0,8;-0,86;-1,04;0,005
2016-04-01;2,06;1,69;-2;0,002
2016-04-08;-1,17;-0,1;-1,62;0,002
2016-04-15;1,94;0,77;2,07;0,002
2016-04-22;0,73;0,58;1,85;0,002
2016-04-29;-1,19;-0,17;1,75;0,002
2016-05-06;-0,63;-1,24;-0,51;0,003
2016-05-13;-0,52;-0,56;-0,71;0,003
2016-05-20;0,54;0,19;0,75;0,003
2016-05-27;2,43;1,02;-0,84;0,003
2016-06-03;0,16;1,31;-1,23;0,005
2016-06-10;-0,24;0,54;-0,05;0,005
2016-06-17;-1,2;-0,33;-0,15;0,005
2016-06-24;-1,6;0,32;-0,23;0,005
2016-07-01;3,14;-0,58;-0,68;0,005
2016-07-08;1,38;0,81;-1,42;0,005
2016-07-15;1,6;0,58;2,27;0,005
2016-07-22;0,6;0;-1,21;0,005
2016-07-29;0,07;0,66;-0,36;0,005
2016-08-05;0,56;0,48;0,72;0,005
2016-08-12;0,18;-0,35;-0,16;0,005
2016-08-19;0,15;0,41;1,47;0,005
2016-08-26;-0,53;0,62;0,37;0,005
2016-09-02;0,7;0,14;0,66;0,005
2016-09-09;-2,3;0,12;0,43;0,005
2016-09-16;0,57;0,54;-2,59;0,005
2016-09-23;1,26;1,16;-0,19;0,005
2016-09-30;0,21;-0,22;1,21;0,005
2016-10-07;-0,57;-0,51;1,31;0,004
2016-10-14;-1,12;-1,26;0,62;0,004
2016-10-21;0,42;-0,27;0,73;0,004
2016-10-28;-0,77;-2,38;1,34;0,004
2016-11-04;-1,89;-0,52;1,1;0,004
2016-11-11;4,67;6,13;2,64;0,004
2016-11-18;1,29;1,08;1,34;0,004
2016-11-25;1,64;0,83;0,54;0,004
2016-12-02;-1,13;-2,13;3,91;0,006
2016-12-09;3,35;2,02;1,88;0,006
2016-12-16;-0,29;-1,4;-0,82;0,006
2016-12-23;0,32;0,19;0,63;0,006
2016-12-30;-1,16;-0,09;0,11;0,006
2017-01-06;1,69;-0,69;-1,25;0,009
2017-01-13;0,09;0,4;-1,04;0,009
2017-01-20;-0,31;-1,15;-0,18;0,009
2017-01-27;1,16;0,21;0,63;0,009
2017-02-03;0,14;0,41;-0,65;0,009
2017-02-10;0,88;0,11;-1,23;0,009
2017-02-17;1,52;-0,54;-0,3;0,009
2017-02-24;0,48;-1,06;-0,54;0,009
2017-03-03;0,65;-0,93;-0,07;0,008
2017-03-10;-0,55;-1,16;-1,66;0,008
2017-03-17;0,48;1,82;-0,44;0,008
2017-03-24;-1,65;-0,9;-1,83;0,008
2017-03-31;1,05;1,64;0,86;0,008
2017-04-07;-0,44;-1,37;0,16;0,014
2017-04-13;-1,2;-0,2;-1,15;0,014
2017-04-21;1,11;1,85;-0,25;0,014
2017-04-28;1,64;0,33;-1;0,014
2017-05-05;0,53;-0,77;-0,48;0,016
2017-05-12;-0,32;-0,27;-1,32;0,016
2017-05-19;-0,4;-0,81;-0,46;0,016
2017-05-26;1,46;-0,31;-0,74;0,016
2017-06-02;1,09;1,14;-1,62;0,015
2017-06-09;-0,24;0,61;3,36;0,015
2017-06-16;-0,08;-1,05;-0,68;0,015
2017-06-23;0,31;1,06;-3,82;0,015
2017-06-30;-0,49;0,06;3,41;0,015
2017-07-07;0,08;-0,4;0,31;0,018
2017-07-14;1,36;-0,18;-1,3;0,018
2017-07-21;0,55;0,06;-0,46;0,018
2017-07-28;-0,03;-0,6;0,71;0,018
2017-08-04;0,09;-1,75;0,73;0,021
2017-08-11;-1,52;-1;-0,98;0,021
2017-08-18;-0,67;-0,71;-0,32;0,021
2017-08-25;0,82;0,55;0,69;0,021
2017-09-01;1,61;1,42;-1,47;0,024
2017-09-08;-0,77;0,19;-1,4;0,024
2017-09-15;1,7;0,66;1,8;0,024
2017-09-22;0,39;0,87;1,6;0,024
2017-09-29;0,91;2,2;0,7;0,024
2017-10-06;1,28;0,15;-0,21;0,021
2017-10-13;0,03;-0,7;-0,18;0,021
2017-10-20;0,91;-0,83;0,71;0,021
2017-10-27;0,25;-0,56;0,17;0,021
2017-11-03;0,19;-1,21;-0,44;0,021
2017-11-10;-0,41;-1,05;-1;0,021
2017-11-17;0,21;1,15;0,09;0,021
2017-11-24;1,04;1,11;-0,82;0,021
2017-12-01;1,62;-0,85;2,29;0,022
2017-12-08;0,3;-1,46;0,14;0,022
2017-12-15;0,81;-0,25;-0,77;0,022
2017-12-22;0,54;0,78;0,49;0,022
2017-12-29;-0,37;0,01;-0,22;0,022
2018-01-05;2,54;-0,69;-0,39;0,029
2018-01-12;1,81;0,39;1,07;0,029
2018-01-19;0,84;-0,64;-0,38;0,029
2018-01-26;2,05;-1,52;-1,14;0,029
2018-02-02;-3,81;-0,5;-0,11;0,029
2018-02-09;-5,09;1,05;0,09;0,029
2018-02-16;4,51;0,09;-0,54;0,029
2018-02-23;0,48;0,12;-0,59;0,029
2018-03-02;-1,74;1,02;-0,86;0,029
2018-03-09;3,6;0,36;-0,18;0,029
2018-03-16;-1,21;0,86;-0,13;0,029
2018-03-23;-5,82;1,69;-0,24;0,029
2018-03-29;1,8;-1,07;0,87;0,029
2018-04-06;-1,38;0,54;0,66;0,036
2018-04-13;2,05;1;-1,05;0,036
2018-04-20;0,73;0,04;0,49;0,036
2018-04-27;-0,29;-0,52;0,5;0,036
2018-05-04;-0,16;1,02;-1,35;0,035
2018-05-11;2,43;0,4;-0,27;0,035
2018-05-18;-0,22;2,48;-0,05;0,035
2018-05-25;0,22;-0,28;-0,41;0,035
2018-06-01;0,6;1,25;-1,24;0,034
2018-06-08;1,68;0,44;-0,14;0,034
2018-06-15;0,21;0,89;-2,26;0,034
2018-06-22;-0,85;1,37;0,23;0,034
2018-06-29;-1,6;-1,29;-0,05;0,034
2018-07-06;1,65;1,77;-1,01;0,04
2018-07-13;1,39;-1,68;-1,22;0,04
2018-07-20;0,14;-0,02;0,66;0,04
2018-07-27;0,17;-2,83;1,52;0,04
2018-08-03;0,65;-0,09;0,16;0,041
2018-08-10;0,05;0,92;-0,8;0,041
2018-08-17;0,46;-0,37;0,05;0,041
2018-08-24;1,06;1,34;-0,99;0,041
2018-08-31;0,96;-0,03;-1,8;0,041
2018-09-07;-1,14;-0,79;0,22;0,037
2018-09-14;1,2;-0,41;-1;0,037
2018-09-21;0,54;-1,2;1,73;0,037
2018-09-28;-0,52;0,08;-2,64;0,037
2018-10-05;-1,42;-3,22;3,34;0,049
2018-10-12;-4,26;-0,76;-0,03;0,049
2018-10-19;-0,15;-1;0,51;0,049
2018-10-26;-4,06;0,41;-1,04;0,049
2018-11-02;2,88;1,62;0,55;0,044
2018-11-09;1,75;-2,61;1,18;0,044
2018-11-16;-1,65;0,29;0,28;0,044
2018-11-23;-3,74;1,17;0,84;0,044
2018-11-30;4,78;-1,81;-1,67;0,044
2018-12-07;-4,83;-0,67;-0,68;0,051
2018-12-14;-1,45;-1,16;-1,85;0,051
2018-12-21;-7,33;-1,59;2,15;0,051
2018-12-28;3,14;1,11;-1,37;0,051
2019-01-04;2,14;1,28;1,24;0,052
2019-01-11;2,95;2,21;-1,58;0,052
2019-01-18;2,8;-0,84;0,9;0,052
2019-01-25;-0,28;0,1;-0,15;0,052
2019-02-01;1,57;-0,35;-0,76;0,046
2019-02-08;0,09;0,3;-1,27;0,046
2019-02-15;2,73;1,58;0,01;0,046
2019-02-22;0,64;0,99;-0,85;0,046
2019-03-01;0,5;-0,4;-1,28;0,048
2019-03-08;-2,55;-1,97;-0,28;0,048
2019-03-15;2,83;-0,91;-0,49;0,048
2019-03-22;-1,11;-1,46;-2,77;0,048
2019-03-29;1,27;1,07;-0,2;0,048
2019-04-05;2,14;0,54;1;0,052
2019-04-12;0,55;-0,71;0,91;0,052
2019-04-18;-0,18;-1,05;0,48;0,052
2019-04-26;1,24;0,2;-1,26;0,052
2019-05-03;0,27;0,66;0,37;0,052
2019-05-10;-2,22;-0,13;-0,04;0,052
2019-05-17;-1,02;-1,49;-0,69;0,052
2019-05-24;-1,3;-0,53;-0,19;0,052
2019-05-31;-2,71;-0,49;-1,04;0,052
2019-06-07;4,27;-1,24;-0,53;0,046
2019-06-14;0,45;-0,02;-0,08;0,046
2019-06-21;2,21;0,07;-1,67;0,046
2019-06-28;-0,11;1,43;1,58;0,046
2019-07-05;1,56;-1,22;-0,37;0,048
2019-07-12;0,72;-1,37;-0,29;0,048
2019-07-19;-1,22;-0,27;-0,74;0,048
2019-07-26;1,75;-0,22;0,88;0,048
2019-08-02;-3,45;0,37;-0,81;0,041
2019-08-09;-0,61;-0,73;-1,91;0,041
2019-08-16;-1,17;0,25;-1,24;0,041
2019-08-23;-1,57;-0,72;-0,29;0,041
2019-08-30;2,7;-0,53;0,34;0,041
2019-09-06;1,61;-1,19;1,28;0,044
2019-09-13;1,33;2,9;4,92;0,044
2019-09-20;-0,64;-0,59;-0,91;0,044
2019-09-27;-1,37;-1,81;1,97;0,044
2019-10-04;-0,4;-0,42;-2,36;0,039
2019-10-11;0,69;-0,47;0,21;0,039
2019-10-18;0,47;0,75;0,53;0,039
2019-10-25;1,38;0,31;0,67;0,039
2019-11-01;1,47;0,43;-0,51;0,031
2019-11-08;1,01;-0,55;2,18;0,031
2019-11-15;0,78;-0,69;-1,74;0,031
2019-11-22;-0,19;-0,06;-1,59;0,031
2019-11-29;1,13;1,57;-1,65;0,031
2019-12-06;0,1;0,52;0,73;0,035
2019-12-13;0,74;0,2;0,75;0,035
2019-12-20;1,71;0,33;-0,01;0,035
2019-12-27;0,49;-0,49;-0,42;0,035
2020-01-03;-0,12;-0,32;0,34;0,032
2020-01-10;0,94;-0,95;-2,26;0,032
2020-01-17;2;0,65;-1,34;0,032
2020-01-24;-1,14;-1,25;-1,03;0,032
2020-01-31;-2,06;-1,07;-1,46;0,032
2020-02-07;3,13;-0,36;-0,77;0,03
2020-02-14;1,73;0,01;-0,86;0,03
2020-02-21;-1,06;0,71;0,07;0,03
2020-02-28;-11,5;0,71;-2,34;0,03
2020-03-06;0,1;-1,51;-5,07;0,033
2020-03-13;-9,7;-5,75;-3,42;0,033
2020-03-20;-14,57;1,83;-5,59;0,033
2020-03-27;10,31;-1,25;1,02;0,033
2020-04-03;-2,48;-2,05;-5,2;0,001
2020-04-09;12,34;2,65;7,7;0,001
2020-04-17;3,25;-1,79;-8,51;0,001
2020-04-24;-0,86;2,4;-1,97;0,001
2020-05-01;0,01;2,37;4,74;0,002
2020-05-08;4,24;2,18;-3,42;0,002
2020-05-15;-2,2;-1,14;-7,21;0,002
2020-05-22;3,59;3,28;3,91;0,002
2020-05-29;2,98;-1,16;3,6;0,002
2020-06-05;4,97;0,44;9,81;0,003
2020-06-12;-4,73;-1,24;-5,23;0,003
2020-06-19;2,29;1,33;-3,15;0,003
2020-06-26;-2,83;0,86;-4,16;0,003
2020-07-02;4,04;0,69;-1,67;0,003
2020-07-10;2,1;-1,87;-1,34;0,003
2020-07-17;1,2;1,82;2,41;0,003
2020-07-24;-0,31;-0,26;2,86;0,003
2020-07-31;1,73;-0,59;-2,62;0,003
2020-08-07;2,7;3,37;1,61;0,002
2020-08-14;0,74;0,19;1,77;0,002
2020-08-21;0,86;-1,62;-5,2;0,002
2020-08-28;3,19;-1,44;0,9;0,002
2020-09-04;-2,47;-0,88;2,29;0,002
2020-09-11;-2,58;-0,1;-1,39;0,002
2020-09-18;0,01;2,75;-0,92;0,002
2020-09-25;-0,62;-2,92;-4,24;0,002
2020-10-02;1,85;2,98;1,75;0,002
2020-10-09;4,25;2,55;-0,21;0,002
2020-10-16;0,31;0,09;-0,52;0,002
2020-10-23;-0,51;0,7;3,07;0,002
2020-10-30;-5,74;-0,96;0,07;0,002
2020-11-06;7,69;0,14;-4,96;0,002
2020-11-13;1,95;2,25;7,27;0,002
2020-11-20;0,17;2,56;0,51;0,002
2020-11-27;2,86;1,28;1,29;0,002
2020-12-04;1,76;0,46;0,32;0,002
2020-12-11;-0,48;1,91;-1,6;0,002
2020-12-18;1,84;2,03;-3,54;0,002
2020-12-24;0,15;1,35;0,1;0,002
2020-12-31;0,72;-2,18;1,1;0,002
2021-01-08;2,52;3,59;2,28;0,001
2021-01-15;-1,03;2,33;2,15;0,001
2021-01-22;2,08;1,83;-3,01;0,001
2021-01-29;-3,48;0,06;0,78;0,001
2021-02-05;5,27;2,06;-2,01;0,001
2021-02-12;1,63;1,92;1,01;0,001
2021-02-19;-0,82;-1,34;3,1;0,001
2021-02-26;-3,15;-0,7;4,91;0,001
2021-03-05;0,07;-1,47;7,61;0,001
2021-03-12;3,36;4,68;1,59;0,001
2021-03-19;-1,04;-1,38;-0,37;0,001
2021-03-26;0,57;-4,11;0,17;0,001
2021-04-01;1,39;0,48;-1,59;0
2021-04-09;2,45;-2,6;-1,29;0
2021-04-16;1,32;-0,97;-0,02;0
2021-04-23;-0,1;0,72;-0,78;0
2021-04-30;-0,11;-0,7;1,36;0
2021-05-07;0,53;-1,25;6,35;0
2021-05-14;-1,55;-0,83;2,46;0
2021-05-21;-0,17;0,63;-1,08;0
2021-05-28;1,49;1,27;-0,75;0
2021-06-04;0,51;0,1;1,62;0
2021-06-11;0,82;2,11;-3,96;0
2021-06-18;-1,81;-0,86;-4,97;0
2021-06-25;2,97;1,19;0,99;0
2021-07-02;1,28;-2,38;-1,63;0,001
2021-07-09;0,2;-0,82;-1,15;0,001
2021-07-16;-1,73;-3;0,04;0,001
2021-07-23;2,29;0,33;-2,35;0,001
2021-07-30;-0,45;0,56;2,06;0,001
2021-08-06;1,05;-0,03;0,71;0,001
2021-08-13;0,51;-1,83;2,34;0,001
2021-08-20;-1,04;-1,03;-1,47;0,001
2021-08-27;2,18;2,55;-0,21;0,001
2021-09-03;0,67;0,41;-2,65;0,001
2021-09-10;-1,72;-0,81;0,08;0,001
2021-09-17;-0,41;0,45;0,43;0,001
2021-09-24;0,52;-0,1;1,67;0,001
2021-10-01;-2,18;1,16;4,67;0,001
2021-10-08;0,67;-1,56;2,78;0,001
2021-10-15;1,93;-0,43;-1,77;0,001
2021-10-22;1,58;-0,81;1,02;0,001
2021-10-29;1,21;0,12;-2,99;0,001
2021-11-05;2,34;3,96;-0,39;0,001
2021-11-12;-0,26;-0,55;0,83;0,001
2021-11-19;-0,14;-1,77;-1,6;0,001
2021-11-26;-2,56;-2,26;2,63;0,001
2021-12-03;-2,18;-1,68;1,45;0,002
2021-12-10;3,52;-0,65;0,08;0,002
2021-12-17;-2,04;-0,48;-0,49;0,002
2021-12-23;2,46;1,32;-1,14;0,002
2021-12-31;0,54;-0,64;1,42;0,002
2022-01-07;-2,33;-3,19;10,85;0
2022-01-14;-0,43;-0,72;2,87;0
2022-01-21;-6,19;-1,9;0,99;0
2022-01-28;0,41;-1,78;1,41;0
2022-02-04;2,05;-0,49;0,2;0,001
2022-02-11;-1,27;1,91;1,43;0,001
2022-02-18;-1,69;1,06;0,4;0,001
2022-02-25;0,91;0,4;-1,3;0,001
2022-03-04;-1,71;-0,39;2,14;0,001
2022-03-11;-2,86;1,51;2,18;0,001
2022-03-18;6,59;-0,09;-5,52;0,001
2022-03-25;1,55;-2,45;2,19;0,001
2022-04-01;0,15;1,03;-4,17;0,003
2022-04-08;-1,92;-3,3;2,21;0,003
2022-04-14;-1,72;1,79;2,23;0,003
2022-04-22;-3,23;-0,41;2,35;0,003
2022-04-29;-3,35;-0,25;0,52;0,003
2022-05-06;-0,57;-2,11;4,81;0,007
2022-05-13;-2,44;0,21;-0,4;0,007
2022-05-20;-2,95;1,19;1,9;0,007
2022-05-27;6,62;-0,76;1,48;0,007
2022-06-03;-1,04;1,36;-0,27;0,015
2022-06-10;-5,1;0,52;0,81;0,015
2022-06-17;-5,87;-0,26;-3,09;0,015
2022-06-24;6,56;-0,01;-5,65;0,015
2022-07-01;-2,39;-1,02;3,14;0,02
2022-07-08;2,36;2,1;-5,28;0,02
2022-07-15;-1,14;-0,42;1,2;0,02
2022-07-22;2,76;1,43;-1,07;0,02
2022-07-29;4,17;-0,61;1,18;0,02
2022-08-05;0,87;3,57;-5,34;0,047
2022-08-12;3,38;0,55;1,5;0,047
2022-08-19;-1,6;-2,24;2,49;0,047
2022-08-26;-3,8;0,09;1,76;0,047
2022-09-02;-3,53;-1,68;0,59;0,048
2022-09-09;3,89;0,61;-2,8;0,048
2022-09-16;-4,78;-0,4;2,34;0,048
2022-09-23;-5,02;-1,46;0,29;0,048
2022-09-30;-2,54;1,66;-0,81;0,048
2022-10-07;1,75;0,08;2,54;0,058
2022-10-14;-1,88;-0,39;3,83;0,058
2022-10-21;4,57;-1,3;-0,45;0,058
2022-10-28;3,97;1,31;0,7;0,058
2022-11-04;-3,56;-0,84;4,55;0,074
2022-11-11;5,85;0,08;-3,31;0,074
2022-11-18;-1;-1,45;0,76;0,074
2022-11-25;1,41;-0,66;0,9;0,074
2022-12-02;1,22;1,13;-2,44;0,083
2022-12-09;-3,78;-1,27;-0,6;0,083
2022-12-16;-2,12;0,1;0,25;0,083
2022-12-23;-0,4;-0,88;2,9;0,083
2022-12-30;-0,13;0,33;0,08;0,083
2023-01-06;1,36;0,25;1,18;0,087
2023-01-13;3,05;3,39;-3,3;0,087
2023-01-20;-0,69;0,08;-1,11;0,087
2023-01-27;2,59;-0,05;-1,29;0,087
2023-02-03;1,82;3,59;-2,19;0,086
2023-02-10;-1,52;-3,21;2,68;0,086
2023-02-17;0,1;1,98;-1,48;0,086
2023-02-24;-2,83;-0,98;1,47;0,086
2023-03-03;1,91;0,6;-1,25;0,091
2023-03-10;-5,13;-2,68;-1,09;0,091
2023-03-17;1,1;-1,26;-7,42;0,091
2023-03-24;1,22;-1,02;0,11;0,091
2023-03-31;3,56;-0,12;-0,14;0,091
2023-04-06;-0,52;-2,67;0,96;0,087
2023-04-14;0,91;0,1;0,23;0,087
2023-04-21;-0,2;0,97;-1,31;0,087
2023-04-28;0,42;-1,71;0,09;0,087
2023-05-05;-0,78;0,9;-3,64;0,09
2023-05-12;-0,36;-0,44;-1,28;0,09
2023-05-19;1,78;0,83;0,03;0,09
2023-05-26;0,3;0,5;-1,09;0,09
2023-06-02;2;1,46;-0,07;0,101
2023-06-09;0,46;1,16;1,25;0,101
2023-06-16;2,42;-1,32;-1,92;0,101
2023-06-23;-1,58;-0,85;-1,25;0,101
2023-06-30;2,36;0,58;0,35;0,101
2023-07-07;-1,23;-0,42;1,34;0,112
2023-07-14;2,53;1,39;-0,74;0,112
2023-07-21;0,64;-0,02;2,45;0,112
2023-07-28;0,97;-0,03;0,96;0,112
2023-08-04;-2,27;0,71;1,65;0,113
2023-08-11;-0,61;-1,36;0,45;0,113
2023-08-18;-2,31;-0,72;-1,64;0,113
2023-08-25;0,59;-0,82;-1,68;0,113
2023-09-01;2,73;0,7;0,67;0,107
2023-09-08;-1,55;-2,57;-0,6;0,107
2023-09-15;-0,28;-0,92;1,37;0,107
2023-09-22;-3,17;-0,8;-0,04;0,107
2023-09-29;-0,58;1,1;0,3;0,107
2023-10-06;0,16;-1,51;-2,03;0,117
2023-10-13;0,09;-2,75;1,43;0,117
2023-10-20;-2,5;0,37;0,05;0,117
2023-10-27;-2,77;0,18;0,58;0,117
2023-11-03;5,89;1,16;2,55;0,11
2023-11-10;0,9;-3,52;-2,22;0,11
2023-11-17;2,46;2,67;1,73;0,11
2023-11-24;0,91;0;-0,76;0,11
2023-12-01;1,01;1,63;1,75;0,107
2023-12-08;0,21;0,95;0,98;0,107
2023-12-15;2,72;1,62;1,83;0,107
2023-12-22;0,86;1,97;0,52;0,107
2023-12-29;0,17;-0,68;0,22;0,107
2024-01-05;-1,91;-3,06;1,36;0,118
2024-01-12;1,62;-0,23;-3,63;0,118
2024-01-19;0,96;-1,4;-0,55;0,118
2024-01-26;1,03;0,77;0,38;0,118
2024-02-02;1,18;-1,96;-1,91;0,106
2024-02-09;1,49;1,71;-2,17;0,106
2024-02-16;-0,3;0,5;1,1;0,106
2024-02-23;1,24;-2,59;-0,85;0,106