Date;Mkt-RF;SMB;HML;RF;Fundflows
2018-01-12;1,81;0,39;1,07;0,029;3,028
2018-01-19;0,84;-0,64;-0,38;0,029;1,218
2018-01-26;2,05;-1,52;-1,14;0,029;2,669
2018-02-02;-3,81;-0,5;-0,11;0,029;2,476
2018-02-09;-5,09;1,05;0,09;0,029;-6,931
2018-02-16;4,51;0,09;-0,54;0,029;1,688
2018-02-23;0,48;0,12;-0,59;0,029;-0,323
2018-03-02;-1,74;1,02;-0,86;0,029;0,855
2018-03-09;3,6;0,36;-0,18;0,029;-1,71
2018-03-16;-1,21;0,86;-0,13;0,029;1,057
2018-03-23;-5,82;1,69;-0,24;0,029;-3,76
2018-03-29;1,8;-1,07;0,87;0,029;-1,929
2018-04-06;-1,38;0,54;0,66;0,036;-1,68
2018-04-13;2,05;1;-1,05;0,036;0,799
2018-04-20;0,73;0,04;0,49;0,036;0,237
2018-04-27;-0,29;-0,52;0,5;0,036;0,746
2018-05-04;-0,16;1,02;-1,35;0,035;-0,498
2018-05-11;2,43;0,4;-0,27;0,035;2,403
2018-05-18;-0,22;2,48;-0,05;0,035;0,911
2018-05-25;0,22;-0,28;-0,41;0,035;1,083
2018-06-01;0,6;1,25;-1,24;0,034;-1,065
2018-06-08;1,68;0,44;-0,14;0,034;-0,393
2018-06-15;0,21;0,89;-2,26;0,034;-1,401
2018-06-22;-0,85;1,37;0,23;0,034;0,799
2018-06-29;-1,6;-1,29;-0,05;0,034;-1,055
2018-07-06;1,65;1,77;-1,01;0,04;-0,518
2018-07-13;1,39;-1,68;-1,22;0,04;0,194
2018-07-20;0,14;-0,02;0,66;0,04;-0,224
2018-07-27;0,17;-2,83;1,52;0,04;0,768
2018-08-03;0,65;-0,09;0,16;0,041;-0,952
2018-08-10;0,05;0,92;-0,8;0,041;2,33
2018-08-17;0,46;-0,37;0,05;0,041;0,026
2018-08-24;1,06;1,34;-0,99;0,041;-0,44
2018-08-31;0,96;-0,03;-1,8;0,041;0,683
2018-09-07;-1,14;-0,79;0,22;0,037;0,16
2018-09-14;1,2;-0,41;-1;0,037;-0,302
2018-09-21;0,54;-1,2;1,73;0,037;4,855
2018-09-28;-0,52;0,08;-2,64;0,037;-1,494
2018-10-05;-1,42;-3,22;3,34;0,049;1,524
2018-10-12;-4,26;-0,76;-0,03;0,049;-1,049
2018-10-19;-0,15;-1;0,51;0,049;-0,905
2018-10-26;-4,06;0,41;-1,04;0,049;0,49
2018-11-02;2,88;1,62;0,55;0,044;0,099
2018-11-09;1,75;-2,61;1,18;0,044;0,858
2018-11-16;-1,65;0,29;0,28;0,044;0,415
2018-11-23;-3,74;1,17;0,84;0,044;0,272
2018-11-30;4,78;-1,81;-1,67;0,044;1,956
2018-12-07;-4,83;-0,67;-0,68;0,051;-2,909
2018-12-14;-1,45;-1,16;-1,85;0,051;0,516
2018-12-21;-7,33;-1,59;2,15;0,051;1,139
2018-12-28;3,14;1,11;-1,37;0,051;1,623
2019-01-04;2,14;1,28;1,24;0,052;-2,212
2019-01-11;2,95;2,21;-1,58;0,052;0,484
2019-01-18;2,8;-0,84;0,9;0,052;-2,077
2019-01-25;-0,28;0,1;-0,15;0,052;0,949
2019-02-01;1,57;-0,35;-0,76;0,046;-2,965
2019-02-08;0,09;0,3;-1,27;0,046;-0,311
2019-02-15;2,73;1,58;0,01;0,046;0,147
2019-02-22;0,64;0,99;-0,85;0,046;0,42
2019-03-01;0,5;-0,4;-1,28;0,048;0,767
2019-03-08;-2,55;-1,97;-0,28;0,048;-1,743
2019-03-15;2,83;-0,91;-0,49;0,048;3,65
2019-03-22;-1,11;-1,46;-2,77;0,048;1,427
2019-03-29;1,27;1,07;-0,2;0,048;-0,408
2019-04-05;2,14;0,54;1;0,052;1,548
2019-04-12;0,55;-0,71;0,91;0,052;1,958
2019-04-18;-0,18;-1,05;0,48;0,052;0,257
2019-04-26;1,24;0,2;-1,26;0,052;-1,436
2019-05-03;0,27;0,66;0,37;0,052;-0,009
2019-05-10;-2,22;-0,13;-0,04;0,052;-2,27
2019-05-17;-1,02;-1,49;-0,69;0,052;-0,698
2019-05-24;-1,3;-0,53;-0,19;0,052;0,947
2019-05-31;-2,71;-0,49;-1,04;0,052;-1,17
2019-06-07;4,27;-1,24;-0,53;0,046;1,332
2019-06-14;0,45;-0,02;-0,08;0,046;0,544
2019-06-21;2,21;0,07;-1,67;0,046;-0,389
2019-06-28;-0,11;1,43;1,58;0,046;-1,031
2019-07-05;1,56;-1,22;-0,37;0,048;0,343
2019-07-12;0,72;-1,37;-0,29;0,048;1,949
2019-07-19;-1,22;-0,27;-0,74;0,048;1,016
2019-07-26;1,75;-0,22;0,88;0,048;-0,877
2019-08-02;-3,45;0,37;-0,81;0,041;0,437
2019-08-09;-0,61;-0,73;-1,91;0,041;-1,56
2019-08-16;-1,17;0,25;-1,24;0,041;-0,273
2019-08-23;-1,57;-0,72;-0,29;0,041;0,115
2019-08-30;2,7;-0,53;0,34;0,041;0,315
2019-09-06;1,61;-1,19;1,28;0,044;0,148
2019-09-13;1,33;2,9;4,92;0,044;2,156
2019-09-20;-0,64;-0,59;-0,91;0,044;-0,453
2019-09-27;-1,37;-1,81;1,97;0,044;1,826
2019-10-04;-0,4;-0,42;-2,36;0,039;-1,855
2019-10-11;0,69;-0,47;0,21;0,039;0,052
2019-10-18;0,47;0,75;0,53;0,039;0,34
2019-10-25;1,38;0,31;0,67;0,039;0,027
2019-11-01;1,47;0,43;-0,51;0,031;-1,449
2019-11-08;1,01;-0,55;2,18;0,031;0,58
2019-11-15;0,78;-0,69;-1,74;0,031;-0,647
2019-11-22;-0,19;-0,06;-1,59;0,031;0,575
2019-11-29;1,13;1,57;-1,65;0,031;1,318
2019-12-06;0,1;0,52;0,73;0,035;1,228
2019-12-13;0,74;0,2;0,75;0,035;1,062
2019-12-20;1,71;0,33;-0,01;0,035;-1,823
2019-12-27;0,49;-0,49;-0,42;0,035;2,022
2020-01-03;-0,12;-0,32;0,34;0,032;2,365
2020-01-10;0,94;-0,95;-2,26;0,032;0,029
2020-01-17;2;0,65;-1,34;0,032;-0,614
2020-01-24;-1,14;-1,25;-1,03;0,032;-0,139
2020-01-31;-2,06;-1,07;-1,46;0,032;0,391
2020-02-07;3,13;-0,36;-0,77;0,03;3,209
2020-02-14;1,73;0,01;-0,86;0,03;0,333
2020-02-21;-1,06;0,71;0,07;0,03;-0,389
2020-02-28;-11,5;0,71;-2,34;0,03;-5,166
2020-03-06;0,1;-1,51;-5,07;0,033;1,411
2020-03-13;-9,7;-5,75;-3,42;0,033;3,178
2020-03-20;-14,57;1,83;-5,59;0,033;-1,815
2020-03-27;10,31;-1,25;1,02;0,033;0,466
2020-04-03;-2,48;-2,05;-5,2;0,001;-0,05
2020-04-09;12,34;2,65;7,7;0,001;1,173
2020-04-17;3,25;-1,79;-8,51;0,001;-1,53
2020-04-24;-0,86;2,4;-1,97;0,001;-0,79
2020-05-01;0,01;2,37;4,74;0,002;-1,759
2020-05-08;4,24;2,18;-3,42;0,002;-0,658
2020-05-15;-2,2;-1,14;-7,21;0,002;-0,385
2020-05-22;3,59;3,28;3,91;0,002;-0,117
2020-05-29;2,98;-1,16;3,6;0,002;0,505
2020-06-05;4,97;0,44;9,81;0,003;-0,093
2020-06-12;-4,73;-1,24;-5,23;0,003;0,526
2020-06-19;2,29;1,33;-3,15;0,003;1,378
2020-06-26;-2,83;0,86;-4,16;0,003;0,913
2020-07-02;4,04;0,69;-1,67;0,003;-0,463
2020-07-10;2,1;-1,87;-1,34;0,003;-1,001
2020-07-17;1,2;1,82;2,41;0,003;1,046
2020-07-24;-0,31;-0,26;2,86;0,003;0,281
2020-07-31;1,73;-0,59;-2,62;0,003;-0,794
2020-08-07;2,7;3,37;1,61;0,002;0,103
2020-08-14;0,74;0,19;1,77;0,002;0,055
2020-08-21;0,86;-1,62;-5,2;0,002;-0,474
2020-08-28;3,19;-1,44;0,9;0,002;-0,526
2020-09-04;-2,47;-0,88;2,29;0,002;-0,532
2020-09-11;-2,58;-0,1;-1,39;0,002;1,26
2020-09-18;0,01;2,75;-0,92;0,002;2,285
2020-09-25;-0,62;-2,92;-4,24;0,002;-1,977
2020-10-02;1,85;2,98;1,75;0,002;-0,963
2020-10-09;4,25;2,55;-0,21;0,002;0,492
2020-10-16;0,31;0,09;-0,52;0,002;0,114
2020-10-23;-0,51;0,7;3,07;0,002;0,507
2020-10-30;-5,74;-0,96;0,07;0,002;-1,727
2020-11-06;7,69;0,14;-4,96;0,002;1,873
2020-11-13;1,95;2,25;7,27;0,002;3,175
2020-11-20;0,17;2,56;0,51;0,002;-0,415
2020-11-27;2,86;1,28;1,29;0,002;0,871
2020-12-04;1,76;0,46;0,32;0,002;-2,485
2020-12-11;-0,48;1,91;-1,6;0,002;-1,809
2020-12-18;1,84;2,03;-3,54;0,002;-0,82
2020-12-24;0,15;1,35;0,1;0,002;1,015
2020-12-31;0,72;-2,18;1,1;0,002;0,173
2021-01-08;2,52;3,59;2,28;0,001;0
2021-01-15;-1,03;2,33;2,15;0,001;-0,045
2021-01-22;2,08;1,83;-3,01;0,001;-1,41
2021-01-29;-3,48;0,06;0,78;0,001;-1,515
2021-02-05;5,27;2,06;-2,01;0,001;4,243
2021-02-12;1,63;1,92;1,01;0,001;1,823
2021-02-19;-0,82;-1,34;3,1;0,001;0,97
2021-02-26;-3,15;-0,7;4,91;0,001;0,505
2021-03-05;0,07;-1,47;7,61;0,001;-0,807
2021-03-12;3,36;4,68;1,59;0,001;-0,405
2021-03-19;-1,04;-1,38;-0,37;0,001;2,22
2021-03-26;0,57;-4,11;0,17;0,001;1,522
2021-04-01;1,39;0,48;-1,59;0;0,278
2021-04-09;2,45;-2,6;-1,29;0;-0,629
2021-04-16;1,32;-0,97;-0,02;0;0,67
2021-04-23;-0,1;0,72;-0,78;0;-0,58
2021-04-30;-0,11;-0,7;1,36;0;1,385
2021-05-07;0,53;-1,25;6,35;0;-0,274
2021-05-14;-1,55;-0,83;2,46;0;0,671
2021-05-21;-0,17;0,63;-1,08;0;-1,613
2021-05-28;1,49;1,27;-0,75;0;0,844
2021-06-04;0,51;0,1;1,62;0;-0,033
2021-06-11;0,82;2,11;-3,96;0;-0,471
2021-06-18;-1,81;-0,86;-4,97;0;0,697
2021-06-25;2,97;1,19;0,99;0;1,273
2021-07-02;1,28;-2,38;-1,63;0,001;1,526
2021-07-09;0,2;-0,82;-1,15;0,001;0,353
2021-07-16;-1,73;-3;0,04;0,001;0,373
2021-07-23;2,29;0,33;-2,35;0,001;-0,611
2021-07-30;-0,45;0,56;2,06;0,001;0,73
2021-08-06;1,05;-0,03;0,71;0,001;-0,314
2021-08-13;0,51;-1,83;2,34;0,001;1,171
2021-08-20;-1,04;-1,03;-1,47;0,001;1,414
2021-08-27;2,18;2,55;-0,21;0,001;-0,228
2021-09-03;0,67;0,41;-2,65;0,001;1,952
2021-09-10;-1,72;-0,81;0,08;0,001;0,587
2021-09-17;-0,41;0,45;0,43;0,001;2,954
2021-09-24;0,52;-0,1;1,67;0,001;-1,16
2021-10-01;-2,18;1,16;4,67;0,001;-1,867
2021-10-08;0,67;-1,56;2,78;0,001;-0,311
2021-10-15;1,93;-0,43;-1,77;0,001;0,521
2021-10-22;1,58;-0,81;1,02;0,001;1,332
2021-10-29;1,21;0,12;-2,99;0,001;2,87
2021-11-05;2,34;3,96;-0,39;0,001;1,186
2021-11-12;-0,26;-0,55;0,83;0,001;0,363
2021-11-19;-0,14;-1,77;-1,6;0,001;-0,175
2021-11-26;-2,56;-2,26;2,63;0,001;-0,318
2021-12-03;-2,18;-1,68;1,45;0,002;2,554
2021-12-10;3,52;-0,65;0,08;0,002;-0,439
2021-12-17;-2,04;-0,48;-0,49;0,002;2,039
2021-12-23;2,46;1,32;-1,14;0,002;-0,027
2021-12-31;0,54;-0,64;1,42;0,002;2,376
2022-01-07;-2,33;-3,19;10,85;0;-0,465
2022-01-14;-0,43;-0,72;2,87;0;-0,475
2022-01-21;-6,19;-1,9;0,99;0;-1,359
2022-01-28;0,41;-1,78;1,41;0;-0,242
2022-02-04;2,05;-0,49;0,2;0,001;2,365
2022-02-11;-1,27;1,91;1,43;0,001;1,606
2022-02-18;-1,69;1,06;0,4;0,001;-0,565
2022-02-25;0,91;0,4;-1,3;0,001;-0,439
2022-03-04;-1,71;-0,39;2,14;0,001;1,222
2022-03-11;-2,86;1,51;2,18;0,001;0,06
2022-03-18;6,59;-0,09;-5,52;0,001;1,765
2022-03-25;1,55;-2,45;2,19;0,001;0,068
2022-04-01;0,15;1,03;-4,17;0,003;2,206
2022-04-08;-1,92;-3,3;2,21;0,003;-1,597
2022-04-14;-1,72;1,79;2,23;0,003;-2,523
2022-04-22;-3,23;-0,41;2,35;0,003;-3,349
2022-04-29;-3,35;-0,25;0,52;0,003;-0,23
2022-05-06;-0,57;-2,11;4,81;0,007;-0,143
2022-05-13;-2,44;0,21;-0,4;0,007;0,554
2022-05-20;-2,95;1,19;1,9;0,007;1,444
2022-05-27;6,62;-0,76;1,48;0,007;1,639
2022-06-03;-1,04;1,36;-0,27;0,015;0,006
2022-06-10;-5,1;0,52;0,81;0,015;1,544
2022-06-17;-5,87;-0,26;-3,09;0,015;1,413
2022-06-24;6,56;-0,01;-5,65;0,015;-0,916
2022-07-01;-2,39;-1,02;3,14;0,02;0,416
2022-07-08;2,36;2,1;-5,28;0,02;-0,227
2022-07-15;-1,14;-0,42;1,2;0,02;0,014
2022-07-22;2,76;1,43;-1,07;0,02;0,395
2022-07-29;4,17;-0,61;1,18;0,02;0,17
2022-08-05;0,87;3,57;-5,34;0,047;0,234
2022-08-12;3,38;0,55;1,5;0,047;1,685
2022-08-19;-1,6;-2,24;2,49;0,047;0,244
2022-08-26;-3,8;0,09;1,76;0,047;-0,166
2022-09-02;-3,53;-1,68;0,59;0,048;-0,604
2022-09-09;3,89;0,61;-2,8;0,048;0,302
2022-09-16;-4,78;-0,4;2,34;0,048;-0,047
2022-09-23;-5,02;-1,46;0,29;0,048;-0,055
2022-09-30;-2,54;1,66;-0,81;0,048;1,19
2022-10-07;1,75;0,08;2,54;0,058;0,243
2022-10-14;-1,88;-0,39;3,83;0,058;1,098
2022-10-21;4,57;-1,3;-0,45;0,058;0,867
2022-10-28;3,97;1,31;0,7;0,058;2,022
2022-11-04;-3,56;-0,84;4,55;0,074;-0,273
2022-11-11;5,85;0,08;-3,31;0,074;-0,074
2022-11-18;-1;-1,45;0,76;0,074;0,822
2022-11-25;1,41;-0,66;0,9;0,074;-0,629
2022-12-02;1,22;1,13;-2,44;0,083;-0,659
2022-12-09;-3,78;-1,27;-0,6;0,083;0,33
2022-12-16;-2,12;0,1;0,25;0,083;0,096
2022-12-23;-0,4;-0,88;2,9;0,083;-0,23
2022-12-30;-0,13;0,33;0,08;0,083;-0,644
2023-01-06;1,36;0,25;1,18;0,087;-0,274
2023-01-13;3,05;3,39;-3,3;0,087;0,251
2023-01-20;-0,69;0,08;-1,11;0,087;0,085
2023-01-27;2,59;-0,05;-1,29;0,087;0,314
2023-02-03;1,82;3,59;-2,19;0,086;-0,169
2023-02-10;-1,52;-3,21;2,68;0,086;-0,839
2023-02-17;0,1;1,98;-1,48;0,086;-0,34
2023-02-24;-2,83;-0,98;1,47;0,086;-0,751
2023-03-03;1,91;0,6;-1,25;0,091;-1,864
2023-03-10;-5,13;-2,68;-1,09;0,091;1,302
2023-03-17;1,1;-1,26;-7,42;0,091;0,54
2023-03-24;1,22;-1,02;0,11;0,091;0,205
2023-03-31;3,56;-0,12;-0,14;0,091;0,224
2023-04-06;-0,52;-2,67;0,96;0,087;-0,54
2023-04-14;0,91;0,1;0,23;0,087;1,35
2023-04-21;-0,2;0,97;-1,31;0,087;-0,078
2023-04-28;0,42;-1,71;0,09;0,087;0,078
2023-05-05;-0,78;0,9;-3,64;0,09;0
2023-05-12;-0,36;-0,44;-1,28;0,09;0,706
2023-05-19;1,78;0,83;0,03;0,09;0,401
2023-05-26;0,3;0,5;-1,09;0,09;0,915
2023-06-02;2;1,46;-0,07;0,101;0,868
2023-06-09;0,46;1,16;1,25;0,101;0,088
2023-06-16;2,42;-1,32;-1,92;0,101;-0,485
2023-06-23;-1,58;-0,85;-1,25;0,101;0,185
2023-06-30;2,36;0,58;0,35;0,101;3,236
2023-07-07;-1,23;-0,42;1,34;0,112;0,271
2023-07-14;2,53;1,39;-0,74;0,112;0,833
2023-07-21;0,64;-0,02;2,45;0,112;0,262
2023-07-28;0,97;-0,03;0,96;0,112;0,772
2023-08-04;-2,27;0,71;1,65;0,113;-0,637
2023-08-11;-0,61;-1,36;0,45;0,113;0,595
2023-08-18;-2,31;-0,72;-1,64;0,113;-0,512
2023-08-25;0,59;-0,82;-1,68;0,113;-0,909
2023-09-01;2,73;0,7;0,67;0,107;0,972
2023-09-08;-1,55;-2,57;-0,6;0,107;0,375
2023-09-15;-0,28;-0,92;1,37;0,107;0,352
2023-09-22;-3,17;-0,8;-0,04;0,107;0,536
2023-09-29;-0,58;1,1;0,3;0,107;0,923
2023-10-06;0,16;-1,51;-2,03;0,117;0,017
2023-10-13;0,09;-2,75;1,43;0,117;0,271
2023-10-20;-2,5;0,37;0,05;0,117;0,345
2023-10-27;-2,77;0,18;0,58;0,117;0,791
2023-11-03;5,89;1,16;2,55;0,11;0,149
2023-11-10;0,9;-3,52;-2,22;0,11;1,461
2023-11-17;2,46;2,67;1,73;0,11;1,423
2023-11-24;0,91;0;-0,76;0,11;-0,395
2023-12-01;1,01;1,63;1,75;0,107;1,515
2023-12-08;0,21;0,95;0,98;0,107;1,093
2023-12-15;2,72;1,62;1,83;0,107;1,679
2023-12-22;0,86;1,97;0,52;0,107;3,655
2023-12-29;0,17;-0,68;0,22;0,107;1,019
;;;;;
;;;;;
;;;;;
;;;;;
;;;;;
;;;;;
;;;;;
;;;;;