Date;Mkt-RF;SMB;HML;RF;rendimientos apple;% Fundflows
03/01/2018;0,59;-0,39;-0,18;0,60%;-1,04%;-1048,214
04/01/2018;0,42;-0,26;0,24;0,60%;-0,86%;-1677,034
05/01/2018;0,66;-0,35;-0,26;0,60%;0,67%;-624,76
08/01/2018;0,19;-0,15;0,05;0,60%;6,07%;-1559,184
09/01/2018;0,15;-0,35;-0,04;0,60%;-0,81%;2438,595
10/01/2018;-0,07;0,07;0,57;0,60%;0,31%;-1152,643
11/01/2018;0,87;1,15;0,31;0,60%;0,94%;3618,606
12/01/2018;0,66;-0,31;0,16;0,60%;-0,53%;2898,89
16/01/2018;-0,49;-1,02;0,01;0,60%;1,15%;-1598,182
17/01/2018;0,95;-0,03;-0,1;0,60%;2,05%;-235,425
18/01/2018;-0,18;-0,5;-0,25;0,60%;-0,74%;6709,774
19/01/2018;0,57;0,94;-0,04;0,60%;1,56%;-1116,589
22/01/2018;0,77;-0,34;-0,16;0,60%;0,47%;3168,24
23/01/2018;0,22;0,14;-0,36;0,60%;0,34%;2458,949
24/01/2018;-0,13;-0,84;0,44;0,60%;-1,98%;2450,212
25/01/2018;0,07;0,14;-0,54;0,60%;-2,41%;-750,224
26/01/2018;1,11;-0,61;-0,51;0,60%;1,54%;382,419
29/01/2018;-0,62;-0,02;-0,25;0,60%;1,91%;-3066,908
30/01/2018;-1,06;0,14;-0,21;0,60%;-1,08%;4299,243
31/01/2018;-0,07;-0,74;0,11;0,60%;2,44%;4140,071
01/02/2018;0,03;0,08;0,54;0,60%;-1,45%;84,534
02/02/2018;-2,13;0,04;-0,29;0,60%;-1,56%;-2225,065
05/02/2018;-4,03;0,78;-0,58;0,60%;-3,15%;-1847,234
06/02/2018;1,67;-0,52;-0,18;0,60%;0,23%;-5328,248
07/02/2018;-0,38;0,53;0,21;0,60%;3,27%;-7991,108
08/02/2018;-3,68;0,81;0,52;0,60%;-9,00%;-66,932
09/02/2018;1,36;-0,58;0,15;0,60%;-1,58%;-7886,689
12/02/2018;1,36;-0,46;-0,29;0,60%;1,73%;-2367,989
13/02/2018;0,31;0,08;-0,24;0,60%;2,49%;7242,567
14/02/2018;1,52;0,26;0,49;0,60%;-0,42%;-997,505
15/02/2018;1,21;-0,14;-0,63;0,60%;3,57%;-808,903
16/02/2018;0,03;0,36;0,16;0,60%;0,45%;518,592
20/02/2018;-0,62;-0,36;-0,24;0,60%;-0,22%;-3235,845
21/02/2018;-0,43;0,79;0,23;0,60%;-0,45%;-665,163
22/02/2018;0,01;0,05;-0,41;0,60%;3,80%;2119,605
23/02/2018;1,54;-0,38;-0,15;0,60%;1,68%;-108,119
26/02/2018;1,12;-0,51;-0,07;0,60%;1,52%;-2979,72
27/02/2018;-1,25;-0,19;0,03;0,60%;-1,82%;5029,629
28/02/2018;-1,11;-0,42;-0,31;0,60%;-2,29%;2112,882
01/03/2018;-1,19;1,01;-0,02;0,50%;-3,61%;27,139
02/03/2018;0,7;1,17;-0,49;0,50%;1,26%;-3173,799
05/03/2018;1,06;-0,39;0,23;0,50%;-0,54%;-2705,54
06/03/2018;0,36;0,69;0,12;0,50%;-1,54%;-2082,091
07/03/2018;0,05;0,78;-0,44;0,50%;1,23%;-2510,671
08/03/2018;0,37;-0,48;-0,36;0,50%;-0,95%;-2277,761
09/03/2018;1,7;-0,25;0,28;0,50%;-0,59%;3110,714
12/03/2018;-0,09;0,47;-0,08;0,50%;5,44%;2857,92
13/03/2018;-0,67;0,08;0,03;0,50%;-1,05%;2659,366
14/03/2018;-0,53;0,23;-0,57;0,50%;-4,53%;1978,536
15/03/2018;-0,18;-0,39;0,32;0,50%;-0,32%;165,129
16/03/2018;0,25;0,47;0,18;0,50%;-1,35%;-5500,352
19/03/2018;-1,38;0,35;0,41;0,50%;-2,46%;1769,841
20/03/2018;0,15;-0,08;-0,36;0,50%;-0,96%;-1176,676
21/03/2018;-0,06;0,75;0,45;0,50%;1,91%;1408,708
22/03/2018;-2,54;0,51;-0,49;0,50%;-2,35%;1108,777
23/03/2018;-2,09;0,21;-0,23;0,50%;-2,51%;-3242,773
26/03/2018;2,67;-0,68;0,03;0,50%;0,89%;-7924,137
27/03/2018;-1,87;-0,21;0,37;0,50%;-8,59%;1776,344
28/03/2018;-0,35;0,14;0,65;0,50%;-7,94%;2970,211
29/03/2018;1,41;-0,32;-0,22;0,50%;3,15%;-1390,086
02/04/2018;-2,29;-0,15;0,36;0,70%;-5,27%;-2634,175
03/04/2018;1,24;-0,04;0,19;0,70%;5,83%;-2201,93
04/04/2018;1,17;0,33;-0,32;0,70%;6,98%;-1356,134
05/04/2018;0,75;0,03;0,46;0,70%;6,33%;-514,467
06/04/2018;-2,19;0,39;-0,06;0,70%;-2,13%;1089,27
09/04/2018;0,3;-0,15;-0,53;0,70%;-3,26%;-2091,865
10/04/2018;1,77;0,4;-0,12;0,70%;5,05%;4368,428
11/04/2018;-0,49;0,92;-0,31;0,70%;-1,24%;609,883
12/04/2018;0,84;-0,23;0,18;0,70%;-2,27%;290,084
13/04/2018;-0,37;0,03;-0,24;0,70%;2,07%;-66,48
16/04/2018;0,82;0,08;-0,02;0,70%;-3,09%;556,825
17/04/2018;1,09;0,16;-1,18;0,70%;-1,19%;-133,655
18/04/2018;0,13;0,21;0,02;0,70%;1,96%;-337,691
19/04/2018;-0,49;-0,47;1,08;0,70%;2,28%;689,463
20/04/2018;-0,81;0,06;0,58;0,70%;-3,35%;-591,503
23/04/2018;-0,05;-0,07;0,2;0,70%;-2,41%;1252,946
24/04/2018;-1,3;0,54;1,02;0,70%;0,05%;1146,376
25/04/2018;0,1;-0,33;0,08;0,70%;-1,01%;-2301,626
26/04/2018;0,96;-0,39;-0,85;0,70%;1,70%;-1330,801
27/04/2018;0,01;-0,26;0,03;0,70%;2,95%;1531,053
30/04/2018;-0,8;0,02;-0,1;0,70%;-0,05%;906,367
01/05/2018;0,24;0,22;-0,54;0,60%;2,02%;-79,322
02/05/2018;-0,63;1,28;-0,36;0,60%;0,45%;477,146
03/05/2018;-0,25;-0,52;-0,15;0,60%;-5,74%;-592,141
04/05/2018;1,3;0,02;-0,2;0,60%;3,37%;-4818,873
07/05/2018;0,42;0,41;-0,34;0,60%;2,87%;2021,701
08/05/2018;0,07;0,49;0,24;0,60%;-0,25%;-306,976
09/05/2018;0,89;-0,22;0,26;0,60%;1,63%;547,081
10/05/2018;0,85;-0,43;-0,04;0,60%;-0,64%;215,583
11/05/2018;0,19;0,13;-0,38;0,60%;-1,29%;2298,895
14/05/2018;0,05;-0,36;0,1;0,60%;-3,09%;463,445
15/05/2018;-0,55;0,67;0,41;0,60%;-2,66%;518,449
16/05/2018;0,5;0,71;-0,25;0,60%;0,79%;1612,564
17/05/2018;0,02;0,9;0,3;0,60%;-0,68%;1102,375
18/05/2018;-0,23;0,57;-0,61;0,60%;-2,78%;-1006,54
21/05/2018;0,72;-0,19;0,44;0,60%;2,78%;-922,568
22/05/2018;-0,42;-0,76;0,61;0,60%;-3,43%;683,369
23/05/2018;0,29;0,05;-0,7;0,60%;1,46%;190,748
24/05/2018;-0,16;0,37;-0,35;0,60%;-0,43%;1353,255
25/05/2018;-0,21;0,25;-0,4;0,60%;0,38%;859,456
29/05/2018;-1,04;1,33;-1,02;0,60%;1,76%;-1592,552
30/05/2018;1,31;0,05;0,37;0,60%;2,76%;-1089,864
31/05/2018;-0,7;0,07;-0,43;0,60%;-2,45%;-109,022
01/06/2018;1,06;-0,23;-0,11;0,60%;2,45%;-595,638
04/06/2018;0,48;0,17;-0,45;0,60%;1,68%;-766,359
05/06/2018;0,17;0,82;-0,44;0,60%;-1,89%;2268,154
06/06/2018;0,86;-0,33;0,2;0,60%;9,29%;-1802,149
07/06/2018;-0,14;-0,3;0,93;0,60%;-1,09%;-1096,103
08/06/2018;0,31;0,08;-0,4;0,60%;0,52%;332,815
11/06/2018;0,12;0,18;-0,17;0,60%;4,43%;-1043,317
12/06/2018;0,23;0,23;-0,63;0,60%;3,16%;626,66
13/06/2018;-0,33;0,08;-0,2;0,60%;0,61%;697,522
14/06/2018;0,27;0,32;-1;0,60%;3,67%;-13,895
15/06/2018;-0,08;0,05;-0,25;0,60%;0,13%;-2006,404
18/06/2018;-0,09;0,72;0,08;0,60%;3,46%;1926,31
19/06/2018;-0,38;0,57;-0,14;0,60%;-5,06%;1922,242
20/06/2018;0,23;0,73;-0,51;0,60%;2,73%;371,901
21/06/2018;-0,73;-0,63;0,33;0,60%;-4,14%;551,902
22/06/2018;0,11;0;0,46;0,60%;-4,10%;-1494,547
25/06/2018;-1,48;-0,54;0,57;0,60%;-0,18%;-82,423
26/06/2018;0,27;0,63;-0,24;0,60%;2,67%;-270,978
27/06/2018;-1,02;-1;0,36;0,60%;0,74%;-2919,4
28/06/2018;0,58;-0,18;-0,51;0,60%;1,56%;-242,314
29/06/2018;0,07;-0,2;-0,24;0,60%;-2,04%;108,373
02/07/2018;0,36;0,44;-0,25;0,80%;-2,30%;-1762,502
03/07/2018;-0,44;0,81;-0,02;0,80%;-7,53%;244,794
05/07/2018;0,87;0,44;-0,43;0,80%;-0,53%;811,934
06/07/2018;0,88;0,05;-0,3;0,80%;-0,10%;-1215,02
09/07/2018;0,93;-0,41;0,85;0,80%;3,06%;-220,294
10/07/2018;0,21;-0,78;-0,17;0,80%;1,26%;1250,423
11/07/2018;-0,69;-0,02;-0,45;0,80%;-1,12%;-1185,067
12/07/2018;0,86;-0,35;-1,14;0,80%;-0,71%;2297,975
13/07/2018;0,08;-0,12;-0,3;0,80%;0,71%;-1284,812
16/07/2018;-0,16;-0,78;0,98;0,80%;-2,81%;-1384,052
17/07/2018;0,48;0,26;-0,76;0,80%;3,98%;782,13
18/07/2018;0,27;-0,27;0,67;0,80%;0,37%;-42,066
19/07/2018;-0,34;0,96;-0,36;0,80%;-1,12%;-674,513
20/07/2018;-0,1;-0,19;0,12;0,80%;-2,08%;825,904
23/07/2018;0,15;-0,3;0,55;0,80%;-3,41%;-1314,644
24/07/2018;0,22;-1,36;0,39;0,80%;-1,90%;980,785
25/07/2018;0,83;-0,43;-1,06;0,80%;3,71%;2097,722
26/07/2018;-0,2;0,64;0,57;0,80%;-0,68%;994,461
27/07/2018;-0,82;-1,38;1,06;0,80%;-3,13%;-793,163
30/07/2018;-0,7;-0,21;1,57;0,80%;-2,40%;1153,809
31/07/2018;0,51;0,85;-1,11;0,80%;2,75%;1245,217
01/08/2018;-0,13;0,04;-0,19;0,70%;0,90%;1968,377
02/08/2018;0,67;0,31;-0,67;0,70%;14,97%;-2991,607
03/08/2018;0,31;-1,07;0,52;0,70%;-0,39%;-3571,225
06/08/2018;0,46;0,25;-0,34;0,70%;-1,78%;-312,019
07/08/2018;0,29;0,03;-0,17;0,70%;10,40%;-298,915
08/08/2018;-0,04;-0,12;0,27;0,70%;-2,44%;827,904
09/08/2018;-0,05;0,37;-0,35;0,70%;-4,94%;4110,008
10/08/2018;-0,6;0,39;-0,21;0,70%;0,85%;627,175
13/08/2018;-0,46;-0,15;-0,29;0,70%;0,25%;-1231,661
14/08/2018;0,69;0,31;0,21;0,70%;-2,47%;-1043,446
15/08/2018;-0,91;-0,54;-0,13;0,70%;-2,62%;-1334,018
16/08/2018;0,86;-0,06;0,25;0,70%;-0,98%;-84,52
17/08/2018;0,3;0,09;0,01;0,70%;-9,32%;1647,44
20/08/2018;0,25;0,12;0,14;0,70%;0,93%;-1453,518
21/08/2018;0,33;0,91;0,12;0,70%;4,28%;657,118
22/08/2018;0,05;0,36;-0,35;0,70%;-0,09%;400,823
23/08/2018;-0,19;-0,06;-0,32;0,70%;-0,47%;-1388,052
24/08/2018;0,62;-0,02;-0,58;0,70%;0,84%;-442,881
27/08/2018;0,74;-0,67;-0,16;0,70%;-1,12%;-1135,604
28/08/2018;-0,01;-0,11;-0,24;0,70%;-2,33%;2259,852
29/08/2018;0,56;-0,04;-0,58;0,70%;-2,24%;1637,391
30/08/2018;-0,41;0,29;-0,42;0,70%;-0,59%;495,506
31/08/2018;0,08;0,5;-0,38;0,70%;-0,50%;-4701,783
04/09/2018;-0,11;-0,37;0,01;0,80%;-4,32%;-841,874
05/09/2018;-0,41;-0,18;0,66;0,80%;-2,84%;-4086,839
06/09/2018;-0,44;-0,35;-0,24;0,80%;0,05%;3136,078
07/09/2018;-0,18;0,1;-0,21;0,80%;-6,51%;-576,145
10/09/2018;0,23;0,12;-0,37;0,80%;8,10%;-1077,971
11/09/2018;0,37;-0,29;-0,24;0,80%;-2,12%;1137,604
12/09/2018;0,03;-0,06;-0,23;0,80%;3,90%;-1011,82
13/09/2018;0,45;-0,44;-0,4;0,80%;-0,36%;-563,931
14/09/2018;0,12;0,26;0,25;0,80%;1,95%;-654,282
17/09/2018;-0,71;-0,46;0,83;0,80%;-0,10%;989,105
18/09/2018;0,57;0,05;-0,48;0,80%;-3,42%;3905,62
19/09/2018;0,06;-0,66;1,28;0,80%;4,78%;-974,385
20/09/2018;0,77;0,31;-0,22;0,80%;-0,20%;5402,209
21/09/2018;-0,13;-0,42;0,3;0,80%;0,25%;2524,17
24/09/2018;-0,31;0,06;-0,9;0,80%;0,20%;-2497,304
25/09/2018;-0,05;0,27;-0,38;0,80%;0,45%;-58,211
26/09/2018;-0,4;-0,38;-0,63;0,80%;2,80%;-828,482
27/09/2018;0,27;-0,26;-0,55;0,80%;-0,68%;1231,389
28/09/2018;-0,03;0,4;-0,2;0,80%;-14,97%;-43,589
01/10/2018;0,16;-1,62;0,34;0,80%;15,99%;-944,441
02/10/2018;-0,21;-0,98;0,59;0,80%;-3,14%;947,862
03/10/2018;0,2;0,84;0,51;0,80%;-2,12%;568,505
04/10/2018;-0,93;-1,06;1,57;0,80%;-4,48%;-466,803
05/10/2018;-0,64;-0,43;0,38;0,80%;-7,34%;2749,651
08/10/2018;-0,17;-0,4;1,22;0,80%;-4,45%;-1957,301
09/10/2018;-0,18;-0,29;0,28;0,80%;4,79%;1453,009
10/10/2018;-3,33;0,29;1,1;0,80%;-2,25%;934,045
11/10/2018;-1,96;0,45;-0,92;0,80%;-1,83%;2473,886
12/10/2018;1,38;-0,88;-1,74;0,80%;2,52%;-6615,698
15/10/2018;-0,48;0,92;0,51;0,80%;0,35%;-2430,053
16/10/2018;2,24;0,68;-1,43;0,80%;6,32%;-3445,218
17/10/2018;-0,08;-0,68;0,25;0,80%;-1,75%;-2257,385
18/10/2018;-1,54;-0,54;0,42;0,80%;-2,97%;3294,24
19/10/2018;-0,25;-1,33;0,71;0,80%;-1,49%;1160,691
22/10/2018;-0,38;0,48;-1,25;0,80%;0,40%;-690,651
23/10/2018;-0,62;-0,1;-0,41;0,80%;11,96%;563,916
24/10/2018;-3,33;-0,93;0,77;0,80%;-1,96%;-1039,602
25/10/2018;1,93;0,42;-0,58;0,80%;8,76%;1935,54
26/10/2018;-1,65;0,58;0,35;0,80%;4,97%;-1795,999
29/10/2018;-0,77;-0,33;1,62;0,80%;1,17%;-3861,574
30/10/2018;1,66;0,42;0,08;0,80%;-1,49%;4455,912
31/10/2018;1,22;-0,66;-0,74;0,80%;2,25%;2062,163
01/11/2018;1,29;1,35;-1,14;0,80%;2,03%;-1461,904
02/11/2018;-0,53;0,79;0,67;0,80%;0,61%;-2626,416
05/11/2018;0,4;-1,01;1,55;0,80%;-1,44%;353,448
06/11/2018;0,58;-0,16;0,03;0,80%;-0,09%;328,092
07/11/2018;2,11;-0,33;-1,06;0,80%;2,05%;1059,281
08/11/2018;-0,28;-0,25;0,26;0,80%;0,94%;2177,478
09/11/2018;-1,04;-0,86;0,41;0,80%;-0,26%;-504,733
12/11/2018;-2,06;0,01;0,85;0,80%;-5,63%;-1556,122
13/11/2018;-0,13;-0,11;0,16;0,80%;2,19%;-258,804
14/11/2018;-0,77;0,03;-0,29;0,80%;1,54%;326,438
15/11/2018;1,18;0,36;-0,41;0,80%;1,30%;1161,21
16/11/2018;0,15;0,02;-0,05;0,80%;1,67%;436,782
19/11/2018;-1,88;-0,73;2,3;0,80%;-0,25%;-1436,455
20/11/2018;-1,85;0,14;-0,53;0,80%;-1,67%;699,61
21/11/2018;0,51;0,98;-0,34;0,80%;-2,71%;2179,915
23/11/2018;-0,55;0,83;-0,59;0,80%;-3,75%;-1192,746
26/11/2018;1,62;-0,66;-0,2;0,80%;6,03%;-1514,173
27/11/2018;0,11;-1,09;0,26;0,80%;-0,61%;-655,227
28/11/2018;2,42;0,45;-1,16;0,80%;1,13%;1770,849
29/11/2018;-0,22;-0,1;-0,1;0,80%;-1,96%;4034,643
30/11/2018;0,78;-0,33;-0,43;0,80%;2,73%;2492,763
03/12/2018;1,13;-0,05;-0,8;1,10%;2,24%;-3549,293
04/12/2018;-3,45;-0,97;-0,21;1,10%;0,33%;279,218
06/12/2018;-0,16;0,14;-1,05;1,10%;0,91%;-3648,122
07/12/2018;-2,36;0,2;1,32;1,10%;-1,42%;-3090,414
10/12/2018;0,1;-0,11;-1,62;1,10%;1,99%;1582,079
11/12/2018;-0,08;-0,05;-0,4;1,10%;0,45%;132,072
12/12/2018;0,68;0,57;-0,19;1,10%;-0,04%;726,171
13/12/2018;-0,26;-1,51;-0,19;1,10%;2,74%;2070,81
14/12/2018;-1,89;-0,07;0,5;1,10%;-2,99%;-1712,367
17/12/2018;-2,13;-0,26;1,09;1,10%;-4,83%;1458,639
18/12/2018;-0,03;0,03;-0,6;1,10%;-3,33%;2130,103
19/12/2018;-1,58;-0,62;0,04;1,10%;-1,21%;-242,382
20/12/2018;-1,62;-0,29;0,98;1,10%;-5,41%;-1557,781
21/12/2018;-2,17;-0,55;0,77;1,10%;1,37%;-593,566
24/12/2018;-2,55;1;-0,48;1,10%;-7,95%;6983,752
26/12/2018;5,06;-0,06;-1,02;1,10%;9,90%;2858,621
27/12/2018;0,78;-0,66;-0,12;1,10%;-3,08%;-873,05
28/12/2018;-0,03;0,77;0,26;1,10%;5,45%;-1252,681
31/12/2018;0,9;-0,1;-0,46;1,10%;-0,32%;-2899,107
02/01/2019;0,23;0,59;1,11;1,00%;-7,10%;-3286,452
03/01/2019;-2,45;0,36;1,2;1,00%;-3,20%;-1351,299
04/01/2019;3,55;0,41;-0,7;1,00%;5,63%;-1000,86
07/01/2019;0,94;1;-0,75;1,00%;5,29%;2095,614
08/01/2019;1,01;0,53;-0,63;1,00%;0,13%;-1411,097
09/01/2019;0,56;0,46;0,1;1,00%;0,94%;487,763
10/01/2019;0,42;0,03;-0,46;1,00%;1,89%;-1985,44
11/01/2019;-0,01;0,12;0,22;1,00%;0,65%;2201,595
14/01/2019;-0,6;-0,59;0,94;1,00%;-3,79%;-1281,91
15/01/2019;1,06;0;-0,88;1,00%;2,96%;-850,221
16/01/2019;0,28;0,04;0,92;1,00%;0,48%;-898,399
17/01/2019;0,75;0,11;-0,24;1,00%;0,35%;-756,871
18/01/2019;1,29;-0,36;0,12;1,00%;-13,88%;-3392,618
22/01/2019;-1,53;-0,4;0,32;1,00%;-1,10%;1225,727
23/01/2019;0,15;-0,39;-0,13;1,00%;-3,89%;1418,602
24/01/2019;0,23;0,44;-0,01;1,00%;1,35%;724,026
25/01/2019;0,9;0,46;-0,35;1,00%;1,89%;39,548
28/01/2019;-0,8;-0,16;0,63;1,00%;-0,20%;-2419,641
29/01/2019;-0,19;-0,01;0,17;1,00%;0,35%;-2347,905
30/01/2019;1,51;-0,15;-0,94;1,00%;3,71%;2239,141
31/01/2019;0,92;0,12;-1,08;1,00%;-0,54%;-1471,509
01/02/2019;0,14;-0,14;0,43;1,00%;1,65%;485,821
04/02/2019;0,72;0,49;-0,47;1,00%;0,24%;-729,478
05/02/2019;0,43;-0,08;-0,6;1,00%;2,65%;911,227
06/02/2019;-0,22;-0,02;0,07;1,00%;-1,27%;-177,639
07/02/2019;-0,93;-0,14;0,4;1,00%;-3,12%;-327,25
08/02/2019;0,09;0,05;-0,69;1,00%;-0,54%;-202,65
11/02/2019;0,14;0,66;0,23;1,00%;2,28%;0
12/02/2019;1,36;0,02;-0,16;1,00%;-0,34%;852,582
13/02/2019;0,28;0,07;0,07;1,00%;-1,21%;932,147
14/02/2019;-0,21;0,52;-0,58;1,00%;-1,42%;261,259
15/02/2019;1,13;0,25;0,47;1,00%;1,37%;-2222,45
19/02/2019;0,19;0,29;0,3;1,00%;-0,73%;-429,927
20/02/2019;0,19;0,21;0,55;1,00%;-1,04%;1722,4
21/02/2019;-0,37;-0,07;-0,22;1,00%;-3,79%;-1294,341
22/02/2019;0,65;0,55;-1,47;1,00%;1,18%;707,362
25/02/2019;0,15;-0,26;-0,18;1,00%;1,37%;348,969
26/02/2019;-0,16;-0,64;-0,33;1,00%;-0,30%;3214,903
27/02/2019;0,09;0,2;-0,12;1,00%;5,49%;-1019,59
28/02/2019;-0,31;0,02;-0,24;1,00%;1,65%;-488,655
01/03/2019;0,72;0,29;-0,4;0,90%;-8,20%;1030,549
04/03/2019;-0,52;-0,4;0,37;0,90%;-3,26%;-224,363
05/03/2019;-0,17;-0,31;-0,23;0,90%;-3,10%;1466,72
06/03/2019;-0,84;-1,27;0,05;0,90%;-0,11%;-1799,996
07/03/2019;-0,82;-0,07;-0,33;0,90%;0,11%;-2550,859
08/03/2019;-0,22;0,04;-0,16;0,90%;2,68%;-1732,994
11/03/2019;1,49;0,36;-0,53;0,90%;2,35%;-1207,88
12/03/2019;0,25;-0,28;-0,09;0,90%;-2,61%;-97,486
13/03/2019;0,68;-0,31;0,07;0,90%;1,94%;2737,752
14/03/2019;-0,1;-0,4;0,3;0,90%;0,36%;2053,604
15/03/2019;0,48;-0,26;-0,25;0,90%;-5,15%;-2797,608
18/03/2019;0,46;0,16;0,44;0,90%;-2,15%;-1758,395
19/03/2019;-0,09;-0,39;-0,93;0,90%;-0,78%;3995,802
20/03/2019;-0,39;0,02;-1,05;0,90%;2,27%;2033,021
21/03/2019;1,11;0,3;-1,23;0,90%;0,16%;-309,699
22/03/2019;-2,17;-1,52;-0,07;0,90%;-3,51%;341,534
25/03/2019;-0,05;0,66;-0,25;0,90%;-1,60%;-1759,157
26/03/2019;0,76;0,17;0,46;0,90%;2,78%;-97,656
27/03/2019;-0,5;0,1;0,5;0,90%;2,60%;-1208,386
28/03/2019;0,4;0,34;0,02;0,90%;1,36%;1020,977
29/03/2019;0,66;-0,22;-0,92;0,90%;0,48%;407,111
01/04/2019;1,19;-0,3;0,99;1,00%;3,27%;2501,59
02/04/2019;-0,05;-0,13;-0,44;1,00%;-1,15%;-1358,191
03/04/2019;0,27;0,22;-0,4;1,00%;2,03%;214,463
04/04/2019;0,19;0,21;0,93;1,00%;-8,58%;1533,121
05/04/2019;0,52;0,53;-0,08;1,00%;2,65%;703,707
08/04/2019;0,08;-0,29;0,1;1,00%;-0,66%;-692,538
09/04/2019;-0,65;-0,56;-0,14;1,00%;-0,33%;-115,546
10/04/2019;0,48;0,97;-0,1;1,00%;1,37%;2139,645
11/04/2019;0;-0,31;0,41;1,00%;-2,81%;1354,64
12/04/2019;0,65;-0,5;0,65;1,00%;-0,22%;1916,762
15/04/2019;-0,09;-0,22;-0,53;1,00%;-0,51%;377,217
16/04/2019;0,13;0,12;0,7;1,00%;2,56%;-768,477
17/04/2019;-0,32;-0,7;0,83;1,00%;-0,77%;2234,062
18/04/2019;0,11;-0,25;-0,51;1,00%;0,77%;-1621,251
22/04/2019;0,11;-0,46;-0,56;1,00%;-3,92%;-1928,295
23/04/2019;0,97;0,72;-0,48;1,00%;0,40%;-43,54
24/04/2019;-0,23;0,27;-0,07;1,00%;-2,01%;-849,253
25/04/2019;-0,14;-0,75;-0,19;1,00%;-4,33%;-891,226
26/04/2019;0,53;0,43;0,07;1,00%;-5,16%;-993,133
29/04/2019;0,18;0,08;0,65;1,00%;2,64%;-102,715
30/04/2019;-0,04;-0,7;0,28;1,00%;-1,19%;-58,759
01/05/2019;-0,83;-0,1;-0,02;0,90%;-1,97%;3999,516
02/05/2019;-0,16;0,45;-0,27;0,90%;4,21%;-160,535
03/05/2019;1,13;0,94;-0,27;0,90%;4,39%;-3990,446
06/05/2019;-0,39;0,6;-0,42;0,90%;0,12%;-485,269
07/05/2019;-1,69;-0,28;0,5;0,90%;-3,29%;-131,766
08/05/2019;-0,22;-0,15;-0,32;0,90%;-0,92%;-2606,311
09/05/2019;-0,28;0,08;0,12;0,90%;-1,17%;-2170,899
10/05/2019;0,35;-0,37;0,08;0,90%;-1,00%;-1706,27
13/05/2019;-2,67;-0,73;0,28;0,90%;-5,40%;-921,369
14/05/2019;0,93;0,4;-0,02;0,90%;2,35%;505,814
15/05/2019;0,58;0,05;-0,96;0,90%;-0,19%;-1699,719
16/05/2019;0,91;-0,4;-0,32;0,90%;-1,57%;-1011,73
17/05/2019;-0,73;-0,8;0,29;0,90%;-7,86%;100,661
20/05/2019;-0,65;-0,23;0,72;0,90%;-2,74%;1973,11
21/05/2019;0,9;0,43;-0,35;0,90%;-0,15%;1590,619
22/05/2019;-0,4;-0,52;-0,6;0,90%;-6,19%;-544,256
23/05/2019;-1,37;-0,69;-0,28;0,90%;1,39%;999,762
24/05/2019;0,23;0,5;0,31;0,90%;-2,49%;-1679,581
28/05/2019;-0,78;0,29;-0,63;0,90%;-1,03%;-325,108
29/05/2019;-0,71;-0,29;0,41;0,90%;0,63%;-560,689
30/05/2019;0,14;-0,28;-0,76;0,90%;-0,87%;-2477,955
31/05/2019;-1,37;-0,22;-0,1;0,90%;-1,69%;-1130,113
03/06/2019;-0,4;0,35;1,66;0,90%;-3,38%;-151,483
04/06/2019;2,33;0,42;-0,03;0,90%;7,90%;-411,999
05/06/2019;0,7;-0,98;-0,97;0,90%;1,54%;350,676
06/06/2019;0,55;-1,04;0,01;0,90%;4,62%;664,702
07/06/2019;1,04;0,05;-1,2;0,90%;-0,73%;2732,7
10/06/2019;0,53;-0,04;0,08;0,90%;4,03%;1193,772
11/06/2019;-0,12;-0,25;0,55;0,90%;1,95%;1170,413
12/06/2019;-0,2;0,41;-0,99;0,90%;-3,66%;-2181,221
13/06/2019;0,52;0,67;-0,04;0,90%;2,20%;879,377
14/06/2019;-0,27;-0,79;0,32;0,90%;0,49%;159,271
17/06/2019;0,15;0,63;-1,12;0,90%;4,57%;1778,311
18/06/2019;1,04;0,16;0,33;0,90%;-0,13%;-622,264
19/06/2019;0,32;0,11;-0,6;0,90%;0,80%;482,183
20/06/2019;0,89;-0,36;-0,23;0,90%;-3,09%;-1846,524
21/06/2019;-0,21;-0,47;-0,03;0,90%;1,02%;-4083,283
24/06/2019;-0,34;-0,9;0,08;0,90%;0,81%;264,692
25/06/2019;-0,98;0,34;0,71;0,90%;-1,76%;2833,172
26/06/2019;-0,06;-0,05;0,25;0,90%;-0,21%;2268,28
27/06/2019;0,6;1,42;-0,09;0,90%;1,63%;-1510,331
28/06/2019;0,68;0,64;0,61;0,90%;0,27%;-947,706
01/07/2019;0,75;-0,54;-0,13;0,90%;1,60%;586,582
02/07/2019;0,14;-0,79;-0,81;0,90%;-1,13%;-88,664
03/07/2019;0,78;-0,04;-0,33;0,90%;4,51%;370,525
05/07/2019;-0,1;0,16;0,91;0,90%;-0,77%;373,456
08/07/2019;-0,58;-0,45;0,05;0,90%;-1,17%;1759,699
09/07/2019;0,18;-0,15;-0,43;0,90%;-0,13%;1706,685
10/07/2019;0,4;-0,15;-0,36;0,90%;3,77%;-163,5
11/07/2019;0,19;-0,79;0,04;0,90%;-0,13%;29,862
12/07/2019;0,53;0,18;0,41;0,90%;2,67%;1107,405
15/07/2019;-0,04;-0,35;-1,07;0,90%;3,37%;1548,652
16/07/2019;-0,32;0,35;0,1;0,90%;-0,42%;857,166
17/07/2019;-0,64;-0,15;-0,65;0,90%;0,95%;734,379
18/07/2019;0,35;-0,29;0,02;0,90%;-0,53%;-297,796
19/07/2019;-0,56;0,15;0,86;0,90%;1,82%;-956,455
22/07/2019;0,25;-0,45;-0,49;0,90%;-0,93%;-1856,618
23/07/2019;0,65;-0,23;0,81;0,90%;1,69%;-1578,898
24/07/2019;0,66;0,75;0,86;0,90%;1,83%;-749,872
25/07/2019;-0,63;-0,66;-0,12;0,90%;-14,67%;241,093
26/07/2019;0,82;0,39;-0,19;0,90%;-0,33%;-164,881
29/07/2019;-0,32;-0,34;-0,46;0,90%;3,36%;1434,485
30/07/2019;-0,17;1,37;0,89;0,90%;2,70%;527,641
31/07/2019;-1,09;0,12;0,61;0,90%;-0,25%;255,648
01/08/2019;-1,04;-0,42;-1,9;0,70%;-3,28%;-1011,489
02/08/2019;-0,87;-0,32;0,06;0,70%;0,19%;-515,989
05/08/2019;-3,07;-0,01;0;0,70%;-2,59%;-3132,213
06/08/2019;1,29;-0,42;-0,59;0,70%;1,05%;-5283,116
07/08/2019;0,07;0,08;-0,9;0,70%;1,16%;-3438,645
08/08/2019;1,97;0,04;-0,23;0,70%;2,10%;1655,886
09/08/2019;-0,78;-0,42;-0,22;0,70%;-1,39%;895,02
12/08/2019;-1,32;0,28;-0,27;0,70%;-2,59%;1020,446
13/08/2019;1,47;-0,17;-0,53;0,70%;2,59%;-691,502
14/08/2019;-2,95;0,22;-0,51;0,70%;-6,80%;3172,335
15/08/2019;0,16;-0,61;-0,53;0,70%;-1,79%;-2399,104
16/08/2019;1,55;0,52;0,61;0,70%;1,93%;-2334,287
19/08/2019;1,14;0,01;0,22;0,70%;3,09%;592,06
20/08/2019;-0,75;0,3;-0,5;0,70%;-0,40%;1008,475
21/08/2019;0,85;0,05;-0,3;0,70%;-2,28%;-72,506
22/08/2019;-0,1;-0,53;0,49;0,70%;0,61%;-570,222
23/08/2019;-2,66;-0,55;-0,18;0,70%;-4,98%;160,755
26/08/2019;1,08;-0,02;-0,17;0,70%;1,69%;-540,97
27/08/2019;-0,46;-0,88;-0,67;0,70%;-0,42%;115,149
28/08/2019;0,68;0,47;0,62;0,70%;0,70%;516,517
29/08/2019;1,35;0,31;0,34;0,70%;2,81%;-129,976
30/08/2019;0,03;-0,38;0,23;0,70%;1,74%;453,432
03/09/2019;-0,86;-0,95;0,1;0,90%;-0,27%;-190,295
04/09/2019;1,08;-0,22;0,43;0,90%;-1,95%;-1468,379
05/09/2019;1,42;0,4;0,71;0,90%;4,00%;661,35
06/09/2019;-0,02;-0,39;0,04;0,90%;-0,99%;1355,039
09/09/2019;0,07;0,75;3,06;0,90%;1,90%;953,889
10/09/2019;0,17;1,06;1,13;0,90%;1,61%;3562,122
11/09/2019;0,88;1,33;-0,04;0,90%;4,79%;1148,059
12/09/2019;0,22;-0,3;-0,13;0,90%;-0,49%;285,341
13/09/2019;-0,01;0,01;0,74;0,90%;-0,24%;135,569
16/09/2019;-0,23;0,9;0,53;0,90%;-0,98%;5525,725
17/09/2019;0,17;-0,59;-1,19;0,90%;0,80%;-6154,035
18/09/2019;-0,05;-0,76;0,06;0,90%;-0,55%;-30,097
19/09/2019;-0,05;-0,43;-0,46;0,90%;1,29%;1866,652
20/09/2019;-0,48;0,29;0,15;0,90%;-2,46%;-4335,78
23/09/2019;-0,02;-0,17;0,51;0,90%;0,25%;-14,913
24/09/2019;-1,01;-0,73;0;0,90%;-7,76%;2430,561
25/09/2019;0,69;0,36;0,53;0,90%;2,46%;2617,301
26/09/2019;-0,41;-0,96;0,11;0,90%;5,86%;1413,421
27/09/2019;-0,62;-0,34;0,88;0,90%;-0,19%;-282,013
30/09/2019;0,5;-0,17;-0,48;0,90%;-0,50%;-1771,915
01/10/2019;-1,31;-0,46;-0,59;0,70%;1,55%;727,217
02/10/2019;-1,73;0,9;-0,36;0,70%;-0,62%;58,639
03/10/2019;0,8;-0,22;-0,89;0,70%;-4,22%;-3181,788
04/10/2019;1,39;-0,47;-0,07;0,70%;-0,71%;-2641,832
07/10/2019;-0,41;0,16;-0,02;0,70%;2,69%;1604,68
08/10/2019;-1,61;-0,13;-0,12;0,70%;0,94%;952,637
09/10/2019;0,92;-0,55;-0,09;0,70%;1,86%;-1529,399
10/10/2019;0,59;-0,4;0,26;0,70%;0,12%;524,31
11/10/2019;1,23;0,47;0,19;0,70%;1,28%;586,314
14/10/2019;-0,18;-0,34;-0,04;0,70%;3,57%;2045,076
15/10/2019;1,03;0,25;-0,25;0,70%;0,35%;-562,355
16/10/2019;-0,24;0,4;0,23;0,70%;0,75%;553,005
17/10/2019;0,37;0,8;-0,28;0,70%;0,81%;-581,77
18/10/2019;-0,49;-0,36;0,86;0,70%;-1,91%;-284,229
21/10/2019;0,71;0,16;0,35;0,70%;-1,35%;-2279,865
22/10/2019;-0,34;0,22;0,85;0,70%;0,83%;930,238
23/10/2019;0,25;-0,09;0,26;0,70%;-0,35%;2167,86
24/10/2019;0,25;-0,26;-0,89;0,70%;16,27%;-644,732
25/10/2019;0,51;0,27;0,08;0,70%;9,08%;510,767
28/10/2019;0,62;0,27;-0,24;0,70%;-0,14%;-1191,627
29/10/2019;-0,13;0,3;0,51;0,70%;-3,59%;530,88
30/10/2019;0,27;-0,37;-1,16;0,70%;-0,38%;-1682,259
31/10/2019;-0,38;-0,26;-0,44;0,70%;-0,05%;-547,414
01/11/2019;1,08;0,48;0,83;0,60%;-0,48%;-712,566
04/11/2019;0,4;0,01;1,35;0,60%;1,28%;2097,271
05/11/2019;-0,03;0,24;0,45;0,60%;-0,05%;-322,673
06/11/2019;-0,05;-0,72;0,23;0,60%;2,89%;675,28
07/11/2019;0,38;-0,14;0,51;0,60%;2,72%;-568,287
08/11/2019;0,31;0,06;-0,36;0,60%;0,49%;-1171,025
11/11/2019;-0,19;0;-0,19;0,60%;2,33%;648,913
12/11/2019;0,16;-0,12;-0,15;0,60%;1,38%;-971,458
13/11/2019;0,01;-0,22;-0,82;0,60%;-1,12%;-556,015
14/11/2019;0,07;-0,11;-0,25;0,60%;0,95%;139,107
15/11/2019;0,74;-0,26;-0,34;0,60%;0,81%;-1980,558
18/11/2019;0,02;-0,35;-0,51;0,60%;-0,64%;-748,538
19/11/2019;0,02;0,58;-0,94;0,60%;2,71%;-62,41
20/11/2019;-0,33;0;-0,45;0,60%;-2,07%;779,713
21/11/2019;-0,14;-0,35;0,1;0,60%;0,76%;1103,256
22/11/2019;0,24;0,06;0,22;0,60%;-6,37%;915,407
25/11/2019;0,92;1,32;-0,38;0,60%;0,99%;699,708
26/11/2019;0,19;0,06;-0,9;0,60%;-2,21%;1707,733
27/11/2019;0,44;0,23;-0,03;0,60%;0,73%;-314,038
29/11/2019;-0,42;-0,04;-0,31;0,60%;-0,41%;2601,892
02/12/2019;-0,87;-0,25;0,48;0,70%;1,44%;1963,67
03/12/2019;-0,66;0,6;-0,83;0,70%;0,40%;2834,596
04/12/2019;0,6;0,13;0,24;0,70%;-0,94%;-1346,074
05/12/2019;0,13;-0,21;0,46;0,70%;-0,81%;-934,271
06/12/2019;0,91;0,24;0,37;0,70%;1,67%;311,975
09/12/2019;-0,33;0,37;0,11;0,70%;1,11%;330,569
10/12/2019;-0,08;0,31;-0,09;0,70%;2,70%;1224,062
11/12/2019;0,28;-0,07;0,13;0,70%;1,07%;-956,263
12/12/2019;0,9;-0,14;1,14;0,70%;1,98%;880,432
13/12/2019;-0,03;-0,27;-0,54;0,70%;-0,38%;2664,234
16/12/2019;0,74;0,02;-0,04;0,70%;6,25%;1316,571
17/12/2019;0,1;0,41;0,67;0,70%;-0,63%;-1677,442
18/12/2019;-0,05;0,2;0,09;0,70%;3,65%;-383,54
19/12/2019;0,43;-0,02;-0,42;0,70%;2,75%;-1853,127
20/12/2019;0,48;-0,3;-0,3;0,70%;0,37%;-5022,763
23/12/2019;0,1;0,19;-0,35;0,70%;3,31%;11153,657
24/12/2019;0,01;0,39;0;0,70%;1,42%;-2698,459
26/12/2019;0,48;-0,54;0;0,70%;1,33%;16,06
27/12/2019;-0,1;-0,53;-0,07;0,70%;-0,14%;500,465
30/12/2019;-0,57;0,19;0,56;0,70%;-3,69%;2292,543
31/12/2019;0,28;-0,01;0,12;0,70%;0,86%;224,747
02/01/2020;0,86;-0,88;-0,34;0,60%;2,79%;4572,924
03/01/2020;-0,67;0,38;0;0,60%;2,92%;1071,758
06/01/2020;0,36;-0,07;-0,55;0,60%;1,91%;-1273,921
07/01/2020;-0,19;-0,01;-0,25;0,60%;3,81%;-2346,471
08/01/2020;0,47;-0,06;-0,64;0,60%;4,81%;16,139
09/01/2020;0,65;-0,64;-0,48;0,60%;-2,22%;1427,215
10/01/2020;-0,34;-0,19;-0,33;0,60%;-0,66%;2661,882
13/01/2020;0,73;-0,11;-0,08;0,60%;9,31%;-1774,935
14/01/2020;-0,06;0,39;-0,18;0,60%;2,46%;-16,397
15/01/2020;0,16;0,47;-0,81;0,60%;-3,66%;-376,603
16/01/2020;0,88;0,52;-0,11;0,60%;-0,99%;-1837,34
17/01/2020;0,28;-0,64;-0,13;0,60%;-0,59%;479,733
21/01/2020;-0,32;-0,51;-0,62;0,60%;6,95%;-531,41
22/01/2020;0,08;-0,26;0,01;0,60%;4,00%;-977,199
23/01/2020;0,08;-0,05;-0,14;0,60%;0,47%;-1855,621
24/01/2020;-0,97;-0,44;-0,28;0,60%;-1,32%;1376,812
27/01/2020;-1,56;0,37;-0,41;0,60%;-1,20%;16,438
28/01/2020;1,02;-0,12;-0,42;0,60%;1,57%;-679,556
29/01/2020;-0,1;-0,24;-0,98;0,60%;2,46%;-179,771
30/01/2020;0,34;-0,68;0,69;0,60%;9,81%;261,263
31/01/2020;-1,74;-0,42;-0,35;0,60%;1,51%;524,239
03/02/2020;0,84;0,62;-0,68;0,60%;18,15%;997,822
04/02/2020;1,57;-0,04;-0,68;0,60%;12,87%;-3728,445
05/02/2020;0,97;0,32;1,47;0,60%;-18,85%;164,532
06/02/2020;0,27;-0,45;-0,84;0,60%;1,92%;1730,411
07/02/2020;-0,55;-0,79;-0,03;0,60%;-0,12%;-484,2
10/02/2020;0,73;0;-0,88;0,60%;3,06%;-564,726
11/02/2020;0,28;0,05;1,05;0,60%;0,41%;652,609
12/02/2020;0,66;0,15;-0,35;0,60%;-0,93%;2782,557
13/02/2020;-0,09;0,19;0;0,60%;4,68%;-759,198
14/02/2020;0,15;-0,38;-0,66;0,60%;-0,49%;-1027,782
18/02/2020;-0,19;0,15;-0,65;0,60%;7,04%;574,001
19/02/2020;0,6;0,18;0,03;0,60%;6,64%;-1986,431
20/02/2020;-0,35;0,49;0,67;0,60%;-1,98%;456,736
21/02/2020;-1,12;-0,1;0,02;0,60%;0,18%;185,378
24/02/2020;-3,39;0,18;0,02;0,60%;-7,75%;-5920,009
25/02/2020;-3,09;-0,1;-0,68;0,60%;-4,15%;-3465,908
26/02/2020;-0,52;-0,38;-1,2;0,60%;-2,68%;-6222,309
27/02/2020;-4,22;0,78;0,05;0,60%;-13,71%;-3115,028
28/02/2020;-0,78;0,29;-0,8;0,60%;-1,65%;-2308,311
02/03/2020;4,31;-1,69;-0,44;0,60%;10,72%;-4948,75
03/03/2020;-2,79;0,8;-0,63;0,60%;0,26%;2688,375
04/03/2020;4,03;-1,08;-1,17;0,60%;0,54%;4129,907
05/03/2020;-3,38;0,25;-1,4;0,60%;-3,40%;219,104
06/03/2020;-1,78;0,06;-1,49;0,60%;-2,94%;-1179,688
09/03/2020;-7,78;-0,38;-4,75;0,60%;-14,60%;-2869,443
10/03/2020;4,74;-2,49;0,81;0,60%;5,96%;1704,216
11/03/2020;-5,05;-0,82;-0,8;0,60%;-1,74%;1600,639
12/03/2020;-9,63;-0,44;-1,17;0,60%;-12,35%;2345,97
13/03/2020;8,96;-2,7;3,03;0,60%;-2,52%;3180,07
16/03/2020;-12;-0,26;-0,76;0,60%;-20,55%;407,23
17/03/2020;5,88;0,86;-0,62;0,60%;-3,39%;7532,181
18/03/2020;-5,56;-3,56;-4,69;0,60%;-17,48%;-6549,933
19/03/2020;1,31;5,46;0,83;0,60%;16,89%;3688,867
20/03/2020;-4,15;0,34;-0,88;0,60%;-0,04%;-1714,375
23/03/2020;-2,55;2,24;-3,27;0,60%;1,57%;4582,181
24/03/2020;9,34;-1,26;2,38;0,60%;15,10%;-4726,628
25/03/2020;1,18;-0,74;1,92;0,60%;6,55%;1329,265
26/03/2020;6,02;-0,73;1,07;0,60%;-2,08%;-172,702
27/03/2020;-3,48;-0,83;-0,76;0,60%;-2,65%;-1048,518
30/03/2020;3,16;-0,29;-2,09;0,60%;-2,39%;-3115,516
31/03/2020;-1,44;1,8;-0,39;0,60%;4,24%;1047,3
01/04/2020;-4,51;-1,48;-1,4;0,00%;-8,45%;-1649,013
02/04/2020;2,1;-0,98;-0,28;0,00%;-5,77%;-3681,988
03/04/2020;-1,64;-1,11;-1,18;0,00%;5,46%;5668,844
06/04/2020;7,06;0,77;0,32;0,00%;7,29%;570,786
07/04/2020;-0,11;-0,57;2,08;0,00%;5,48%;4196,693
08/04/2020;3,4;0,31;1,28;0,00%;0,63%;106,076
09/04/2020;1,59;1,92;3,16;0,00%;4,31%;-1988,531
13/04/2020;-0,92;-0,84;-2,4;0,00%;12,76%;-4257,702
14/04/2020;3,02;-0,18;-3,15;0,00%;8,67%;-2396,655
15/04/2020;-2,15;-1,23;-2,55;0,00%;2,77%;4741,526
16/04/2020;0,62;-0,21;-2,98;0,00%;2,08%;-1763,347
17/04/2020;2,72;0,74;2,77;0,00%;1,16%;-1452,395
20/04/2020;-1,56;0,77;-0,91;0,00%;-1,00%;2007,541
21/04/2020;-3,08;0,93;0,16;0,00%;-8,34%;1732,263
22/04/2020;2,31;-0,69;-1,64;0,00%;6,41%;-1624,619
23/04/2020;0,13;1,1;0,54;0,00%;-3,69%;-2597,545
24/04/2020;1,44;0,26;-0,13;0,00%;2,73%;-600,233
27/04/2020;1,73;1,61;2,71;0,00%;9,67%;-1542,698
28/04/2020;-0,45;0,99;2,85;0,00%;-3,79%;2154,201
29/04/2020;2,92;1,89;2;0,00%;4,01%;-2028,625
30/04/2020;-1,18;-1,43;-1,7;0,00%;-2,35%;-953,273
01/05/2020;-2,91;-0,56;-0,97;0,00%;-10,89%;-1583,919
04/05/2020;0,54;0,21;-1,27;0,00%;8,21%;-748,662
05/05/2020;0,95;0,03;-2,02;0,00%;0,90%;-2581,799
06/05/2020;-0,52;0,54;-2,7;0,00%;1,86%;1488,636
07/05/2020;1,33;-0,06;0,4;0,00%;-0,33%;298,52
08/05/2020;1,9;1,39;2,46;0,00%;4,93%;158,218
11/05/2020;0,07;0,47;-3,78;0,00%;-0,99%;2121,103
12/05/2020;-2,06;-0,84;-1,35;0,00%;-0,24%;-819,337
13/05/2020;-1,89;-0,9;-2,08;0,00%;-2,31%;1863,345
14/05/2020;1,14;-1,51;0,93;0,00%;1,56%;-1464,808
15/05/2020;0,57;1,61;-1,15;0,00%;-0,52%;-1581,71
18/05/2020;3,24;1,56;4,6;0,00%;1,79%;443,512
19/05/2020;-1,01;-0,54;-1,5;0,00%;-0,68%;309,919
20/05/2020;1,8;1,08;1,32;0,00%;0,92%;-1372,87
21/05/2020;-0,7;0,62;0,4;0,00%;1,46%;14,85
22/05/2020;0,27;0,47;-0,85;0,00%;-1,30%;58,944
26/05/2020;1,23;0,09;4,55;0,00%;0,24%;162,503
27/05/2020;1,54;0,65;3,62;0,00%;0,17%;-508,44
28/05/2020;-0,41;-1,53;-2,43;0,00%;-1,77%;-2397,724
29/05/2020;0,6;-0,29;-1,98;0,00%;3,57%;2877,617
01/06/2020;0,52;-0,04;0,43;0,00%;7,27%;182,643
02/06/2020;0,81;-0,09;0,54;0,00%;-1,85%;-672,224
03/06/2020;1,42;0,15;2,62;0,00%;0,15%;-3789,208
04/06/2020;-0,34;-0,23;2,89;0,00%;-2,11%;3076,017
05/06/2020;2,5;0,66;2,76;0,00%;2,42%;1089,557
08/06/2020;1,39;0,37;2,09;0,00%;7,01%;5366,459
09/06/2020;-0,85;-0,25;-1,92;0,00%;-0,98%;-3733,694
10/06/2020;-0,56;-0,85;-4,1;0,00%;8,60%;4298,402
11/06/2020;-5,91;-0,82;-3,03;0,00%;-5,23%;-3525,862
12/06/2020;1,29;0,31;1,82;0,00%;-3,95%;1171,481
15/06/2020;1,09;1,46;-0,39;0,00%;5,78%;-4261,197
16/06/2020;1,87;0,61;0,5;0,00%;-0,88%;-1733,993
17/06/2020;-0,4;-0,9;-1,98;0,00%;0,97%;2923,755
18/06/2020;0,19;0,1;-0,53;0,00%;1,22%;-2383,593
19/06/2020;-0,45;0,09;-0,65;0,00%;-0,30%;732,672
22/06/2020;0,71;0,84;-1,36;0,00%;-0,66%;-1358,335
23/06/2020;0,42;0,16;-0,6;0,00%;0,75%;1848,746
24/06/2020;-2,61;-0,45;-1,36;0,00%;-4,17%;2028,347
25/06/2020;1,12;0,24;0,5;0,00%;2,57%;-1200,752
26/06/2020;-2,44;0,12;-1,41;0,00%;-2,70%;722,233
29/06/2020;1,51;1,25;1,85;0,00%;5,04%;-1199,546
30/06/2020;1,58;0,08;0,01;0,00%;6,75%;380,408
01/07/2020;0,41;-1,28;-2,58;0,10%;3,62%;-309,039
02/07/2020;0,5;-0,02;-0,13;0,10%;7,66%;295,069
06/07/2020;1,65;-0,63;0,34;0,10%;12,64%;140,433
07/07/2020;-1,03;-0,5;-1,5;0,10%;1,33%;-412,143
08/07/2020;0,91;0,3;-0,47;0,10%;-1,74%;721,292
09/07/2020;-0,53;-0,93;-2,61;0,10%;2,05%;-1927,993
10/07/2020;1,11;-0,07;3,07;0,10%;10,25%;-1744,751
13/07/2020;-1,2;-0,77;2,04;0,10%;-3,14%;95,298
14/07/2020;1,35;0,43;-0,29;0,10%;1,31%;1903,85
15/07/2020;1,14;2,43;1,25;0,10%;1,91%;-1148,187
16/07/2020;-0,37;-0,36;0,81;0,10%;-2,98%;4183,937
17/07/2020;0,3;0,17;-1,44;0,10%;0,02%;-914,153
20/07/2020;1,01;-0,45;-2,37;0,10%;9,04%;2010,499
21/07/2020;0,15;0,84;3,27;0,10%;-4,64%;-1605,698
22/07/2020;0,49;-0,61;-0,38;0,10%;1,52%;422,411
23/07/2020;-1,2;0,72;1,97;0,10%;-5,11%;-718,968
24/07/2020;-0,75;-0,82;0,44;0,10%;-6,56%;936,133
27/07/2020;0,88;0,76;-1,99;0,10%;8,30%;753,906
28/07/2020;-0,81;-0,71;1;0,10%;-4,19%;-2084,527
29/07/2020;1,35;0,48;0,89;0,10%;1,52%;513,751
30/07/2020;-0,29;0,49;-1,84;0,10%;-0,77%;-2178,038
31/07/2020;0,61;-1,6;-0,67;0,10%;-3,90%;194,354
03/08/2020;0,98;1,22;-0,84;0,00%;3,73%;-2285,061
04/08/2020;0,37;0,47;0,04;0,00%;0,13%;2613,853
05/08/2020;0,78;1,03;0,83;0,00%;-0,13%;346,466
06/08/2020;0,53;-0,42;-0,85;0,00%;0,31%;597,757
07/08/2020;0,02;0,91;2,41;0,00%;-2,51%;-267,405
10/08/2020;0,24;0,88;1,73;0,00%;-2,38%;-585,438
11/08/2020;-0,83;-0,33;1,64;0,00%;-3,16%;1509,551
12/08/2020;1,4;-0,51;-1,34;0,00%;12,33%;16,639
13/08/2020;-0,01;0,18;-1,33;0,00%;4,18%;-506,231
14/08/2020;-0,04;-0,09;1,08;0,00%;1,82%;-320,036
17/08/2020;0,45;0,6;-1,92;0,00%;10,62%;-1414,748
18/08/2020;0,22;-1,06;-1,43;0,00%;2,76%;-658,637
19/08/2020;-0,38;0,47;0,09;0,00%;-0,45%;541,745
20/08/2020;0,31;-0,52;-1,55;0,00%;6,36%;724,892
21/08/2020;0,26;-1,09;-0,43;0,00%;2,38%;-304,408
24/08/2020;0,92;-0,37;2,59;0,00%;-1,76%;-2749,235
25/08/2020;0,36;0,16;-0,64;0,00%;0,45%;-977,132
26/08/2020;1;-1,17;-1,74;0,00%;6,22%;1875,271
27/08/2020;0,18;-0,34;0,95;0,00%;3,90%;-417,107
28/08/2020;0,7;0,27;-0,23;0,00%;-1,14%;261,144
31/08/2020;-0,04;-0,42;-1,76;0,00%;11,84%;-473,258
01/09/2020;0,92;0,44;-0,3;0,00%;-4,78%;-1364,348
02/09/2020;1,27;-0,49;-0,45;0,00%;-6,01%;-2449,636
03/09/2020;-3,7;-0,23;2,61;0,00%;-9,45%;2183,206
04/09/2020;-0,87;-0,17;2,06;0,00%;2,74%;483,603
08/09/2020;-2,91;0,66;-0,29;0,00%;-23,65%;2090,02
09/09/2020;2,07;-0,18;-2;0,00%;10,36%;2731,898
10/09/2020;-1,64;0,3;-0,06;0,00%;1,38%;-679,733
11/09/2020;-0,06;-0,84;0,89;0,00%;0,37%;-701,243
14/09/2020;1,59;1,19;-0,8;0,00%;11,85%;2054,817
15/09/2020;0,57;-0,27;-1,44;0,00%;6,94%;3113,869
16/09/2020;-0,39;0,76;1,31;0,00%;-1,80%;-1394,936
17/09/2020;-0,85;0,36;0,2;0,00%;-4,24%;-677,348
18/09/2020;-0,88;0,79;-0,21;0,00%;4,33%;-1007,519
21/09/2020;-1,08;-2,03;-1,89;0,00%;1,63%;3026,47
22/09/2020;1,02;-0,14;-1,63;0,00%;-5,76%;-6882,222
23/09/2020;-2,48;-0,71;0,16;0,00%;-10,91%;-1833,633
24/09/2020;0,25;-0,21;0,38;0,00%;1,93%;-1096,728
25/09/2020;1,72;0,14;-1,35;0,00%;4,92%;501,496
28/09/2020;1,66;0,73;1,05;0,00%;3,35%;-1166,963
29/09/2020;-0,42;0,76;-1,34;0,00%;-0,51%;1970,711
30/09/2020;0,79;-0,73;0,15;0,00%;2,34%;2293,915
01/10/2020;0,79;1,04;-0,54;0,00%;4,37%;-1441,389
02/10/2020;-0,96;1,09;2,45;0,00%;-7,67%;-4398,034
05/10/2020;1,93;1,02;-0,1;0,00%;2,52%;-367,168
06/10/2020;-1,28;0,74;0,26;0,00%;-2,79%;611,683
07/10/2020;1,84;0,53;0,22;0,00%;2,70%;-469,115
08/10/2020;0,8;0,03;0,99;0,00%;0,14%;-443,195
09/10/2020;0,93;0,01;-1,41;0,00%;1,88%;807,815
12/10/2020;1,53;-0,83;-0,08;0,00%;1,89%;1993,962
13/10/2020;-0,41;0,17;-1,73;0,00%;0,98%;-1198,385
14/10/2020;-0,65;0,09;0,02;0,00%;3,23%;-2048,925
15/10/2020;-0,08;0,9;1,15;0,00%;-2,73%;-52,194
16/10/2020;-0,06;-0,18;0,06;0,00%;-2,07%;1615,569
19/10/2020;-1,53;0,35;0,31;0,00%;-2,03%;4413,044
20/10/2020;0,34;-0,24;1,26;0,00%;-2,08%;-102,543
21/10/2020;-0,36;-0,47;0,41;0,00%;0,16%;-601,004
22/10/2020;0,67;0,61;1,03;0,00%;0,74%;-1490,675
23/10/2020;0,38;0,41;0,03;0,00%;-1,22%;-241,149
26/10/2020;-1,85;-0,28;-0,39;0,00%;-0,09%;-449,396
27/10/2020;-0,23;-0,07;-2,33;0,00%;1,04%;-848,174
28/10/2020;-3,41;0,01;0,58;0,00%;-4,49%;862,534
29/10/2020;1,13;0,18;0,27;0,00%;1,18%;-3507,957
30/10/2020;-1,45;-0,8;1,87;0,00%;-5,70%;-2658,468
02/11/2020;1,17;0,54;0,98;0,00%;3,16%;522,04
03/11/2020;1,93;1,01;-0,19;0,00%;5,68%;4392,873
04/11/2020;2,25;-1,49;-5,02;0,00%;-0,69%;235,315
05/11/2020;2,13;1;0,52;0,00%;3,98%;1580,431
06/11/2020;0,01;-0,86;-0,93;0,00%;-1,87%;-1523,873
09/11/2020;0,86;0,8;6,73;0,00%;-2,04%;2189,101
10/11/2020;-0,17;1,56;2,17;0,00%;-2,62%;9780,94
11/11/2020;0,88;-0,57;-1,75;0,00%;1,63%;1539,656
12/11/2020;-0,94;-0,23;-1,19;0,00%;-1,30%;-320,982
13/11/2020;1,31;0,62;1,14;0,00%;-0,79%;-3337,419
16/11/2020;1,22;0,77;1,99;0,00%;-0,10%;-1682,572
17/11/2020;-0,19;0,6;-0,01;0,00%;7,89%;2969,707
18/11/2020;-0,93;-0,03;0,01;0,00%;9,71%;468,623
19/11/2020;0,59;0,47;-0,76;0,00%;2,56%;-2744,23
20/11/2020;-0,51;0,68;-0,6;0,00%;-1,95%;-1395,494
23/11/2020;0,83;0,87;1,56;0,00%;6,38%;-995,105
24/11/2020;1,56;-0,11;2,77;0,00%;6,23%;1501,213
25/11/2020;0,03;0;-1,33;0,00%;3,29%;853,518
27/11/2020;0,43;0,47;-1,63;0,00%;2,03%;634,612
30/11/2020;-0,53;-0,99;-2,07;0,00%;-3,15%;-781,603
01/12/2020;0,98;-0,27;0,53;0,00%;2,98%;1737,242
02/12/2020;0,11;-0,09;1,08;0,00%;-2,76%;-91,501
03/12/2020;0,18;0,5;-0,09;0,00%;4,22%;-1760,125
04/12/2020;1,02;1,46;0,83;0,00%;0,95%;-989,63
07/12/2020;0,03;0,24;-1,02;0,00%;6,89%;-3309,513
08/12/2020;0,47;1,02;-0,7;0,00%;1,26%;-1882,218
09/12/2020;-1,03;-0,06;1,28;0,00%;-7,25%;-1054,767
10/12/2020;0,24;1,12;-0,47;0,00%;3,67%;917,947
11/12/2020;-0,2;-0,38;-0,71;0,00%;-2,76%;-2035,377
14/12/2020;-0,28;0,58;-1,53;0,00%;4,78%;-2655,518
15/12/2020;1,28;1,08;0,36;0,00%;-1,04%;-784,216
16/12/2020;0,17;-0,43;-0,37;0,00%;-1,67%;-4193,274
17/12/2020;0,79;0,69;-0,7;0,00%;5,18%;2738,775
18/12/2020;-0,12;0,07;-1,17;0,00%;5,79%;2642,939
21/12/2020;-0,23;0,13;-0,05;0,00%;-6,72%;2142,443
22/12/2020;0,06;1,21;-1,61;0,00%;-1,47%;4507,407
23/12/2020;0,1;0,38;2,03;0,00%;0,88%;2111,472
24/12/2020;0,21;-0,41;-0,19;0,00%;2,41%;-1800,712
28/12/2020;0,46;-0,73;0,36;0,00%;0,29%;-55,324
29/12/2020;-0,4;-1,53;0,24;0,00%;0,35%;911,51
30/12/2020;0,27;1,01;0,03;0,00%;4,23%;1262,132
31/12/2020;0,39;-0,89;0,41;0,00%;1,56%;-2658,036
04/01/2021;-1,41;0,22;0,58;0,00%;3,36%;3311,456
05/01/2021;0,86;1,23;0,49;0,00%;0,73%;-608,306
06/01/2021;0,79;2,14;3,94;0,00%;2,80%;-2209,392
07/01/2021;1,76;0,33;-0,83;0,00%;7,65%;2371,424
08/01/2021;0,51;-0,75;-1,37;0,00%;7,55%;-2843,076
11/01/2021;-0,51;0,26;1,26;0,00%;-8,14%;-400,264
12/01/2021;0,38;1,29;1,21;0,00%;4,61%;700,603
13/01/2021;0,07;-0,93;-0,46;0,00%;0,58%;227,317
14/01/2021;-0,11;2,03;1,12;0,00%;-1,11%;-816,417
15/01/2021;-0,86;-0,49;-0,76;0,00%;-2,26%;2024,152
19/01/2021;0,92;0,88;-0,8;0,00%;2,20%;2122,303
20/01/2021;1,26;-0,39;-1,08;0,00%;0,69%;-4070,996
21/01/2021;-0,04;-0,55;-0,94;0,00%;-0,64%;-2745,398
22/01/2021;-0,07;1,87;-0,12;0,00%;0,20%;-1306,022
25/01/2021;0,29;-0,05;-0,4;0,00%;3,96%;555,305
26/01/2021;-0,32;0,02;0,01;0,00%;0,26%;-403,57
27/01/2021;-2,53;1,33;1,56;0,00%;-2,17%;-652,429
28/01/2021;0,92;-1,93;-0,91;0,00%;-3,38%;-2337,08
29/01/2021;-1,84;0,59;0,58;0,00%;-5,15%;-2416,749
01/02/2021;1,73;0,93;-1,47;0,00%;5,67%;1018,534
02/02/2021;1,48;-0,85;-1,08;0,00%;3,85%;-3819,6
03/02/2021;0,15;0,43;0,7;0,00%;-2,09%;-763,089
04/02/2021;1,23;0,38;0,37;0,00%;-0,55%;1947,833
05/02/2021;0,58;1,07;-0,48;0,00%;0,26%;888,046
08/02/2021;0,96;2,11;0,39;0,00%;1,30%;58,147
09/02/2021;0,05;0,71;-0,17;0,00%;-1,63%;1405,874
10/02/2021;-0,08;-0,49;0,61;0,00%;-5,40%;214,584
11/02/2021;0,19;-0,22;-0,43;0,00%;0,85%;3042,213
12/02/2021;0,49;-0,14;0,49;0,00%;0,55%;1543,473
16/02/2021;-0,14;-0,61;1,89;0,00%;-2,47%;-1668,576
17/02/2021;-0,21;-0,85;0,61;0,00%;0,24%;313,945
18/02/2021;-0,63;-1,55;-0,2;0,00%;-1,36%;882,83
19/02/2021;0,16;1,79;0,72;0,00%;-0,78%;-117,196
22/02/2021;-1,13;-0,05;3,16;0,00%;-8,94%;818,894
23/02/2021;-0,15;-1,27;0,89;0,00%;-2,22%;928,732
24/02/2021;1,15;1,22;1,42;0,00%;5,99%;-368,09
25/02/2021;-2,74;-1,13;0,92;0,00%;-8,40%;-744,527
26/02/2021;-0,28;0,66;-1,58;0,00%;-0,99%;1280,829
01/03/2021;2,63;1,09;0,23;0,00%;6,16%;-3006,45
02/03/2021;-1,05;-1,09;1,23;0,00%;-4,56%;-448,048
03/03/2021;-1,57;-0,19;3,56;0,00%;-4,96%;-637,669
04/03/2021;-1,7;-1,36;1,71;0,00%;-4,98%;2517,554
05/03/2021;1,85;0,21;0,61;0,00%;-3,85%;-2954,799
08/03/2021;-0,67;0,61;3,71;0,00%;-6,02%;1055,29
09/03/2021;1,79;1,29;-3,23;0,00%;17,93%;1278,681
10/03/2021;0,68;0,78;1,82;0,00%;-0,82%;-2574,336
11/03/2021;1,44;1,61;-2,02;0,00%;4,61%;-876,3
12/03/2021;0,1;0,14;1,3;0,00%;-0,84%;-846,087
15/03/2021;0,7;-0,1;-1,29;0,00%;2,03%;531,93
16/03/2021;-0,43;-1,11;-0,83;0,00%;-4,49%;-2498,51
17/03/2021;0,33;0,47;0,33;0,00%;3,62%;-178,191
18/03/2021;-1,88;-1,75;2,18;0,00%;-7,19%;2442,274
19/03/2021;0,25;1,26;-0,99;0,00%;0,26%;4656,385
22/03/2021;0,55;-1,2;-2,21;0,00%;2,28%;116,945
23/03/2021;-1,17;-2,71;-1,04;0,00%;-1,18%;-1295,436
24/03/2021;-1,01;-1,98;1,46;0,00%;-4,94%;4265,675
25/03/2021;0,67;1,68;1,4;0,00%;1,59%;1104,24
26/03/2021;1,55;0,18;0,69;0,00%;-3,44%;662,142
29/03/2021;-0,49;-2,4;-0,23;0,00%;-1,21%;-6909,752
30/03/2021;-0,02;1,54;1,01;0,00%;3,90%;949,514
31/03/2021;0,63;1,11;-2,33;0,00%;4,96%;2484,848
01/04/2021;1,27;0,29;0;0,00%;-0,93%;3741,054
05/04/2021;1,27;-0,59;-0,71;0,00%;4,33%;-3384,7
06/04/2021;0,01;-0,31;0,1;0,00%;0,08%;-2722,836
07/04/2021;-0,12;-1,61;0,32;0,00%;-3,03%;1319,548
08/04/2021;0,62;0,59;-1,17;0,00%;1,89%;894,566
09/04/2021;0,65;-0,64;0,13;0,00%;-1,00%;-1204,867
12/04/2021;-0,05;-0,62;0,59;0,00%;3,62%;-1543,436
13/04/2021;0,41;-0,28;-1,61;0,00%;8,25%;2078,116
14/04/2021;-0,35;0,79;1,42;0,00%;-4,03%;330,289
15/04/2021;1,04;-0,44;-1,19;0,00%;0,90%;925,253
16/04/2021;0,27;-0,35;0,66;0,00%;0,13%;810,793
19/04/2021;-0,73;-0,78;0,78;0,00%;-3,46%;834,574
20/04/2021;-0,94;-1,19;-1,57;0,00%;0,61%;-975,422
21/04/2021;1,11;1,39;0,1;0,00%;3,44%;1010,047
22/04/2021;-0,77;0,65;-0,77;0,00%;-3,34%;-3765,678
23/04/2021;1,26;0,75;0,7;0,00%;1,34%;-2185,192
26/04/2021;0,43;0,87;-0,5;0,00%;1,20%;-2771,801
27/04/2021;-0,03;-0,16;0,85;0,00%;-4,64%;2651,46
28/04/2021;-0,06;0,2;0,19;0,00%;-1,48%;1440,255
29/04/2021;0,39;-1,14;1,08;0,00%;-2,54%;-83,423
30/04/2021;-0,83;-0,43;-0,32;0,00%;4,68%;3191,662
03/05/2021;0,17;0,44;1,71;0,00%;-3,52%;3127,265
04/05/2021;-0,89;-0,75;2;0,00%;-1,67%;2550,485
05/05/2021;-0,06;-0,47;1,34;0,00%;-0,39%;-5503,014
06/05/2021;0,48;-0,83;1,2;0,00%;-1,11%;-1142,941
07/05/2021;0,84;0,43;-0,1;0,00%;1,32%;-356,211
10/05/2021;-1,36;-1,68;1,69;0,00%;-6,66%;-527,781
11/05/2021;-0,63;0,96;-0,89;0,00%;-1,90%;1399,738
12/05/2021;-2,34;-1,33;0,71;0,00%;-4,52%;869,858
13/05/2021;1,02;0,26;1,14;0,00%;-3,14%;-202,7
14/05/2021;1,81;0,98;-0,15;0,00%;3,11%;-287,278
17/05/2021;-0,24;0,6;0,83;0,00%;-2,21%;-2936,597
18/05/2021;-0,69;0,26;-0,94;0,00%;0,18%;-1952,783
19/05/2021;-0,34;-0,37;-0,46;0,00%;-2,52%;-762,203
20/05/2021;1,15;-0,11;-1,43;0,00%;4,05%;-3389,503
21/05/2021;-0,04;0,22;0,98;0,00%;-1,01%;2159,107
24/05/2021;0,99;-0,37;-0,69;0,00%;4,31%;-1286,195
25/05/2021;-0,3;-0,62;-1,23;0,00%;-0,29%;-62,857
26/05/2021;0,47;1,77;0,56;0,00%;2,36%;1756,28
27/05/2021;0,28;0,8;0,95;0,00%;1,87%;439,896
28/05/2021;0,04;-0,3;-0,3;0,00%;-0,89%;1719,834
01/06/2021;0,03;1,12;1,46;0,00%;-0,21%;-3064,839
02/06/2021;0,12;-0,12;0,32;0,00%;-3,06%;2496,899
03/06/2021;-0,53;-0,53;0,72;0,00%;-5,48%;-2143,503
04/06/2021;0,89;-0,36;-0,9;0,00%;4,47%;2073,262
07/06/2021;0,15;1,57;-0,96;0,00%;1,01%;-929,571
08/06/2021;0,19;1,15;-0,32;0,00%;-0,25%;-1161,064
09/06/2021;-0,3;-0,29;-0,84;0,00%;-0,80%;380,058
10/06/2021;0,4;-0,9;-2,05;0,00%;1,88%;2213,05
11/06/2021;0,37;0,67;0,18;0,00%;-0,03%;-1291,704
14/06/2021;0,15;-0,31;-1,62;0,00%;1,27%;-700,16
15/06/2021;-0,3;-0,03;1,3;0,00%;-3,01%;1063,027
16/06/2021;-0,45;0,44;0,2;0,00%;0,91%;-827,525
17/06/2021;0,01;-0,5;-3,59;0,00%;1,92%;-633,149
18/06/2021;-1,22;-0,43;-1,45;0,00%;1,08%;822,756
21/06/2021;1,34;0,59;1,06;0,00%;-0,40%;-2967,59
22/06/2021;0,58;0,04;-0,43;0,00%;0,46%;2399
23/06/2021;0,01;0,55;-0,28;0,00%;5,14%;3278,507
24/06/2021;0,69;0,66;0,23;0,00%;3,48%;1225,465
25/06/2021;0,31;-0,7;0,43;0,00%;-1,18%;488,826
28/06/2021;0,22;-0,49;-1,59;0,00%;2,47%;1876,54
29/06/2021;0;-0,24;-0,29;0,00%;-1,16%;-1218,297
30/06/2021;0,07;-0,12;0,75;0,00%;-0,15%;1496,699
01/07/2021;0,43;0,37;0,41;0,00%;-0,27%;2654,885
02/07/2021;0,56;-1,33;-0,71;0,00%;0,15%;-64,571
03/07/2021;0,56;-1,33;-0,71;0,00%;0,00%;0
04/07/2021;0,56;-1,33;-0,71;0,00%;0,00%;0
05/07/2021;0,56;-1,33;-0,71;0,00%;0,00%;0
06/07/2021;0,56;-1,33;-0,71;0,00%;-2,89%;216,875
07/07/2021;0,56;-1,33;-0,71;0,00%;-2,29%;259,735
08/07/2021;0,56;-1,33;-0,71;0,00%;1,26%;-3887,394
09/07/2021;-0,28;-0,65;-1,99;0,00%;0,63%;2885,767
12/07/2021;0,09;-0,92;0,08;0,00%;4,29%;827,581
13/07/2021;-0,86;0,15;-0,77;0,00%;-2,53%;-327,802
14/07/2021;1,25;0,61;1,57;0,00%;-2,30%;21,777
15/07/2021;0,23;-0,17;0,56;0,00%;-0,42%;1090,232
16/07/2021;-0,56;-1,13;-0,41;0,00%;-0,99%;-2064,731
19/07/2021;-0,26;-1,16;0,34;0,00%;0,31%;-2135,444
20/07/2021;-0,38;-0,35;0,79;0,00%;2,19%;1761,96
21/07/2021;-0,77;-0,23;-1,25;0,00%;-0,79%;-2392,117
22/07/2021;-1,41;0,31;-1,74;0,00%;-0,92%;-1303,681
23/07/2021;1,69;0,79;0,16;0,00%;-0,91%;-1393,498
26/07/2021;0,95;0,62;0,79;0,00%;2,19%;-329,925
27/07/2021;0,09;-1,33;-1,01;0,00%;-1,97%;-132,285
28/07/2021;0,98;-0,09;-0,47;0,00%;0,34%;3554,885
29/07/2021;0,18;-0,09;1,33;0,00%;4,59%;-219,397
30/07/2021;-0,66;-0,66;0,59;0,00%;1,45%;572,896
02/08/2021;0,27;1,41;-0,65;0,00%;3,22%;1775,284
03/08/2021;0,41;-0,01;0,94;0,00%;0,01%;-1531,368
04/08/2021;-0,65;-0,07;-0,17;0,00%;0,17%;-573,457
05/08/2021;-0,12;-0,15;-0,41;0,00%;0,52%;-1953,922
06/08/2021;0,73;-0,47;0,92;0,00%;-2,20%;-463,834
07/08/2022;0,73;-0,47;0,92;0,00%;0,00%;0
08/08/2023;0,73;-0,47;0,92;0,00%;0,00%;0
09/08/2021;-0,39;-0,62;-1,56;0,00%;2,08%;1593,121
10/08/2021;0,74;1,14;-0,1;0,00%;-0,53%;574,8
11/08/2021;0,09;0,05;1,88;0,00%;-0,31%;265,554
12/08/2021;0,09;0,05;1,88;0,00%;2,02%;266,218
13/08/2021;0,09;0,05;1,88;0,00%;-0,70%;445,121
16/08/2021;0,01;-0,36;-0,26;0,00%;-4,42%;757,945
17/08/2021;0,06;-0,01;1,82;0,00%;-3,03%;6034,892
18/08/2021;0,19;-0,01;1,41;0,00%;3,44%;865,616
19/08/2021;0,24;-0,59;-0,4;0,00%;-2,28%;-2854,965
20/08/2021;0;-0,85;-0,24;0,00%;1,00%;307,864
23/08/2021;-0,05;-0,86;0,05;0,00%;3,76%;-1817,927
24/08/2021;-0,8;-0,45;-0,11;0,00%;0,31%;-178,883
25/08/2021;-0,95;0,11;-0,18;0,00%;0,39%;-783,781
26/08/2021;-0,15;-0,79;-0,82;0,00%;-1,42%;-224,436
27/08/2021;0,92;1;-0,48;0,00%;1,52%;-22,314
30/08/2021;1,08;0,94;-0,85;0,00%;2,63%;472,722
31/08/2021;0,41;0,36;0,36;0,00%;0,66%;2170,439
01/09/2021;0,26;-0,04;0,36;0,00%;-0,22%;4470,994
02/09/2021;-0,65;-0,39;-0,32;0,00%;-0,23%;-1942,677
03/09/2021;1,07;1,63;0,3;0,00%;0,16%;747,674
07/09/2021;0,35;-0,34;-1,37;0,00%;2,60%;430,343
08/09/2021;-0,13;0,44;-0,05;0,00%;0,13%;4627,576
09/09/2021;0,11;0,59;-0,94;0,00%;0,13%;-4351,1
10/09/2021;0,36;0,1;-0,04;0,00%;-2,50%;763,055
13/09/2021;-0,01;-0,38;-0,26;0,00%;0,91%;2338,437
14/09/2021;-0,36;-0,14;-0,09;0,00%;0,20%;2723,229
15/09/2021;-0,34;-0,81;0,08;0,00%;1,51%;1442,96
16/09/2021;-0,27;0,23;0,09;0,00%;0,16%;3313,346
17/09/2021;-0,76;-0,1;0,02;0,00%;0,33%;-402,363
20/09/2021;0,14;-0,05;1,34;0,00%;-3,94%;-2450,762
21/09/2021;-0,66;-0,51;-0,97;0,00%;1,25%;-3060,275
22/09/2021;0,88;0,02;0,63;0,00%;1,69%;0
23/09/2021;-0,03;0,04;-0,55;0,00%;0,22%;109,469
24/09/2021;-0,72;0,99;-0,05;0,00%;2,72%;66,481
27/09/2021;-1,87;-0,58;0,23;0,00%;2,17%;-66,579
28/09/2021;0,05;0,45;-0,67;0,00%;-1,76%;-442,634
29/09/2021;1;0,18;0,53;0,00%;0,48%;563,735
30/09/2021;1,28;0,36;0,93;0,00%;-0,75%;-1433,407
01/10/2021;0,08;-0,47;0,7;0,00%;-0,03%;-1502,27
04/10/2021;-0,1;1,25;2,43;0,00%;0,81%;-1519,528
05/10/2021;-2,18;-0,44;1,75;0,00%;-0,12%;-107,135
06/10/2021;0,03;-0,3;0,8;0,00%;0,28%;1407,567
07/10/2021;-1,02;0,32;-0,77;0,00%;1,38%;-2196,117
08/10/2021;1,1;0,4;0,5;0,00%;-1,03%;-745,588
11/10/2021;-1,43;-0,03;2,33;0,00%;0,82%;1466,45
12/10/2021;1,05;-0,52;-0,07;0,00%;1,72%;-695,586
13/10/2021;0,33;-0,87;-0,49;0,00%;0,66%;1040,852
14/10/2021;1,01;0,53;-0,17;0,00%;0,89%;587,259
15/10/2021;-0,28;-0,61;1,12;0,00%;2,98%;464,598
18/10/2021;-0,72;0,31;-0,28;0,00%;3,16%;1983,679
19/10/2021;-0,06;0,64;-0,44;0,00%;-0,68%;-1028,728
20/10/2021;0,43;0,14;-1,06;0,00%;0,18%;608,288
21/10/2021;1,65;-0,34;-0,27;0,00%;3,21%;1130,594
22/10/2021;0,63;-1,2;0,3;0,00%;1,74%;657,755
25/10/2021;0,41;-0,25;-0,01;0,00%;11,92%;-2220,393
26/10/2021;0,71;-0,49;-0,23;0,00%;-0,63%;1752,873
27/10/2021;0,34;-0,02;1,19;0,00%;1,89%;2143,767
28/10/2021;0,37;0,21;-0,95;0,00%;3,71%;-363,059
29/10/2021;-0,25;-0,24;1,01;0,00%;3,37%;1099,926
01/11/2021;0,58;0,49;-0,15;0,00%;8,15%;2112,516
02/11/2021;0,04;-0,7;-0,31;0,00%;-3,07%;-23,004
03/11/2021;-0,76;-0,74;-1,18;0,00%;3,51%;-623,379
04/11/2021;1,14;0,88;-0,5;0,00%;1,31%;1115,381
05/11/2021;0,22;0,2;-0,83;0,00%;-0,64%;-210,035
08/11/2021;0,51;2,02;0,44;0,00%;-4,96%;327,97
09/11/2021;0,24;-0,29;-0,54;0,00%;-12,77%;-1172,373
10/11/2021;0,8;1,45;-0,12;0,00%;4,25%;1238,456
11/11/2021;0,39;-0,02;-1,37;0,00%;-0,42%;579,508
12/11/2021;0,38;0,69;1,19;0,00%;-2,87%;-2504,84
15/11/2021;0,18;0,02;0,07;0,00%;-1,96%;327,071
16/11/2021;-0,35;-0,18;0,45;0,00%;4,00%;-2266,196
17/11/2021;-1,07;-0,65;0,93;0,00%;3,20%;750,535
18/11/2021;0,24;0,54;0,33;0,00%;0,68%;-1029,509
19/11/2021;0,74;-0,32;-0,91;0,00%;3,64%;-774,81
22/11/2021;-0,02;-0,53;0,71;0,00%;1,73%;-3282,539
23/11/2021;0,5;0,04;-0,72;0,00%;-4,22%;1963,423
24/11/2021;-0,47;-0,56;-0,25;0,00%;0,63%;-374,608
26/11/2021;0,06;-0,58;-0,07;0,00%;-3,10%;586,687
29/11/2021;-0,2;-0,17;-1,28;0,00%;4,97%;91,743
30/11/2021;-0,61;-0,54;2,76;0,00%;0,68%;3090,816
01/12/2021;-0,03;-0,52;1,75;0,00%;-4,45%;3465,982
02/12/2021;0,3;0,03;-0,87;0,00%;-0,96%;-3154,998
03/12/2021;-2,22;-1,23;-0,92;0,00%;-6,64%;2994,446
06/12/2021;1,11;-1,02;-0,79;0,00%;-0,59%;-3037,332
07/12/2021;-1,95;0,52;-1,13;0,00%;4,15%;2637,235
08/12/2021;-1,61;-0,79;1,11;0,00%;1,62%;2106,569
09/12/2021;1,51;0,71;1,27;0,00%;-6,29%;-1737,425
10/12/2021;-1,21;-1,13;1,07;0,00%;1,31%;4452,859
13/12/2021;1,19;0,76;0,63;0,00%;-5,10%;2259,423
14/12/2021;2,22;0,2;-1,79;0,00%;-0,82%;6343,496
15/12/2021;0,47;0,66;-0,83;0,00%;1,81%;2731,844
16/12/2021;-1,07;-1,37;1,57;0,00%;-5,16%;-6658,713
17/12/2021;0,7;-0,83;0,5;0,00%;0,61%;3195,516
20/12/2021;-1,04;-0,31;-0,98;0,00%;-3,56%;-1886,398
21/12/2021;-0,76;-0,68;1,64;0,00%;4,20%;955,195
22/12/2021;1,62;0,39;-1,91;0,00%;7,23%;2801,023
23/12/2021;-1,2;-1,6;2,78;0,00%;5,60%;-1333,074
27/12/2021;-0,65;1,88;-2,33;0,00%;2,49%;-2518,039
28/12/2021;-1,27;-0,16;-0,41;0,00%;-0,50%;3054,039
29/12/2021;2,06;0,82;0,19;0,00%;-0,21%;2836,432
30/12/2021;0,97;0,26;-0,36;0,00%;-1,47%;1360,536
31/12/2021;0,71;0,35;-0,48;0,00%;-1,28%;2689,37
03/01/2022;1,22;-0,11;0,29;0,00%;12,69%;5554,761
04/01/2022;-0,27;-0,59;0,81;0,00%;-4,27%;-2962,314
05/01/2022;0,06;-0,07;0,17;0,00%;-5,50%;-2578,635
06/01/2022;-0,15;0,11;-0,4;0,00%;-2,18%;1498,562
07/01/2022;-0,31;0,05;0,53;0,00%;-3,61%;-2877,496
10/01/2022;0,73;0,34;0,78;0,00%;2,99%;396,161
11/01/2022;-0,29;-0,82;3,62;0,00%;0,59%;581,748
12/01/2022;-2,28;-1,46;2,6;0,00%;3,85%;-305,278
13/01/2022;0;0,2;1,75;0,00%;-6,99%;-1412,961
14/01/2022;-0,48;-1,32;2,02;0,00%;1,74%;-905,45
18/01/2022;-0,15;-0,23;-0,28;0,00%;-1,84%;-209,123
19/01/2022;1,1;-0,08;-0,3;0,00%;-3,44%;-4265,287
20/01/2022;0,12;-0,89;0,5;0,00%;0,06%;-1061,656
21/01/2022;-1,57;0,3;2,41;0,00%;-5,40%;89,363
24/01/2022;0,08;0,18;0,54;0,00%;-1,48%;-1884,985
25/01/2022;-2,08;-1,03;1,37;0,00%;-1,26%;351,667
26/01/2022;-1,01;-0,33;-0,67;0,00%;2,05%;-1172,442
27/01/2022;-1,14;-0,86;-0,23;0,00%;-12,28%;-1430,857
28/01/2022;-2,1;0,28;0,49;0,00%;2,06%;-3665,935
31/01/2022;0,53;1,81;-0,25;0,00%;10,14%;-1789,404
01/02/2022;-1,43;-0,62;2,79;0,00%;-0,59%;-6955,154
02/02/2022;-0,3;-1,08;0,09;0,00%;-2,79%;-1450,437
03/02/2022;-0,79;-1,64;0,79;0,00%;-1,62%;3523,005
04/02/2022;2,45;-0,14;-2,07;0,00%;3,55%;1517,763
07/02/2022;2,34;1,31;-2,86;0,00%;-1,74%;-875,108
08/02/2022;0,87;0,05;0,65;0,00%;1,60%;290,629
09/02/2022;0,48;-1,75;0,72;0,00%;1,08%;-1645,719
10/02/2022;-2,49;-0,05;2,18;0,00%;-2,99%;709,085
11/02/2022;0,89;-0,02;-0,6;0,00%;-5,05%;0
14/02/2022;-0,25;0,53;0,23;0,00%;1,82%;-1344,307
15/02/2022;1,02;0,68;-0,28;0,00%;5,19%;-2458,941
16/02/2022;1,61;0,23;-1,95;0,00%;0,10%;-736,001
17/02/2022;-1,69;-0,15;1,23;0,00%;-5,23%;357,21
18/02/2022;-1,92;0,6;2,13;0,00%;-2,24%;1857,778
22/02/2022;-0,35;0,22;-0,59;0,00%;-4,23%;-5664,442
23/02/2022;1,87;1,32;-1,42;0,00%;-7,25%;4876,709
24/02/2022;-0,02;-0,09;0,31;0,00%;4,69%;1940,137
25/02/2022;-2,28;-0,28;1,1;0,00%;1,13%;-3125,106
28/02/2022;-0,87;-0,09;0,94;0,00%;7,21%;6981,368
01/03/2022;-1,18;-0,49;0,11;0,00%;-0,70%;-1244,549
02/03/2022;-1,96;-0,2;1,26;0,00%;1,78%;-2149,75
03/03/2022;1,89;1,51;-3,86;0,00%;-4,73%;-328,473
04/03/2022;2,23;-0,42;1,22;0,00%;-0,12%;1437,874
07/03/2022;0,05;0,64;-0,5;0,00%;-4,11%;-280,993
08/03/2022;-1,57;-0,1;-0,81;0,00%;2,44%;5391,49
09/03/2022;1,81;0,42;1,34;0,00%;4,11%;-2249,393
10/03/2022;-0,88;-0,57;1,52;0,00%;-2,44%;-4486,631
11/03/2022;-1,1;-0,66;0,68;0,00%;-5,26%;680,81
14/03/2022;-3,12;0,58;0,89;0,00%;-3,71%;-1155,074
15/03/2022;-0,52;1,01;0,32;0,00%;4,53%;-1251,036
16/03/2022;2,8;0,32;-2,09;0,00%;4,67%;915,734
17/03/2022;-0,47;0,11;1,16;0,00%;3,66%;653,158
18/03/2022;-1,49;-0,44;1,79;0,00%;3,81%;3041,687
21/03/2022;-1,06;-1,33;1,77;0,00%;1,73%;3178,792
22/03/2022;2,15;-0,12;-2,39;0,00%;7,61%;-3688,633
23/03/2022;2,61;0,8;-1,83;0,00%;0,52%;1842,689
24/03/2022;1,43;0,29;-1,09;0,00%;1,47%;577,126
25/03/2022;1,33;0,28;-1,85;0,00%;-0,32%;-1238,459
28/03/2022;-0,18;-1,1;1,59;0,00%;7,73%;-724,207
29/03/2022;1,31;0,04;-1,16;0,00%;0,70%;820,551
30/03/2022;-1,26;-0,64;0,38;0,00%;-0,51%;2930,192
31/03/2022;1,42;-0,09;-0,79;0,00%;-1,51%;2017,786
01/04/2022;0,27;-0,59;2,18;0,00%;0,65%;3566,357
04/04/2022;0,73;-0,56;-1,7;0,00%;5,46%;-6273,667
05/04/2022;1,45;1,54;-1,92;0,00%;-4,85%;-821,953
06/04/2022;-0,83;-1,28;0,4;0,00%;-4,26%;-789,215
07/04/2022;-1,55;0,71;-0,44;0,00%;1,09%;200,969
08/04/2022;0,39;0,69;-0,59;0,10%;-3,05%;-2310,05
11/04/2022;0,94;-0,05;-1,88;0,10%;-4,95%;3243,432
12/04/2022;-1,54;-0,97;0,84;0,10%;1,12%;-2968,796
13/04/2022;-1,24;-0,66;1,09;0,10%;3,53%;-526
14/04/2022;0,33;-0,61;-0,13;0,10%;-3,73%;-3302,669
18/04/2022;-0,39;-1;2,24;0,10%;1,94%;3525,306
19/04/2022;-1,53;0,28;1,06;0,10%;2,35%;-3743,502
20/04/2022;-0,29;0,54;0,46;0,10%;-5,08%;22,243
21/04/2022;1,4;0,93;-0,71;0,10%;3,18%;666,898
22/04/2022;-1,28;0,03;1,41;0,10%;-0,37%;1358,044
25/04/2022;-0,21;-0,81;1,8;0,10%;-0,70%;2300,067
26/04/2022;1,77;0,59;-0,95;0,10%;-12,99%;-878,156
27/04/2022;-0,28;0,19;1,26;0,10%;0,58%;-1769,377
28/04/2022;-1,75;-0,72;0,41;0,10%;-0,46%;-3337,594
29/04/2022;-2,74;0,31;-0,16;0,10%;-0,77%;1624,657
02/05/2022;0,71;0,43;-1,84;0,10%;3,63%;2863,875
03/05/2022;-3;-0,67;1,79;0,10%;0,70%;-2921,568
04/05/2022;0,12;-0,61;0,34;0,10%;4,66%;-333,127
05/05/2022;2,44;-0,19;-0,45;0,10%;-8,70%;-364,51
06/05/2022;-3,53;0,75;0,59;0,10%;-0,88%;-144,762
09/05/2022;0,8;0,6;-1,15;0,10%;-9,51%;-1871,506
10/05/2022;0,41;-0,16;1,62;0,10%;1,63%;5315,82
11/05/2022;3;-0,46;0,24;0,10%;-8,61%;-2953,838
12/05/2022;-3,8;-0,79;2,37;0,10%;-0,82%;471,142
13/05/2022;-0,85;-1,31;1,77;0,10%;5,55%;0
16/05/2022;-3,54;-0,5;1,37;0,10%;-6,05%;-722,946
17/05/2022;0,2;-0,23;-1,22;0,10%;5,01%;80,015
18/05/2022;-1,95;-1,11;2,59;0,10%;-7,05%;-1714,228
19/05/2022;0,17;1,29;-1,23;0,10%;-0,06%;1567,144
20/05/2022;2,76;0,89;-2,2;0,10%;-6,63%;1791,908
23/05/2022;-0,6;-0,21;1,34;0,10%;1,65%;116,881
24/05/2022;2,14;0,96;-0,05;0,10%;-7,18%;1646,986
25/05/2022;-4,04;0,21;1,53;0,10%;4,76%;1692,711
26/05/2022;-0,34;0,48;-0,8;0,10%;7,16%;2940,545
27/05/2022;-0,05;-0,11;-0,19;0,10%;7,08%;-2350,554
31/05/2022;1,74;-1,07;1,29;0,10%;-0,18%;892,977
01/06/2022;-1,23;-0,94;1,85;0,10%;-2,39%;1382,793
02/06/2022;1,22;0,78;0,21;0,10%;4,57%;-3708,094
03/06/2022;2,18;0,2;-0,62;0,10%;-9,67%;-1794,543
06/06/2022;2,58;0,37;-1,31;0,10%;1,59%;-225,808
07/06/2022;-0,71;-0,49;0,45;0,10%;0,26%;226,515
08/06/2022;-0,75;0,19;0,79;0,30%;1,24%;1372,028
09/06/2022;2,09;0,85;-2,07;0,30%;-0,90%;-884,31
10/06/2022;-1,63;0,84;0,53;0,30%;-3,17%;-3333,204
13/06/2022;0,33;-0,01;0,65;0,30%;-7,37%;-5712,719
14/06/2022;0,99;0,31;-0,14;0,30%;2,36%;-431,114
15/06/2022;-1,02;-0,09;-0,53;0,30%;5,34%;4240,394
16/06/2022;-2,44;0,31;0,26;0,30%;-8,93%;5894,144
17/06/2022;-3;0,11;0,62;0,30%;1,70%;2585,984
18/06/2023;-3;0,11;0,62;0,30%;0%;0
21/06/2022;-4,13;-0,65;0,62;0,30%;0%;3001,513
22/06/2022;-0,25;0,21;0,12;0,30%;-0,40%;-4350,211
23/06/2022;1,55;0,28;-1,65;0,30%;-0,43%;880,152
24/06/2022;-3,52;-1,17;0,03;0,30%;4,43%;-1625,899
27/06/2022;0,47;1,11;-2,63;0,30%;-0,32%;1734,069
28/06/2022;0,47;1,11;-2,63;0,30%;-5,14%;621,649
29/06/2022;2,38;-0,76;0,24;0,30%;-1,81%;152,281
30/06/2022;-0,18;0,19;-1,77;0,30%;-1,78%;57,071
01/07/2022;1,13;0,8;-3,85;0,30%;1,24%;-339,482
05/07/2022;3,11;-0,37;-0,04;0,30%;2,52%;-152,472
06/07/2022;-0,28;0,56;1,24;0,30%;-0,58%;-3532,135
07/07/2022;-2,1;-0,35;2,36;0,30%;5,38%;2241,858
08/07/2022;-0,2;-0,45;-1,3;0,30%;2,51%;-1944,999
11/07/2022;-0,96;0,41;-0,15;0,30%;-6,77%;-1574,256
12/07/2022;1,15;0,02;0,1;0,40%;-0,54%;-730,043
13/07/2022;0,49;1,81;-3,34;0,40%;1,69%;2360,276
14/07/2022;0,17;-0,74;-0,72;0,40%;0,53%;-1155,955
15/07/2022;1,77;1;-0,97;0,40%;0,74%;94,478
18/07/2022;-0,07;0,11;-0,07;0,40%;0,20%;0
19/07/2022;-1,39;-1,31;1,59;0,40%;2,05%;-897,562
20/07/2022;-0,88;0,73;0,51;0,40%;0,80%;745,752
21/07/2022;-0,39;0,45;-0,38;0,40%;9,33%;375,078
22/07/2022;-0,41;-0,26;-1;0,40%;0,20%;239,247
25/07/2022;1,95;-0,06;0,46;0,40%;-1,41%;1481,359
26/07/2022;-0,71;0,21;1,02;0,40%;-3,63%;1404,189
27/07/2022;2,8;0,9;-0,56;0,40%;5,98%;215,042
28/07/2022;0,89;1,48;-1,32;0,40%;2,19%;-1905,733
29/07/2022;0,97;0,05;-1,6;0,40%;5,62%;-1807,232
01/08/2022;-1,19;-1,09;1,38;0,40%;0,04%;1400,545
02/08/2022;0,11;-0,31;1,68;0,40%;1,11%;-1992,208
03/08/2022;-1,32;0,09;1,06;0,40%;2,24%;-1428,102
04/08/2022;2,72;0,49;-1,26;0,40%;0,40%;165,763
05/08/2022;1,19;0,07;-0,87;0,40%;-6,86%;993,887
08/08/2022;1,44;-0,95;0,45;0,40%;0,78%;1778,037
09/08/2022;-0,19;0,33;-0,26;0,80%;-2,47%;846,633
10/08/2022;-0,49;0,93;-1,4;0,80%;3,82%;-143,942
11/08/2022;1,67;0,77;-1,92;0,80%;-2,66%;2961,17
12/08/2022;-0,06;0,81;-1,64;0,80%;4,57%;1280,517
15/08/2022;-0,05;0,89;-0,06;0,80%;3,05%;-469,868
16/08/2022;0;0,94;-0,08;0,80%;-0,90%;-1029,256
17/08/2022;-0,68;-1,82;2,11;0,80%;-0,84%;-1417,947
18/08/2022;2,36;1,14;-1,6;0,80%;-0,37%;319,99
19/08/2022;-0,07;-0,24;1,64;0,80%;-2,07%;1860,428
22/08/2022;1,76;0,62;-0,74;0,80%;-2,31%;-464,408
23/08/2022;0,38;0,14;-0,63;0,80%;2,23%;185,948
24/08/2022;0,19;-0,35;0,7;0,80%;0,22%;474,146
25/08/2022;-0,93;-1,17;1,04;0,80%;-0,35%;-1509,296
26/08/2022;0,27;0,19;0,46;0,80%;-2,73%;440,295
29/08/2022;-1,5;-1,16;0,97;0,80%;-1,14%;-141,835
30/08/2022;-2,14;-0,17;0,38;0,80%;-2,53%;-2978,991
31/08/2022;-0,11;0,03;0,32;0,80%;-0,76%;-696,796
01/09/2022;0,4;0,65;-0,62;0,80%;0,56%;217,328
02/09/2022;1,45;0,17;-0,01;0,80%;-2,54%;-178,376
06/09/2022;-3,38;-0,55;1,68;0,80%;1,55%;-1804,006
07/09/2022;-0,72;-0,57;0,43;0,80%;3,33%;332,003
08/09/2022;-1,11;-0,24;-0,24;0,80%;1,94%;1431,868
09/09/2022;-0,74;0,28;-0,44;0,80%;3,54%;220,226
12/09/2022;-0,01;-1,11;-0,29;0,90%;1,57%;1219,611
13/09/2022;-0,99;-0,07;1,06;0,90%;-4,12%;-636,776
14/09/2022;-0,51;-0,44;-0,51;0,90%;3,53%;-5975,581
15/09/2022;1,92;0,69;-1,53;0,90%;0,38%;-1341,507
16/09/2022;0,78;-0,08;-0,2;0,90%;-0,13%;4584,296
19/09/2022;1,67;0,52;-0,52;0,90%;1,87%;-559,365
20/09/2022;1,07;0,27;-0,17;0,90%;-0,11%;3262,714
21/09/2022;-4,29;-0,19;1,44;0,90%;-2,60%;-403,245
22/09/2022;0,44;-0,04;-0,28;0,90%;-4,14%;-2585,846
23/09/2022;-1,03;0,34;0,54;0,90%;-4,70%;393,049
26/09/2022;-0,98;-0,84;0,85;0,90%;0,25%;662,202
27/09/2022;0,72;-0,16;0,67;0,90%;2,48%;4223,421
28/09/2022;-1,16;-0,2;0,06;0,90%;1,71%;-1544,197
29/09/2022;-1,68;0,36;0,08;0,90%;-7,05%;2167,46
30/09/2022;-1,14;-1,35;0,42;0,90%;-1,11%;-1287,704
03/10/2022;-1,85;-0,25;-0,8;0,90%;-9,01%;4180,243
04/10/2022;-1,02;0,17;-0,75;0,90%;2,86%;-2694,039
05/10/2022;-0,05;0,64;-0,93;0,90%;-3,52%;-887,77
06/10/2022;2,15;0,91;-0,33;0,90%;-1,12%;-791,802
07/10/2022;-2,17;-0,46;0,87;0,90%;-6,53%;-615,919
10/10/2022;-1,42;0,51;0,27;0,90%;-0,05%;-1923,092
11/10/2022;2,55;-0,27;0,68;1,10%;-2,94%;3673,325
12/10/2022;3,3;0,76;-0,07;1,10%;0,34%;697,687
13/10/2022;-0,22;-0,35;0,06;1,10%;2,04%;-303,128
14/10/2022;-0,86;0,53;0,12;1,10%;-7,85%;2488,244
17/10/2022;-2,91;-0,63;1,68;1,10%;6,77%;1125,437
18/10/2022;-0,81;0,04;0,76;1,10%;0,38%;2182,035
19/10/2022;-0,7;0,55;0,32;1,10%;0,84%;-74,184
20/10/2022;-0,27;0,08;0,02;1,10%;-6,88%;202,647
21/10/2022;2,4;-0,63;1,57;1,10%;3,40%;-1279,475
24/10/2022;-2,46;-0,47;1,2;1,10%;-1,50%;1422,077
25/10/2022;2,74;0,68;-1,43;1,10%;5,15%;5358,201
26/10/2022;1,19;-0,11;0,01;1,10%;1,00%;-2308,939
27/10/2022;-0,87;-1,34;1,21;1,10%;0,20%;4469,252
28/10/2022;-0,8;-0,26;-0,43;1,10%;1,51%;-1120,035
31/10/2022;2,3;-0,17;0,1;1,10%;-0,43%;136,168
01/11/2022;1,03;-0,74;0,44;1,10%;0,12%;4827,088
02/11/2022;1,78;1,36;-1,52;1,10%;-5,80%;-1422,981
03/11/2022;-0,66;0,43;0,89;1,10%;0,15%;-3656,21
04/11/2022;-0,54;0,32;1,06;1,10%;-3,71%;-3246,976
07/11/2022;2,33;-0,04;-0,33;1,10%;-5,14%;-1580,04
08/11/2022;-0,67;0,38;0,75;1,10%;-2,98%;-322,845
09/11/2022;-0,35;0,16;0,78;1,40%;-7,44%;-859,365
10/11/2022;-2,67;-1,21;1,61;1,40%;7,13%;-617,272
11/11/2022;-1,03;0,3;0,31;1,40%;2,72%;4244,172
14/11/2022;1,16;-0,61;1,27;1,40%;-2,60%;2151,586
15/11/2022;0,87;-0,49;0,61;1,40%;1,80%;2962,36
16/11/2022;0,5;-0,48;-0,36;1,40%;-3,93%;-1633,607
17/11/2022;-2,25;-0,64;0,55;1,40%;-2,03%;-2371,518
18/11/2022;5,68;1,63;-3,11;1,40%;-1,64%;965,59
21/11/2022;1,07;0,28;-1,08;1,40%;-7,08%;1603,778
22/11/2022;-0,95;-0,39;0,26;1,40%;1,21%;927,094
23/11/2022;1,03;0,72;-0,7;1,40%;7,53%;-2499,044
25/11/2022;-1,03;-1,22;0,57;1,40%;-0,19%;683,772
28/11/2022;-0,42;-0,52;0,58;1,40%;0,03%;884,649
29/11/2022;0,4;-0,18;0,08;1,40%;-1,15%;-1484,77
30/11/2022;-0,53;-0,35;0,99;1,40%;7,39%;-731,385
01/12/2022;1,35;-0,53;0,43;1,40%;0,00%;-5808,828
02/12/2022;0,63;0,02;-0,94;1,40%;0,08%;1609,033
05/12/2022;-0,02;0,22;0,43;1,40%;-6,58%;-1993,786
06/12/2022;-1,55;-0,4;-0,2;1,40%;-1,45%;-639,442
07/12/2022;-0,18;0,1;1,03;1,40%;-3,27%;-275,754
08/12/2022;3,12;0,35;-2,07;1,40%;-0,35%;1867,762
09/12/2022;-0,02;0,26;-0,69;1,60%;3,18%;2238,601
12/12/2022;-0,08;0,92;-0,55;1,60%;-6,48%;3067,951
13/12/2022;-2,02;-0,59;-0,51;1,60%;-4,18%;3271,126
14/12/2022;-1,51;-0,24;1,16;1,60%;-2,61%;1366,213
15/12/2022;-0,24;-0,13;-0,34;1,60%;0,55%;-279,637
16/12/2022;0,77;0,2;-1,22;1,60%;-4,83%;-5532,328
19/12/2022;-0,8;-0,55;0,36;1,60%;-0,24%;-1438,234
20/12/2022;1,41;-0,32;-0,16;1,60%;-8,40%;-532,135
21/12/2022;0,66;0,19;-0,74;1,60%;-0,17%;1369,812
22/12/2022;-0,56;0,03;-0,43;1,60%;-9,30%;1544,858
23/12/2022;-2,57;-0,39;1,37;1,60%;-1,77%;-570,947
27/12/2022;-1,02;0,53;0,19;1,60%;-12,11%;516,877
28/12/2022;-1,01;-0,79;1,24;1,60%;3,26%;-762,702
29/12/2022;0,13;0,21;0,25;1,60%;7,77%;-2486,684
30/12/2022;1,52;0,12;-0,13;1,60%;1,11%;0
03/01/2023;-1,52;0,09;0,37;1,60%;-13,06%;-2046,07
04/01/2023;0,51;-0,61;1,16;1,60%;5,00%;1790,344
05/01/2023;-0,51;-0,74;1,42;1,60%;-2,95%;-882,769
06/01/2023;-1,23;-0,24;-0,29;1,60%;2,44%;75,882
09/01/2023;1,87;1,27;-1,07;1,60%;5,77%;970,186
10/01/2023;-0,22;0,12;-0,03;1,60%;-0,77%;504,2
11/01/2023;-0,47;0,07;-0,12;1,70%;3,61%;175,747
12/01/2023;0,81;0,54;0,04;1,70%;0,28%;138,449
13/01/2023;-1,14;-0,18;1,21;1,70%;-0,94%;-238,178
17/01/2023;2,21;-0,06;0,04;1,70%;7,16%;677,552
18/01/2023;0,04;0,55;-1,24;1,70%;-2,08%;-338,088
19/01/2023;0,8;0,91;-0,57;1,70%;-1,26%;-822,29
20/01/2023;1,26;0,17;-0,82;1,70%;4,80%;563,511
23/01/2023;0,46;1,45;-0,3;1,70%;7,46%;1227,529
24/01/2023;0,46;0,28;-0,29;1,70%;0,10%;-580,98
25/01/2023;-0,18;0,18;-0,52;1,70%;0,38%;680,68
26/01/2023;-1,54;0,05;-0,7;1,70%;10,41%;-20,017
27/01/2023;-0,86;-0,26;0,84;1,70%;10,44%;283,334
30/01/2023;1,95;0,13;-0,71;1,70%;-6,53%;-710,105
31/01/2023;1,29;0,18;-1,01;1,70%;3,86%;-580,805
01/02/2023;-0,16;-0,23;0,21;1,70%;4,62%;-629,949
02/02/2023;0;-0,04;0,65;1,70%;3,71%;2915,705
03/02/2023;1,08;-0,58;0,02;1,70%;0,90%;-2479,426
06/02/2023;0,36;0,63;-1,15;1,70%;2,49%;-1546,566
07/02/2023;-1,38;-0,11;0,72;1,70%;1,05%;-1209,247
08/02/2023;1,58;0,98;-0,08;1,70%;2,25%;-622,786
09/02/2023;1,19;1,01;-1,67;1,80%;2,95%;-1231,832
10/02/2023;1,54;1,63;-2,07;1,80%;-5,16%;590,227
13/02/2023;-1,08;0,08;0,95;1,80%;-1,15%;-2284,952
14/02/2023;-0,73;-0,81;0,41;1,80%;7,24%;2786,071
15/02/2023;1,24;-0,53;-0,05;1,80%;2,36%;-2641,184
16/02/2023;-1,18;-0,67;0,72;1,80%;-5,86%;-807,161
17/02/2023;-0,95;-0,64;0,2;1,80%;3,06%;326,618
21/02/2023;0,11;-0,7;1,55;1,80%;-5,40%;-732,987
22/02/2023;1,14;0,2;-0,73;1,80%;1,75%;-1157,32
23/02/2023;0,12;0,15;-0,68;1,80%;0,60%;-816,835
24/02/2023;0,51;1,03;-0,9;1,80%;-2,60%;400,606
27/02/2023;-1,37;-0,03;0,97;1,80%;5,32%;-1704,565
28/02/2023;-0,28;0,68;-0,15;1,80%;-0,93%;-516,976
01/03/2023;-2,16;-1,25;0,91;1,80%;-1,44%;277,556
02/03/2023;-0,04;0,55;-0,43;1,80%;-6,03%;-3611,182
03/03/2023;0,46;0,22;-0,24;1,80%;3,55%;-3241,314
06/03/2023;-1,09;-0,52;1,25;1,80%;-2,03%;4445,515
07/03/2023;0,31;0,16;-0,29;1,80%;-3,20%;2325,46
08/03/2023;-0,26;0,62;-0,71;1,80%;-3,09%;278,783
09/03/2023;-0,42;0,21;0,62;1,60%;-5,12%;-2093,99
10/03/2023;0,67;-0,34;-0,41;1,60%;0,30%;215,371
13/03/2023;1,61;0;-0,52;1,60%;0,60%;-5113,061
14/03/2023;-0,13;-1,65;-0,09;1,60%;4,91%;809,055
15/03/2023;-1,45;0,74;-0,66;1,60%;-1,55%;-1821,907
16/03/2023;0,08;0,19;-0,39;1,60%;2,02%;2140,032
17/03/2023;-2,02;-0,63;-0,66;1,60%;-2,20%;7325,322
20/03/2023;-1,68;-1,47;0,8;1,60%;1,72%;6085,843
21/03/2023;-0,34;-0,62;-3,52;1,60%;7,53%;610,082
22/03/2023;1,71;0,12;-0,4;1,60%;-3,31%;-1774,389
23/03/2023;-0,79;-0,08;-1,81;1,60%;0,56%;-647,139
24/03/2023;1,76;0,18;-0,19;1,60%;-0,95%;-4602,884
27/03/2023;-1,21;-0,81;-1,55;1,60%;0,73%;-1266,001
28/03/2023;0,84;-0,62;0,75;1,60%;-1,38%;4378,849
29/03/2023;1,49;0,45;0,67;1,60%;2,45%;-1384,814
30/03/2023;-1,74;-0,8;-0,47;1,60%;0,72%;-1705,488
31/03/2023;0,21;-0,17;-1,55;1,60%;6,05%;1856,731
03/04/2023;0,46;0,11;0,72;1,60%;-6,31%;-2845,865
04/04/2023;0,27;0,22;1,01;1,60%;-1,13%;1068,571
05/04/2023;-0,17;-0,17;0,75;1,60%;-3,74%;-1941,057
06/04/2023;1,39;-0,3;-0,54;1,60%;-0,25%;163,07
10/04/2023;0,5;-0,54;-0,58;1,60%;-0,30%;-1104,879
11/04/2023;1,53;0,69;-0,77;1,60%;1,23%;266,26
12/04/2023;0,28;-0,47;0,78;1,80%;-3,40%;1966,14
13/04/2023;-0,72;-0,97;-0,72;1,80%;2,93%;2631,135
14/04/2023;-0,4;-1,4;1,4;1,80%;-0,49%;1694,928
17/04/2023;0,34;0,06;-0,53;1,80%;1,10%;-82,508
18/04/2023;0,2;0,79;0,27;1,80%;-1,47%;-972,688
19/04/2023;0,06;0,47;0,58;1,80%;-2,04%;-932,091
20/04/2023;-0,51;-0,54;0,37;1,80%;-10,25%;-787,029
21/04/2023;1,39;0,36;-1,17;1,80%;1,27%;658,891
24/04/2023;-0,23;-0,95;0,2;1,80%;-1,54%;844,974
25/04/2023;0,33;0,79;-0,2;1,80%;-1,16%;3135,244
26/04/2023;0,04;-0,43;-0,3;1,80%;-4,40%;1157,196
27/04/2023;-0,04;0,28;0,4;1,80%;4,10%;-1415,671
28/04/2023;-0,61;0,09;-0,26;1,80%;2,54%;-3897,086
01/05/2023;0,08;0,26;-0,91;1,80%;-1,52%;-2702,897
02/05/2023;0;-0,4;0,47;1,80%;-0,94%;2182,227
03/05/2023;-1,76;-0,99;0,11;1,80%;0,19%;-2239,161
04/05/2023;-0,41;0,14;-0,75;1,80%;0,37%;367,194
05/05/2023;1,85;-0,56;0,01;1,80%;5,35%;1701,398
08/05/2023;0,77;0,15;0,17;1,80%;1,01%;2929,385
09/05/2023;-0,02;0,3;-0,78;1,60%;-1,55%;887,481
10/05/2023;-1,28;-0,53;-1,39;1,60%;-0,36%;-1479,32
11/05/2023;-0,56;1,06;-1,02;1,60%;2,08%;2910,046
12/05/2023;-0,78;-0,29;-0,99;1,60%;-2,41%;-144,256
15/05/2023;1,9;0,4;0,6;1,60%;-0,98%;-226,379
16/05/2023;0,08;-0,31;-0,27;1,60%;0,10%;578,016
17/05/2023;-0,43;0,11;-0,05;1,60%;4,31%;-635,905
18/05/2023;0,43;0,45;-1,31;1,60%;1,73%;-1681,611
19/05/2023;-0,21;-0,48;-0,08;1,60%;1,82%;3688,964
22/05/2023;-0,22;-0,19;0,35;1,60%;4,73%;2846,5
23/05/2023;0,47;0,84;0,01;1,60%;-1,66%;-1256,145
24/05/2023;-0,72;-0,33;-0,46;1,60%;-1,56%;-1428,419
25/05/2023;1,32;0,87;1,18;1,60%;0,86%;637,08
26/05/2023;0,99;-0,08;-0,38;1,60%;4,61%;4332,814
30/05/2023;-0,26;-0,45;-0,3;1,60%;4,05%;378,042
31/05/2023;0,17;1,26;-0,22;1,60%;1,37%;-126,024
01/06/2023;-1,09;0,39;1,05;1,60%;1,75%;4009,015
02/06/2023;-0,72;-0,32;-0,19;1,60%;3,06%;-316,339
05/06/2023;0,64;-0,71;-1,08;1,60%;1,69%;-2075,403
06/06/2023;1,32;0,04;-0,87;1,60%;1,69%;-2583,771
07/06/2023;-0,01;-0,15;-0,41;1,60%;1,46%;-256,849
08/06/2023;-0,6;-0,1;-1,12;1,60%;4,48%;4456,563
09/06/2023;1,01;0,14;-0,07;1,90%;3,98%;-708,089
12/06/2023;1,62;1,55;1,63;1,90%;2,20%;837,808
13/06/2023;-0,26;-1;-0,73;1,90%;3,49%;-2666,871
14/06/2023;0,47;2,12;1,32;1,90%;-0,75%;261,99
15/06/2023;-0,36;1,34;2,24;1,90%;-0,35%;-4808,181
16/06/2023;0,59;-0,49;-1,15;1,90%;1,80%;-1703,584
17/06/2024;0,59;-0,49;-1,15;1,90%;0,00%;0
20/06/2023;0,03;-0,71;-0,4;1,90%;5,20%;-702,776
21/06/2023;0,94;0,04;-1,4;1,90%;-5,62%;2732,229
22/06/2023;0,74;0,57;0,07;1,90%;1,97%;3305,168
23/06/2023;-0,04;-0,89;-0,92;1,90%;-3,07%;-4801,96
26/06/2023;1,22;-0,35;0,06;1,90%;-6,25%;4267,015
27/06/2023;-0,45;-0,55;0,21;1,90%;3,73%;1358,477
28/06/2023;-0,45;-0,55;0,21;1,90%;2,38%;850,593
29/06/2023;-0,48;0,43;-0,66;1,90%;0,49%;654,071
30/06/2023;-0,56;0,03;0,54;1,90%;1,65%;2496,883
03/07/2023;0,32;-0,67;-1,23;1,90%;6,67%;776,014
05/07/2023;-0,84;-0,63;0,07;1,90%;0,95%;1154,332
06/07/2023;-0,48;-0,32;1,3;1,90%;-2,13%;-5229,201
07/07/2023;1,21;0,47;-0,52;1,90%;-0,77%;1494,896
10/07/2023;0,04;0,54;-0,42;1,90%;-1,77%;1666,25
11/07/2023;0,44;0,52;0,76;1,90%;0,07%;1846,078
12/07/2023;1,14;-0,63;-0,77;1,90%;0,81%;-2389,56
13/07/2023;0,15;0;1,08;2,20%;2,15%;3499,504
14/07/2023;-0,29;-0,95;-0,26;2,20%;1,24%;-2225,603
17/07/2023;-0,95;-0,51;-0,68;2,20%;3,15%;-6198,496
18/07/2023;-0,12;1,06;1,25;2,20%;1,01%;-811,616
19/07/2023;0,37;1,29;-0,01;2,20%;-0,71%;-158,937
20/07/2023;0,75;0,04;0,49;2,20%;-10,24%;-728,288
21/07/2023;0,74;0,3;0,43;2,20%;-1,10%;3707,634
24/07/2023;0,9;0,05;-0,1;2,20%;3,42%;180,917
25/07/2023;-0,25;-0,3;-1,51;2,20%;-1,42%;-3519,451
26/07/2023;0,49;0,76;-0,27;2,20%;-0,35%;728,65
27/07/2023;0,78;0,22;1,09;2,20%;-3,32%;1411,564
28/07/2023;0,25;-0,07;1,32;2,20%;4,11%;1741,939
31/07/2023;-0,81;-0,58;0,65;2,20%;0,37%;-936,763
01/08/2023;-0,05;-0,33;-0,37;2,20%;-2,41%;1807,676
02/08/2023;0,31;-0,27;0,78;2,20%;-2,70%;-3195,022
03/08/2023;0,25;-0,04;-0,79;2,20%;2,03%;-22,506
04/08/2023;0,02;0,68;1,02;2,20%;-2,13%;-2940,964
07/08/2023;-0,75;-0,91;0,26;2,20%;-0,95%;-1429,303
08/08/2023;1,14;0,54;-0,32;2,20%;-0,70%;-991,523
09/08/2023;0,26;1,08;-0,09;2,20%;-3,05%;605,874
10/08/2023;-0,35;-0,16;0,31;2,00%;1,29%;4011,096
11/08/2023;-1,49;-0,18;0,59;2,00%;-1,10%;178,337
14/08/2023;-0,2;-0,05;0,08;2,00%;-1,20%;-690,414
15/08/2023;-0,49;0,04;0,77;2,00%;-2,88%;-1164,833
16/08/2023;0,77;-1,15;0,57;2,00%;-3,21%;-819,388
17/08/2023;-0,47;0,05;0,12;2,00%;-2,87%;-2396,046
18/08/2023;-0,78;-0,08;-0,04;2,00%;-1,72%;65,451
21/08/2023;0,01;-0,32;-0,67;2,00%;7,07%;-2748,701
22/08/2023;-0,11;0,13;0,47;2,00%;0,82%;-1405,773
23/08/2023;0,51;-0,65;-0,79;2,00%;1,56%;-394,281
24/08/2023;-1,18;0,24;-1,04;2,00%;-2,92%;-1173,752
25/08/2023;-0,81;-0,41;-0,14;2,00%;3,65%;830,28
28/08/2023;-0,87;-0,33;0,5;2,00%;0,10%;2067,851
29/08/2023;0,04;0,41;-0,22;2,00%;7,41%;-1416,71
30/08/2023;0,64;-0,69;-0,58;2,00%;-0,11%;-808,457
31/08/2023;-0,32;0,23;-1,05;2,00%;0,46%;-360,747
01/09/2023;1,08;-0,1;-0,11;2,00%;-5,20%;3017,137
05/09/2023;-1,43;-0,2;0,62;2,00%;4,58%;-1714,357
06/09/2023;0,65;-0,07;-0,58;2,00%;-1,80%;-943,484
07/09/2023;0,63;-0,01;0,41;2,00%;-0,17%;1740,043
08/09/2023;1,5;0,01;-0,11;2,00%;-1,20%;2335,171
11/09/2023;0,41;0,24;-0,45;2,00%;9,62%;2405,464
12/09/2023;-0,08;-0,21;0,21;2,00%;-2,26%;-1233,213
13/09/2023;0,26;0,66;0,59;2,10%;1,42%;-1694,461
14/09/2023;-0,54;-1,37;-0,85;2,10%;1,73%;-334,849
15/09/2023;-0,71;0;-0,18;2,10%;-0,60%;-1531,16
18/09/2023;-0,4;-0,63;0,03;2,10%;-3,38%;1196,95
19/09/2023;0,12;-0,62;0,39;2,10%;0,46%;2573,114
20/09/2023;0,66;-0,26;-0,53;2,10%;-1,48%;-1173,114
21/09/2023;-0,59;-0,25;1,02;2,10%;-2,66%;-2192,766
22/09/2023;0,03;-0,79;-0,22;2,10%;-4,32%;3515,702
25/09/2023;0,84;0,22;0,86;2,10%;0,86%;7144,447
26/09/2023;-1,21;0,15;0,25;2,10%;-1,17%;367,307
27/09/2023;-0,04;-0,81;-0,19;2,10%;-1,49%;2107,634
28/09/2023;-0,27;-0,12;-0,01;2,10%;2,42%;-3449,71
29/09/2023;-0,95;-0,1;0,27;2,10%;1,55%;-2699,27
02/10/2023;-1,69;0,19;0,38;2,10%;0,55%;3012,508
03/10/2023;-0,25;0,02;-0,5;2,10%;-2,04%;-1175,188
04/10/2023;0,39;-0,11;0,35;2,10%;5,77%;-2149,648
05/10/2023;-1,46;0,39;-0,5;2,10%;-0,43%;-2273,303
06/10/2023;0,13;0,69;0,12;2,10%;0,18%;-2398,072
09/10/2023;0,65;0,16;0,03;2,10%;-0,33%;472,471
10/10/2023;-0,27;-0,03;0,3;2,10%;1,51%;-3825,17
11/10/2023;-0,14;-0,92;-1,05;2,10%;-0,24%;2367,915
12/10/2023;-1,5;-0,33;-0,14;2,10%;-1,58%;-349,091
13/10/2023;0,77;-0,28;-0,39;2,10%;-3,04%;-1040,849
16/10/2023;-0,15;0,31;0,08;2,10%;1,11%;474,666
17/10/2023;1,21;-0,29;-0,55;2,10%;0,37%;654,142
18/10/2023;0,58;-0,32;0,26;2,10%;-4,89%;414,247
19/10/2023;0,61;0,15;0,64;2,10%;-9,76%;-150,574
20/10/2023;0,32;-0,67;0,39;2,10%;-3,76%;277,291
23/10/2023;-0,81;-1,47;0,12;2,10%;0,04%;674
24/10/2023;-0,59;-0,47;0,06;2,10%;2,07%;778
25/10/2023;1,14;0,61;-0,09;2,10%;-1,91%;-1969,74
26/10/2023;0,09;0,88;0,7;2,10%;-3,19%;1127,341
27/10/2023;-1,47;-0,63;-0,17;2,10%;0,75%;2021,76
30/10/2023;-0,92;-0,5;-0,22;2,10%;-4,91%;-554,352
31/10/2023;-1,32;0,06;-0,15;2,10%;1,75%;4737,759
01/11/2023;-0,23;-0,26;-0,78;2,10%;2,37%;41,831
02/11/2023;0,71;0,25;-0,58;2,10%;6,06%;-3825,415
03/11/2023;-1,58;-0,3;0,84;2,10%;0,66%;-1765,808
06/11/2023;-1,15;0,85;1,66;2,10%;-0,31%;2956,242
07/11/2023;-0,53;-0,35;-0,57;2,10%;1,32%;1219,444
08/11/2023;1,15;-0,39;0,28;2,10%;-0,03%;109,19
09/11/2023;0,63;0,05;-0,08;2,10%;-5,62%;-2054,922
10/11/2023;0,93;-0,63;-0,03;2,10%;2,20%;2667,691
13/11/2023;1,95;0,48;1,64;2,10%;4,13%;1828,486
14/11/2023;1,1;1,61;0,59;2,10%;5,94%;-1276,748
15/11/2023;0,01;-1,06;-0,65;2,10%;2,26%;-246,803
16/11/2023;0,35;-0,02;-1,21;2,10%;-3,88%;1753,167
17/11/2023;-0,04;-0,82;-0,44;2,10%;0,30%;3691,395
20/11/2023;-0,89;-1,08;0,49;2,10%;0,55%;-4530,065
21/11/2023;1,49;-0,57;-0,44;2,10%;2,35%;-181,649
22/11/2023;-0,05;0,15;-0,27;2,10%;-2,94%;815,789
24/11/2023;2,18;2,99;1,18;2,10%;0,53%;-250,29
27/11/2023;0,18;-0,04;0,49;2,10%;0,27%;-1457,126
28/11/2023;-0,11;-1,4;-0,31;2,10%;4,41%;2272,355
29/11/2023;0,25;0,99;0,62;2,10%;-1,05%;3116,174
30/11/2023;0,73;0;-0,28;2,10%;-1,68%;2000,081
01/12/2023;-0,32;-0,79;-0,61;2,10%;-0,52%;-616,157
04/12/2023;0,42;0,21;-0,05;2,10%;-1,37%;2984,283
05/12/2023;0,11;0,59;0,19;2,10%;1,32%;-1758,083
06/12/2023;-0,23;-0,11;-0,08;2,10%;0,27%;4244,561
07/12/2023;0,06;-0,29;0,05;2,10%;1,36%;2500,507
08/12/2023;0,02;0,44;0,69;2,10%;0,49%;-3231,161
11/12/2023;0,35;-0,45;0,02;2,10%;-1,70%;598,26
12/12/2023;0,82;2,05;1,06;2,10%;-1,15%;-1640,103
13/12/2023;-0,44;1,41;0,5;2,10%;0,96%;-2715,196
14/12/2023;-0,21;-0,83;-0,83;2,10%;4,80%;4963,335
15/12/2023;-0,39;0,3;0,31;2,10%;0,97%;2736,482
18/12/2023;0,81;0,05;0,47;2,10%;-0,56%;20839,557
19/12/2023;0,44;0,02;0,53;2,10%;2,02%;10219,261
20/12/2023;0,34;-0,39;-0,12;2,10%;-4,00%;664,761
21/12/2023;0,34;-0,43;-0,88;2,10%;2,94%;1216,561
22/12/2023;1,55;1,72;1,35;2,10%;-0,77%;898,186
26/12/2023;0,51;1,12;2,05;2,10%;1,60%;-5445,375
27/12/2023;-0,06;-0,4;-0,57;2,10%;1,87%;1069,912
28/12/2023;0,42;-0,38;-0,38;2,10%;-3,21%;738,163
